PUBLICATION_DATE,UID,UNIQUE_ID,SITE_ID,VISIT_NO,DATE_COL,ACTUAL_DATE,PSTL_CODE,WTBDY_TYPE,NCCA_REG,GREAT_LAKE,LAB,SAMPLE_TYPE,MATRIX,ANALYTE,SAM_CODE,CAS_NO,BATCH_ID,SAMPLE_ID,LAB_SAMPLE_ID,RESULT,RESULT_UNITS,MDL,RL,HOLDING_TIME,DILUTION,ARRIVAL_TEMP,CONDITION_CODE,DATE_ANALYZED,METHOD,INSTRUMENT,CONDITION_COMMENT,FROM_FTIS,NAME_SCI,LENGTH_1,LENGTH_2,WEIGHT_1,WEIGHT_2,NARS_FLAG,NARS_COMMENT
3/18/2026,2011570,NCA_TX-10377,NCA20_TX-10054,1,6/1/2020,,TX,MARINE,Gulf,,PHYSIS,FPLG,TISSUE,HG,REGULAR,7439-97-6,E-21012,148672,75421-R1,11.5,ng/wet g,0.01,0.02,87,1,-56,OK,8/27/2020,EPA 245.7,Leeman Hydra AF Gold+,,Y,Micropogonias undulatus,250,240,200,170,Q,Measured results for Blank Laboratory Control Solution Spike in this batch are questionable. All other QC samples are within range.
3/18/2026,2011576,NGL_MI-10002,NGL20_MI-10131,1,6/2/2020,,MI,GREAT_LAKES,Great Lakes,Lake Superior,PHYSIS,FPLG,TISSUE,HG,REGULAR,7439-97-6,E-21012,154972,75419-R1,190,ng/wet g,0.01,0.02,86,1,-56,OK,8/27/2020,EPA 245.7,Leeman Hydra AF Gold+,,N,Lota lota,434,,540,,Q,Measured results for Blank Laboratory Control Solution Spike in this batch are questionable. All other QC samples are within range.
3/18/2026,2011578,NCA_TX-10360,NCA20_TX-10040,1,6/3/2020,,TX,MARINE,Gulf,,PHYSIS,FPLG,TISSUE,HG,REGULAR,7439-97-6,E-21012,148792,75423-R1,17.5,ng/wet g,0.01,0.02,85,1,-56,OK,8/27/2020,EPA 245.7,Leeman Hydra AF Gold+,,N,Micropogonias undulatus,164,161,80,40,Q,Exclude from analysis. Longest fish less than 190 mm;Measured results for Blank Laboratory Control Solution Spike in this batch are questionable. All other QC samples are within range.
3/18/2026,2011580,NGL_MI-10552,NGL20_MI-10151,1,6/3/2020,,MI,GREAT_LAKES,Great Lakes,Lake Superior,PHYSIS,FPLG,TISSUE,HG,REGULAR,7439-97-6,E-21012,154992,75420-R1,84.5,ng/wet g,0.01,0.02,85,1,-56,OK,8/27/2020,EPA 245.7,Leeman Hydra AF Gold+,,Y,Catostomus catostomus,448,,900,,Q,Measured results for Blank Laboratory Control Solution Spike in this batch are questionable. All other QC samples are within range.
3/18/2026,2011575,NCA_TX-10226,NCA20_TX-10015,1,6/2/2020,,TX,MARINE,Gulf,,PHYSIS,FPLG,TISSUE,HG,REGULAR,7439-97-6,E-21012,148652,75422-R1,18,ng/wet g,0.01,0.02,86,1,-56,OK,8/27/2020,EPA 245.7,Leeman Hydra AF Gold+,,N,Micropogonias undulatus,175,132,80,30,Q,Exclude from analysis. Longest fish less than 190 mm;Measured results for Blank Laboratory Control Solution Spike in this batch are questionable. All other QC samples are within range.
3/18/2026,2011577,NGL_IN-10018,NPA20-07,1,6/2/2020,,IN,GREAT_LAKES,Great Lakes,Lake Michigan,PHYSIS,FPLG,TISSUE,HG,REGULAR,7439-97-6,E-21012,154832,75426-R1,46.5,ng/wet g,0.01,0.02,86,1,-56,OK,8/27/2020,EPA 245.7,Leeman Hydra AF Gold+,,Y,Perca flavescens,207,207,100,100,Q,Measured results for Blank Laboratory Control Solution Spike in this batch are questionable. All other QC samples are within range.
3/18/2026,2011589,NCA_TX-10349,NCA20_TX-10060,1,6/4/2020,,TX,MARINE,Gulf,,PHYSIS,FPLG,TISSUE,HG,REGULAR,7439-97-6,E-21012,148732,75425-R1,107,ng/wet g,0.01,0.02,84,1,-56,OK,8/27/2020,EPA 245.7,Leeman Hydra AF Gold+,,Y,Bagre marinus,440,450,720,730,Q,Measured results for Blank Laboratory Control Solution Spike in this batch are questionable. All other QC samples are within range.
3/18/2026,2011598,NGL_IN-10016,NPA20-03,1,6/4/2020,,IN,GREAT_LAKES,Great Lakes,Lake Michigan,PHYSIS,FPLG,TISSUE,HG,REGULAR,7439-97-6,E-24026,154892,81801-R1,66.1,ng/wet g,0.01,0.02,340,1,-27,OK,5/10/2021,EPA 245.7,Leeman Hydra AF Gold+,,Y,Aplodinotus grunniens,387,,720,,,
3/18/2026,2011587,NCA_TX-10367,NCA20_TX-10043,1,6/4/2020,,TX,MARINE,Gulf,,PHYSIS,FPLG,TISSUE,HG,REGULAR,7439-97-6,E-21012,149472,75424-R1,154,ng/wet g,0.01,0.02,84,1,-56,OK,8/27/2020,EPA 245.7,Leeman Hydra AF Gold+,,N,Bagre marinus,355,550,370,1420,Q,Measured results for Blank Laboratory Control Solution Spike in this batch are questionable. All other QC samples are within range.
3/18/2026,2011596,NGL_MI-10001,NGL20_MI-10130,1,6/5/2020,,MI,GREAT_LAKES,Great Lakes,Lake Superior,PHYSIS,FPLG,TISSUE,HG,REGULAR,7439-97-6,E-21012,154652,75428-R1,40.8,ng/wet g,0.01,0.02,83,1,-56,OK,8/27/2020,EPA 245.7,Leeman Hydra AF Gold+,,Y,Prosopium cylindraceum,321,328,220,200,Q,Measured results for Blank Laboratory Control Solution Spike in this batch are questionable. All other QC samples are within range.
3/18/2026,2011600,NCA_MS-10177,NCA20_MS-10011,1,6/5/2020,,MS,MARINE,Gulf,,PHYSIS,FPLG,TISSUE,HG,REGULAR,7439-97-6,E-21013,148152,75431-R1,47.3,ng/wet g,0.01,0.02,83,1,-56,OK,8/27/2020,EPA 245.7,Leeman Hydra AF Gold+,,Y,Ariopsis felis,240,230,113,113,Q,Measured results for Blank Laboratory Control Solution Spike in this batch are questionable. All other QC samples are within range.
3/18/2026,2011599,NGL_IN-10020,NPA20-11,1,6/4/2020,,IN,GREAT_LAKES,Great Lakes,Lake Michigan,PHYSIS,FPLG,TISSUE,HG,REGULAR,7439-97-6,E-24026,154812,81802-R1,47.7,ng/wet g,0.01,0.02,340,1,-27,OK,5/10/2021,EPA 245.7,Leeman Hydra AF Gold+,,N,Perca flavescens,217,221,140,140,,
3/18/2026,2011601,NCA_MS-10171,NCA20_MS-10036,1,6/4/2020,,MS,MARINE,Gulf,,PHYSIS,FPLG,TISSUE,HG,REGULAR,7439-97-6,E-21013,161392,75432-R1,45.4,ng/wet g,0.01,0.02,84,1,-56,OK,8/27/2020,EPA 245.7,Leeman Hydra AF Gold+,,N,Ariopsis felis,285,255,200,180,Q,Measured results for Blank Laboratory Control Solution Spike in this batch are questionable. All other QC samples are within range.
3/18/2026,2011617,NGL_IN-10017,NPA20-04,1,6/8/2020,,IN,GREAT_LAKES,Great Lakes,Lake Michigan,PHYSIS,FPLG,TISSUE,HG,REGULAR,7439-97-6,E-21014,154772,75446-R1,79.2,ng/wet g,0.01,0.02,80,1,-56,OK,8/27/2020,EPA 245.7,Leeman Hydra AF Gold+,,Y,Perca flavescens,212,226,100,100,Q,Measured results for Blank Laboratory Control Solution Spike in this batch are questionable. All other QC samples are within range.
3/18/2026,2011619,NGL_IN-10021,NPA20-12,1,6/8/2020,,IN,GREAT_LAKES,Great Lakes,Lake Michigan,PHYSIS,FPLG,TISSUE,HG,REGULAR,7439-97-6,E-21013,154732,75433-R1,372,ng/wet g,0.01,0.02,80,1,-56,OK,8/27/2020,EPA 245.7,Leeman Hydra AF Gold+,,Y,Perca flavescens,312,,460,,Q,Measured results for Blank Laboratory Control Solution Spike in this batch are questionable. All other QC samples are within range.
3/18/2026,2011620,NGL_IN-10019,NPA20-08,1,6/7/2020,,IN,GREAT_LAKES,Great Lakes,Lake Michigan,PHYSIS,FPLG,TISSUE,HG,REGULAR,7439-97-6,E-21012,154952,75427-R1,290,ng/wet g,0.01,0.02,81,1,-56,OK,8/27/2020,EPA 245.7,Leeman Hydra AF Gold+,,Y,Perca flavescens,310,292,400,380,Q,Measured results for Blank Laboratory Control Solution Spike in this batch are questionable. All other QC samples are within range.
3/18/2026,2011625,NCA_TX-10348,NCA20_TX-10059,1,6/9/2020,,TX,MARINE,Gulf,,PHYSIS,FPLG,TISSUE,HG,REGULAR,7439-97-6,E-21013,149392,75434-R1,27,ng/wet g,0.01,0.02,79,1,-56,OK,8/27/2020,EPA 245.7,Leeman Hydra AF Gold+,,N,Cynoscion arenarius,230,,130,,Q,Measured results for Blank Laboratory Control Solution Spike in this batch are questionable. All other QC samples are within range.
3/18/2026,2011629,NGL_MI-10553,NGL20_MI-10152,1,6/8/2020,,MI,GREAT_LAKES,Great Lakes,Lake Superior,PHYSIS,FPLG,TISSUE,HG,REGULAR,7439-97-6,E-21013,154532,75429-R1,149,ng/wet g,0.01,0.02,80,1,-56,OK,8/27/2020,EPA 245.7,Leeman Hydra AF Gold+,,Y,Salvelinus namaycush,572,566,1720,1420,Q,Measured results for Blank Laboratory Control Solution Spike in this batch are questionable. All other QC samples are within range.
3/18/2026,2011630,NGL_MI-10017,NGL20_MI-10145,1,6/8/2020,,MI,GREAT_LAKES,Great Lakes,Lake Superior,PHYSIS,FPLG,TISSUE,HG,REGULAR,7439-97-6,E-21013,154552,75430-R1,63.5,ng/wet g,0.01,0.02,80,1,-56,OK,8/27/2020,EPA 245.7,Leeman Hydra AF Gold+,,Y,Salvelinus namaycush,367,331,460,280,Q,Measured results for Blank Laboratory Control Solution Spike in this batch are questionable. All other QC samples are within range.
3/18/2026,2011634,NCA_FL-10246,NCA20_FL-10023,1,6/10/2020,,FL,MARINE,Gulf,,PHYSIS,FPLG,TISSUE,HG,REGULAR,7439-97-6,E-21014,149072,75450-R1,203,ng/wet g,0.01,0.02,78,1,-56,OK,8/27/2020,EPA 245.7,Leeman Hydra AF Gold+,,Y,Ariopsis felis,352,392,460,620,Q,Measured results for Blank Laboratory Control Solution Spike in this batch are questionable. All other QC samples are within range.
3/18/2026,2011628,NCA_TX-10290,NCA20_TX-10055,1,6/9/2020,,TX,MARINE,Gulf,,PHYSIS,FPLG,TISSUE,HG,REGULAR,7439-97-6,E-21013,149372,75435-R1,31.3,ng/wet g,0.01,0.02,79,1,-56,OK,8/27/2020,EPA 245.7,Leeman Hydra AF Gold+,,Y,Micropogonias undulatus,192,,130,,Q,Measured results for Blank Laboratory Control Solution Spike in this batch are questionable. All other QC samples are within range.
3/18/2026,2011633,NCA_TX-10374,NCA20_TX-10050,1,6/10/2020,,TX,MARINE,Gulf,,PHYSIS,FPLG,TISSUE,HG,REGULAR,7439-97-6,E-21013,149432,75436-R1,57.8,ng/wet g,0.01,0.02,78,1,-56,OK,8/27/2020,EPA 245.7,Leeman Hydra AF Gold+,,Y,Ariopsis felis,271,305,160,240,Q,Measured results for Blank Laboratory Control Solution Spike in this batch are questionable. All other QC samples are within range.
3/18/2026,2011635,NCA_TX-10225,NCA20_TX-10014,1,6/10/2020,,TX,MARINE,Gulf,,PHYSIS,FPLG,TISSUE,HG,REGULAR,7439-97-6,E-21013,148712,75437-R1,232,ng/wet g,0.01,0.02,78,1,-56,OK,8/27/2020,EPA 245.7,Leeman Hydra AF Gold+,,Y,Bagre marinus,592,,1980,,Q,Measured results for Blank Laboratory Control Solution Spike in this batch are questionable. All other QC samples are within range.
3/18/2026,2011637,NCA_TX-10368,NCA20_TX-10044,1,6/11/2020,,TX,MARINE,Gulf,,PHYSIS,FPLG,TISSUE,HG,REGULAR,7439-97-6,E-21014,148772,75448-R1,66.2,ng/wet g,0.01,0.02,77,1,-56,OK,8/27/2020,EPA 245.7,Leeman Hydra AF Gold+,,Y,Ariopsis felis,212,221,70,100,Q,Measured results for Blank Laboratory Control Solution Spike in this batch are questionable. All other QC samples are within range.
3/18/2026,2011638,NCA_TX-10375,NCA20_TX-10051,1,6/11/2020,,TX,MARINE,Gulf,,PHYSIS,FPLG,TISSUE,HG,REGULAR,7439-97-6,E-21014,149552,75447-R1,105,ng/wet g,0.01,0.02,77,1,-56,OK,8/27/2020,EPA 245.7,Leeman Hydra AF Gold+,,Y,Ariopsis felis,209,,70,,Q,Measured results for Blank Laboratory Control Solution Spike in this batch are questionable. All other QC samples are within range.
3/18/2026,2011640,NGL_WI-10010,NGL20_WI-10002,1,6/11/2020,,WI,GREAT_LAKES,Great Lakes,Lake Michigan,PHYSIS,FPLG,TISSUE,HG,REGULAR,7439-97-6,E-21013,154912,75438-R1,124,ng/wet g,0.01,0.02,77,1,-56,OK,8/27/2020,EPA 245.7,Leeman Hydra AF Gold+,,Y,Perca flavescens,223,218,100,100,Q,Measured results for Blank Laboratory Control Solution Spike in this batch are questionable. All other QC samples are within range.
3/18/2026,2011643,NGL_WI-10013,NGL20_WI-10003,1,6/12/2020,,WI,GREAT_LAKES,Great Lakes,Lake Michigan,PHYSIS,FPLG,TISSUE,HG,REGULAR,7439-97-6,E-21014,154752,75449-R1,80.8,ng/wet g,0.01,0.02,76,1,-56,OK,8/27/2020,EPA 245.7,Leeman Hydra AF Gold+,,Y,Prosopium cylindraceum,430,,570,,Q,Measured results for Blank Laboratory Control Solution Spike in this batch are questionable. All other QC samples are within range.
3/18/2026,2011644,NGL_WI-10101,NGL20_WI-10007,1,6/12/2020,,WI,GREAT_LAKES,Great Lakes,Lake Michigan,PHYSIS,FPLG,TISSUE,HG,REGULAR,7439-97-6,E-21014,154932,75443-R1,71.9,ng/wet g,0.01,0.02,76,1,-56,OK,8/27/2020,EPA 245.7,Leeman Hydra AF Gold+,,Y,Prosopium cylindraceum,430,,540,,Q,Measured results for Blank Laboratory Control Solution Spike in this batch are questionable. All other QC samples are within range.
3/18/2026,2011645,NCA_MS-10173,NCA20_MS-10006,1,6/11/2020,,MS,MARINE,Gulf,,PHYSIS,FPLG,TISSUE,HG,REGULAR,7439-97-6,E-21014,161412,75444-R1,71.9,ng/wet g,0.01,0.02,77,1,-56,OK,8/27/2020,EPA 245.7,Leeman Hydra AF Gold+,,Y,Bagre marinus,364,330,368.5,255,Q,Measured results for Blank Laboratory Control Solution Spike in this batch are questionable. All other QC samples are within range.
3/18/2026,2011646,NCA_MS-10175,NCA20_MS-10008,1,6/12/2020,,MS,MARINE,Gulf,,PHYSIS,FPLG,TISSUE,HG,REGULAR,7439-97-6,E-21014,148172,75445-R1,95.9,ng/wet g,0.01,0.02,76,1,-56,OK,8/27/2020,EPA 245.7,Leeman Hydra AF Gold+,,Y,Bagre marinus,365,345,368.54,311.84,Q,Measured results for Blank Laboratory Control Solution Spike in this batch are questionable. All other QC samples are within range.
3/18/2026,2011647,NCA_RI-10143,NCA20_RI-10010,1,6/14/2020,,RI,MARINE,Northeast,,PHYSIS,FPLG,TISSUE,HG,REGULAR,7439-97-6,E-21015,145092,75462-R1,222,ng/wet g,0.01,0.02,74,1,-56,OK,8/27/2020,EPA 245.7,Leeman Hydra AF Gold+,,Y,Prionotus evolans,339,323,400,320,Q,Measured results for Blank Laboratory Control Solution Spike in this batch are questionable. All other QC samples are within range.
3/18/2026,2011650,NGL_MI-10004,NGL20_MI-10133,1,6/14/2020,,MI,GREAT_LAKES,Great Lakes,Lake Superior,PHYSIS,FPLG,TISSUE,HG,REGULAR,7439-97-6,E-21015,150152,75459-R1,52.4,ng/wet g,0.01,0.02,74,1,-56,OK,8/27/2020,EPA 245.7,Leeman Hydra AF Gold+,,Y,Catostomus catostomus,384,380,460,600,Q,Measured results for Blank Laboratory Control Solution Spike in this batch are questionable. All other QC samples are within range.
3/18/2026,2011651,NCA_TX-10224,NCA20_TX-10013,1,6/15/2020,,TX,MARINE,Gulf,,PHYSIS,FPLG,TISSUE,HG,REGULAR,7439-97-6,E-21017,145352,75484-R1,149,ng/wet g,0.01,0.02,74,1,-56,OK,8/28/2020,EPA 245.7,Leeman Hydra AF Gold+,,Y,Ariopsis felis,333,305,390,250,Q,Measured results for Blank Laboratory Control Solution Spike in this batch are questionable. All other QC samples are within range.
3/18/2026,2011636,NGL_MI-10550,NGL20_MI-10149,1,6/12/2020,,MI,GREAT_LAKES,Great Lakes,Lake Superior,PHYSIS,FPLG,TISSUE,HG,REGULAR,7439-97-6,E-21015,154712,75457-R1,113,ng/wet g,0.01,0.02,76,1,-56,OK,8/27/2020,EPA 245.7,Leeman Hydra AF Gold+,,Y,Salvelinus namaycush,582,584,1800,3900,Q,Measured results for Blank Laboratory Control Solution Spike in this batch are questionable. All other QC samples are within range.
3/18/2026,2011648,NGL_MI-10560,NGL20_MI-10159,1,6/14/2020,,MI,GREAT_LAKES,Great Lakes,Lake Superior,PHYSIS,FPLG,TISSUE,HG,REGULAR,7439-97-6,E-21015,150172,75458-R1,36.2,ng/wet g,0.01,0.02,74,1,-56,OK,8/27/2020,EPA 245.7,Leeman Hydra AF Gold+,,Y,Coregonus clupeaformis,485,,1020,,Q,Measured results for Blank Laboratory Control Solution Spike in this batch are questionable. All other QC samples are within range.
3/18/2026,2011652,NCA_RI-10108,NCA20_RI-10001,1,6/15/2020,,RI,MARINE,Northeast,,PHYSIS,FPLG,TISSUE,HG,REGULAR,7439-97-6,E-21016,145072,75467-R1,128,ng/wet g,0.01,0.02,74,1,-56,OK,8/28/2020,EPA 245.7,Leeman Hydra AF Gold+,,Y,Tautoga onitis,360,,980,,Q,Measured results for Blank Laboratory Control Solution Spike in this batch are questionable. All other QC samples are within range.
3/18/2026,2011653,NCA_MS-10137,NCA20_MS-10002,1,6/15/2020,,MS,MARINE,Gulf,,PHYSIS,FPLG,TISSUE,HG,REGULAR,7439-97-6,E-21014,148212,75451-R1,85.3,ng/wet g,0.01,0.02,73,1,-56,OK,8/27/2020,EPA 245.7,Leeman Hydra AF Gold+,,Y,Ariopsis felis,357,365,453.59,481.94,Q,Measured results for Blank Laboratory Control Solution Spike in this batch are questionable. All other QC samples are within range.
3/18/2026,2011656,NGL_WI-10017,NGL20_WI-10006,1,6/14/2020,,WI,GREAT_LAKES,Great Lakes,Lake Michigan,PHYSIS,FPLG,TISSUE,HG,REGULAR,7439-97-6,E-24030,155332,81942-R1,87.6,ng/wet g,0.01,0.02,332,1,-41,OK,5/12/2021,EPA 245.7,Leeman Hydra AF Gold+,,Y,Salvelinus namaycush,522,,1420,,,
3/18/2026,2011659,NGL_MI-10549,NGL20_MI-10148,1,6/15/2020,,MI,GREAT_LAKES,Great Lakes,Lake Superior,PHYSIS,FPLG,TISSUE,HG,REGULAR,7439-97-6,E-21015,150212,75460-R1,180,ng/wet g,0.01,0.02,73,1,-56,OK,8/27/2020,EPA 245.7,Leeman Hydra AF Gold+,,Y,Salvelinus namaycush,543,564,1280,1460,Q,Measured results for Blank Laboratory Control Solution Spike in this batch are questionable. All other QC samples are within range.
3/18/2026,2011663,NCA_TX-10369,NCA20_TX-10045,1,6/16/2020,,TX,MARINE,Gulf,,PHYSIS,FPLG,TISSUE,HG,REGULAR,7439-97-6,E-21017,145392,75485-R1,185,ng/wet g,0.01,0.02,73,1,-56,OK,8/28/2020,EPA 245.7,Leeman Hydra AF Gold+,,Y,Bagre marinus,480,,960,,Q,Measured results for Blank Laboratory Control Solution Spike in this batch are questionable. All other QC samples are within range.
3/18/2026,2011665,NCA_GA-10171,NCA20_GA-10021,1,6/16/2020,,GA,MARINE,Southeast,,PHYSIS,FPLG,TISSUE,HG,REGULAR,7439-97-6,E-21016,144092,75468-R1,103,ng/wet g,0.01,0.02,73,1,-56,OK,8/28/2020,EPA 245.7,Leeman Hydra AF Gold+,,N,Cynoscion regalis,209,222,84,94,Q,Measured results for Blank Laboratory Control Solution Spike in this batch are questionable. All other QC samples are within range.
3/18/2026,2011654,NCA_MS-10136,NCA20_MS-10001,1,6/14/2020,,MS,MARINE,Gulf,,PHYSIS,FPLG,TISSUE,HG,REGULAR,7439-97-6,E-21014,148592,75452-R1,47.9,ng/wet g,0.01,0.02,74,1,-56,OK,8/27/2020,EPA 245.7,Leeman Hydra AF Gold+,,Y,Caranx crysos,246,,170.1,,Q,Measured results for Blank Laboratory Control Solution Spike in this batch are questionable. All other QC samples are within range.
3/18/2026,2011655,NGL_WI-10104,NGL20_WI-10010,1,6/15/2020,,WI,GREAT_LAKES,Great Lakes,Lake Michigan,PHYSIS,FPLG,TISSUE,HG,REGULAR,7439-97-6,E-24031,154852,81956-R1,48.3,ng/wet g,0.01,0.02,332,1,-41,OK,5/13/2021,EPA 245.7,Leeman Hydra AF Gold+,,N,Prosopium cylindraceum,483,,780,,,
3/18/2026,2011666,NCA_MS-10139,NCA20_MS-10004,1,6/16/2020,,MS,MARINE,Gulf,,PHYSIS,FPLG,TISSUE,HG,REGULAR,7439-97-6,E-21015,148192,75453-R1,99.5,ng/wet g,0.01,0.02,72,1,-56,OK,8/27/2020,EPA 245.7,Leeman Hydra AF Gold+,,Y,Ariopsis felis,357,347,368.54,311.84,Q,Measured results for Blank Laboratory Control Solution Spike in this batch are questionable. All other QC samples are within range.
3/18/2026,2011667,NCA_MS-10174,NCA20_MS-10007,1,6/16/2020,,MS,MARINE,Gulf,,PHYSIS,FPLG,TISSUE,HG,REGULAR,7439-97-6,E-21015,148572,75454-R1,112,ng/wet g,0.01,0.02,72,1,-56,OK,8/27/2020,EPA 245.7,Leeman Hydra AF Gold+,,Y,Ariopsis felis,329,275,311.8,170.1,Q,Measured results for Blank Laboratory Control Solution Spike in this batch are questionable. All other QC samples are within range.
3/18/2026,2011668,NCA_RI-10146,NCA20_RI-10013,1,6/16/2020,,RI,MARINE,Northeast,,PHYSIS,FPLG,TISSUE,HG,REGULAR,7439-97-6,E-21016,145132,75469-R1,56,ng/wet g,0.01,0.02,73,1,-56,OK,8/28/2020,EPA 245.7,Leeman Hydra AF Gold+,,N,Paralichthys dentatus,309,,300,,Q,Measured results for Blank Laboratory Control Solution Spike in this batch are questionable. All other QC samples are within range.
3/18/2026,2011669,NCA_TX-10234,NCA20_TX-10065,1,6/16/2020,,TX,MARINE,Gulf,,PHYSIS,FPLG,TISSUE,HG,REGULAR,7439-97-6,E-21016,148692,75476-R1,80,ng/wet g,0.01,0.02,73,1,-56,OK,8/28/2020,EPA 245.7,Leeman Hydra AF Gold+,,Y,Ariopsis felis,359,357,410,410,Q,Measured results for Blank Laboratory Control Solution Spike in this batch are questionable. All other QC samples are within range.
3/18/2026,2011670,NGL_MI-10015,NGL20_MI-10143,1,6/16/2020,,MI,GREAT_LAKES,Great Lakes,Lake Superior,PHYSIS,FPLG,TISSUE,HG,REGULAR,7439-97-6,E-21015,150192,75461-R1,57.1,ng/wet g,0.01,0.02,72,1,-56,OK,8/27/2020,EPA 245.7,Leeman Hydra AF Gold+,,Y,Prosopium cylindraceum,361,315,340,220,Q,Measured results for Blank Laboratory Control Solution Spike in this batch are questionable. All other QC samples are within range.
3/18/2026,2011676,NCA_TX-10364,NCA20_TX-10113,1,6/17/2020,,TX,MARINE,Gulf,,PHYSIS,FPLG,TISSUE,HG,REGULAR,7439-97-6,E-21017,148812,75478-R1,20.8,ng/wet g,0.01,0.02,72,1,-56,OK,8/28/2020,EPA 245.7,Leeman Hydra AF Gold+,,Y,Micropogonias undulatus,244,229,170,150,Q,Measured results for Blank Laboratory Control Solution Spike in this batch are questionable. All other QC samples are within range.
3/18/2026,2011677,NCA_FL-10342,NCA20_FL-10066,1,6/15/2020,,FL,MARINE,Gulf,,PHYSIS,FPLG,TISSUE,HG,REGULAR,7439-97-6,E-21015,148992,75456-R1,125,ng/wet g,0.01,0.02,73,1,-56,OK,8/27/2020,EPA 245.7,Leeman Hydra AF Gold+,,Y,Ariopsis felis,380,380,580,560,Q,Measured results for Blank Laboratory Control Solution Spike in this batch are questionable. All other QC samples are within range.
3/18/2026,2011671,NCA_FL-10245,NCA20_FL-10044,1,6/15/2020,,FL,MARINE,Gulf,,PHYSIS,FPLG,TISSUE,HG,REGULAR,7439-97-6,E-21015,149052,75455-R1,705,ng/wet g,0.01,0.02,73,1,-56,OK,8/27/2020,EPA 245.7,Leeman Hydra AF Gold+,,Y,Cynoscion arenarius,248,250,120,140,Q,Measured results for Blank Laboratory Control Solution Spike in this batch are questionable. All other QC samples are within range.
3/18/2026,2011672,NGL_MI-10563,NGL20_MI-10162,1,6/17/2020,,MI,GREAT_LAKES,Great Lakes,Lake Superior,PHYSIS,FPLG,TISSUE,HG,REGULAR,7439-97-6,E-21017,154492,75477-R1,252,ng/wet g,0.01,0.02,72,1,-56,OK,8/28/2020,EPA 245.7,Leeman Hydra AF Gold+,,Y,Lota lota,547,,1220,,Q,Measured results for Blank Laboratory Control Solution Spike in this batch are questionable. All other QC samples are within range.
3/18/2026,2011678,NCA_RI-10106,NCA20_RI-10002,1,6/17/2020,,RI,MARINE,Northeast,,PHYSIS,FPLG,TISSUE,HG,REGULAR,7439-97-6,E-21016,145032,75470-R1,86.1,ng/wet g,0.01,0.02,72,1,-56,OK,8/28/2020,EPA 245.7,Leeman Hydra AF Gold+,,N,Stenotomus chrysops,298,258,400,320,Q,Measured results for Blank Laboratory Control Solution Spike in this batch are questionable. All other QC samples are within range.
3/18/2026,2011679,NCA_GA-10176,NCA20_GA-10005,1,6/17/2020,,GA,MARINE,Southeast,,PHYSIS,FPLG,TISSUE,HG,REGULAR,7439-97-6,E-21016,144132,75471-R1,48.2,ng/wet g,0.01,0.02,72,1,-56,OK,8/28/2020,EPA 245.7,Leeman Hydra AF Gold+,,N,Cynoscion nebulosus,247,253,134,152,Q,Measured results for Blank Laboratory Control Solution Spike in this batch are questionable. All other QC samples are within range.
3/18/2026,2011680,NCA_FL-10247,NCA20_FL-10045,1,6/17/2020,,FL,MARINE,Gulf,,PHYSIS,FPLG,TISSUE,HG,REGULAR,7439-97-6,E-21016,149212,75475-R1,162,ng/wet g,0.01,0.02,72,1,-56,OK,8/28/2020,EPA 245.7,Leeman Hydra AF Gold+,,Y,Ariopsis felis,247,254,180,240,Q,Measured results for Blank Laboratory Control Solution Spike in this batch are questionable. All other QC samples are within range.
3/18/2026,2011683,NCA_TX-10347,NCA20_TX-10058,1,6/17/2020,,TX,MARINE,Gulf,,PHYSIS,FPLG,TISSUE,HG,REGULAR,7439-97-6,E-21017,149512,75479-R1,45.7,ng/wet g,0.01,0.02,72,1,-56,OK,8/28/2020,EPA 245.7,Leeman Hydra AF Gold+,,N,Bagre marinus,232,,70,,Q,Measured results for Blank Laboratory Control Solution Spike in this batch are questionable. All other QC samples are within range.
3/18/2026,2011681,NCA_NH-10117,NCA20_NH-10003,1,6/17/2020,,NH,MARINE,Northeast,,PHYSIS,FPLG,TISSUE,HG,REGULAR,7439-97-6,E-21018,147052,75500-R1,49.9,ng/wet g,0.01,0.02,72,1,-56,OK,8/28/2020,EPA 245.7,Leeman Hydra AF Gold+,,Y,Pseudopleuronectes americanus,190,,,,Q,Exclude from analysis. Fish length < 190 mm. Plug taken from FTIS specimen. FTIS specimen length and weight entered for FPLG;Measured results for Blank Laboratory Control Solution Spike in this batch are questionable. All other QC samples are within range.
3/18/2026,2011682,NCA_FL-10370,NCA20_FL-10081,1,6/17/2020,,FL,MARINE,Gulf,,PHYSIS,FPLG,TISSUE,HG,REGULAR,7439-97-6,E-21016,149132,75474-R1,83.8,ng/wet g,0.01,0.02,72,1,-56,OK,8/28/2020,EPA 245.7,Leeman Hydra AF Gold+,,Y,Ariopsis felis,295,292,360,360,Q,Measured results for Blank Laboratory Control Solution Spike in this batch are questionable. All other QC samples are within range.
3/18/2026,2011684,NCA_TX-10235,NCA20_TX-10066,1,6/17/2020,,TX,MARINE,Gulf,,PHYSIS,FPLG,TISSUE,HG,REGULAR,7439-97-6,E-21017,145452,75480-R1,59.3,ng/wet g,0.01,0.02,72,1,-56,OK,8/28/2020,EPA 245.7,Leeman Hydra AF Gold+,,Y,Ariopsis felis,303,271,210,130,Q,Measured results for Blank Laboratory Control Solution Spike in this batch are questionable. All other QC samples are within range.
3/18/2026,2011687,NCA_RI-10147,NCA20_RI-10014,1,6/18/2020,,RI,MARINE,Northeast,,PHYSIS,FPLG,TISSUE,HG,REGULAR,7439-97-6,E-21017,145112,75486-R1,97.8,ng/wet g,0.01,0.02,71,1,-56,OK,8/28/2020,EPA 245.7,Leeman Hydra AF Gold+,,Y,Stenotomus chrysops,293,274,400,300,Q,Measured results for Blank Laboratory Control Solution Spike in this batch are questionable. All other QC samples are within range.
3/18/2026,2011688,NCA_TX-10373,NCA20_TX-10049,1,6/18/2020,,TX,MARINE,Gulf,,PHYSIS,FPLG,TISSUE,HG,REGULAR,7439-97-6,E-21017,145572,75481-R1,86.5,ng/wet g,0.01,0.02,71,1,-56,OK,8/28/2020,EPA 245.7,Leeman Hydra AF Gold+,,Y,Ariopsis felis,224,285,170,200,Q,Measured results for Blank Laboratory Control Solution Spike in this batch are questionable. All other QC samples are within range.
3/18/2026,2011690,NGL_WI-10103,NGL20_WI-10009,1,6/17/2020,,WI,GREAT_LAKES,Great Lakes,Lake Michigan,PHYSIS,FPLG,TISSUE,HG,REGULAR,7439-97-6,E-21018,155412,75491-R1,187,ng/wet g,0.01,0.02,72,1,-56,OK,8/28/2020,EPA 245.7,Leeman Hydra AF Gold+,,Y,Sander vitreus,469,477,920,1000,Q,Measured results for Blank Laboratory Control Solution Spike in this batch are questionable. All other QC samples are within range.
3/18/2026,2011694,NCA_MS-10138,NCA20_MS-10003,1,6/17/2020,,MS,MARINE,Gulf,,PHYSIS,FPLG,TISSUE,HG,REGULAR,7439-97-6,E-21016,148112,75473-R1,114,ng/wet g,0.01,0.02,72,1,-56,OK,8/28/2020,EPA 245.7,Leeman Hydra AF Gold+,,Y,Bagre marinus,351,335,311.84,255.15,Q,Measured results for Blank Laboratory Control Solution Spike in this batch are questionable. All other QC samples are within range.
3/18/2026,2011692,NGL_MI-10562,NGL20_MI-10161,1,6/18/2020,,MI,GREAT_LAKES,Great Lakes,Lake Superior,PHYSIS,FPLG,TISSUE,HG,REGULAR,7439-97-6,E-21017,154372,75482-R1,342,ng/wet g,0.01,0.02,71,1,-56,OK,8/28/2020,EPA 245.7,Leeman Hydra AF Gold+,,Y,Catostomus catostomus,480,,1180,,Q,Measured results for Blank Laboratory Control Solution Spike in this batch are questionable. All other QC samples are within range.
3/18/2026,2011693,NCA_TX-10372,NCA20_TX-10048,1,6/18/2020,,TX,MARINE,Gulf,,PHYSIS,FPLG,TISSUE,HG,REGULAR,7439-97-6,E-21017,145312,75483-R1,96.9,ng/wet g,0.01,0.02,71,1,-56,OK,8/28/2020,EPA 245.7,Leeman Hydra AF Gold+,,N,Bagre marinus,440,,870,,Q,Measured results for Blank Laboratory Control Solution Spike in this batch are questionable. All other QC samples are within range.
3/18/2026,2011697,NCA_MA-10263,NCA20_MA-10048,1,6/19/2020,,MA,MARINE,Northeast,,PHYSIS,FPLG,TISSUE,HG,REGULAR,7439-97-6,E-21018,145012,75492-R1,295,ng/wet g,0.01,0.02,70,1,-56,OK,8/28/2020,EPA 245.7,Leeman Hydra AF Gold+,,Y,Prionotus evolans,359,336,550,460,Q,Measured results for Blank Laboratory Control Solution Spike in this batch are questionable. All other QC samples are within range.
3/18/2026,2011699,NGL_MI-10076,NGL20_MI-10038,1,6/19/2020,,MI,GREAT_LAKES,Great Lakes,Lake Huron,PHYSIS,FPLG,TISSUE,HG,REGULAR,7439-97-6,E-21018,153872,75493-R1,140,ng/wet g,0.01,0.02,70,1,-56,OK,8/28/2020,EPA 245.7,Leeman Hydra AF Gold+,,Y,Salmo trutta,581,,3400,,Q,Measured results for Blank Laboratory Control Solution Spike in this batch are questionable. All other QC samples are within range.
3/18/2026,2011705,NCA_RI-10109,NCA20_RI-10007,1,6/21/2020,,RI,MARINE,Northeast,,PHYSIS,FPLG,TISSUE,HG,REGULAR,7439-97-6,E-21019,145852,75501-R1,170,ng/wet g,0.01,0.02,68,1,-56,OK,8/28/2020,EPA 245.7,Leeman Hydra AF Gold+,,Y,Stenotomus chrysops,310,320,480,460,Q,Measured results for Blank Laboratory Control Solution Spike in this batch are questionable. All other QC samples are within range.
3/18/2026,2011706,NGL_MI-10520,NGL20_MI-10052,1,6/21/2020,,MI,GREAT_LAKES,Great Lakes,Lake Huron,PHYSIS,FPLG,TISSUE,HG,REGULAR,7439-97-6,E-21018,153712,75497-R1,119,ng/wet g,0.01,0.02,68,1,-56,OK,8/28/2020,EPA 245.7,Leeman Hydra AF Gold+,,Y,Sander vitreus,483,,1000,,Q,Measured results for Blank Laboratory Control Solution Spike in this batch are questionable. All other QC samples are within range.
3/18/2026,2011707,NGL_MI-10006,NGL20_MI-10135,1,6/21/2020,,MI,GREAT_LAKES,Great Lakes,Lake Superior,PHYSIS,FPLG,TISSUE,HG,REGULAR,7439-97-6,E-21033,154512,75517-R1,40.3,ng/wet g,0.01,0.02,79,1,-56,OK,9/8/2020,EPA 245.7,Leeman Hydra AF Gold+,,Y,Prosopium cylindraceum,279,286,160,180,,
3/18/2026,2011695,NCA_MS-10176,NCA20_MS-10009,1,6/17/2020,,MS,MARINE,Gulf,,PHYSIS,FPLG,TISSUE,HG,REGULAR,7439-97-6,E-21016,147972,75472-R1,255,ng/wet g,0.01,0.02,72,1,-56,OK,8/28/2020,EPA 245.7,Leeman Hydra AF Gold+,,Y,Ariopsis felis,355,332,453.59,311.84,Q,Measured results for Blank Laboratory Control Solution Spike in this batch are questionable. All other QC samples are within range.
3/18/2026,2011713,NGL_MI-10014,NGL20_MI-10142,1,6/22/2020,,MI,GREAT_LAKES,Great Lakes,Lake Superior,PHYSIS,FPLG,TISSUE,HG,REGULAR,7439-97-6,E-21033,157392,75519-R1,176,ng/wet g,0.01,0.02,78,1,-56,OK,9/8/2020,EPA 245.7,Leeman Hydra AF Gold+,,Y,Catostomus catostomus,420,421,760,860,,
3/18/2026,2011718,NCA_RI-10144,NCA20_RI-10011,1,6/23/2020,,RI,MARINE,Northeast,,PHYSIS,FPLG,TISSUE,HG,REGULAR,7439-97-6,E-21018,161352,75499-R1,129,ng/wet g,0.01,0.02,66,1,-56,OK,8/28/2020,EPA 245.7,Leeman Hydra AF Gold+,,Y,Stenotomus chrysops,280,275,360,320,Q,Measured results for Blank Laboratory Control Solution Spike in this batch are questionable. All other QC samples are within range.
3/18/2026,2011708,NGL_MI-10558,NGL20_MI-10157,1,6/21/2020,,MI,GREAT_LAKES,Great Lakes,Lake Superior,PHYSIS,FPLG,TISSUE,HG,REGULAR,7439-97-6,E-21033,157432,75518-R1,124,ng/wet g,0.01,0.02,79,1,-56,OK,9/8/2020,EPA 245.7,Leeman Hydra AF Gold+,,Y,Salvelinus fontinalis,472,,1300,,,
3/18/2026,2011712,NCA_RI-10148,NCA20_RI-10015,1,6/22/2020,,RI,MARINE,Northeast,,PHYSIS,FPLG,TISSUE,HG,REGULAR,7439-97-6,E-21018,146112,75498-R1,164,ng/wet g,0.01,0.02,67,1,-56,OK,8/28/2020,EPA 245.7,Leeman Hydra AF Gold+,,Y,Stenotomus chrysops,280,278,320,280,Q,Measured results for Blank Laboratory Control Solution Spike in this batch are questionable. All other QC samples are within range.
3/18/2026,2011723,NCA_TX-10213,NCA20_TX-10062,1,6/23/2020,,TX,MARINE,Gulf,,PHYSIS,FPLG,TISSUE,HG,REGULAR,7439-97-6,E-21034,145332,76257-R1,344,ng/wet g,0.01,0.02,78,1,-59,OK,9/9/2020,EPA 245.7,Leeman Hydra AF Gold+,,N,Ariopsis felis,435,,700,,,
3/18/2026,2011725,NCA_TX-10216,NCA20_TX-10063,1,6/23/2020,,TX,MARINE,Gulf,,PHYSIS,FPLG,TISSUE,HG,REGULAR,7439-97-6,E-21019,145552,75504-R1,162,ng/wet g,0.01,0.02,66,1,-56,OK,8/28/2020,EPA 245.7,Leeman Hydra AF Gold+,,Y,Ariopsis felis,299,,260,,Q,Measured results for Blank Laboratory Control Solution Spike in this batch are questionable. All other QC samples are within range.
3/18/2026,2011720,NGL_NY-10229,NGL20_NY-10071,1,6/23/2020,,NY,GREAT_LAKES,Great Lakes,Lake Ontario,PHYSIS,FPLG,TISSUE,HG,REGULAR,7439-97-6,E-21051,153312,76292-R1,174,ng/wet g,0.01,0.02,93,1,-59,OK,9/24/2020,EPA 245.7,Leeman Hydra AF Gold+,,Y,Micropterus dolomieu,357,359,740,680,,
3/18/2026,2011721,NGL_MI-10510,NGL20_MI-10042,1,6/23/2020,,MI,GREAT_LAKES,Great Lakes,Lake Huron,PHYSIS,FPLG,TISSUE,HG,REGULAR,7439-97-6,E-21019,153692,75508-R1,185,ng/wet g,0.01,0.02,66,1,-56,OK,8/28/2020,EPA 245.7,Leeman Hydra AF Gold+,,Y,Sander vitreus,498,,1100,,Q,Measured results for Blank Laboratory Control Solution Spike in this batch are questionable. All other QC samples are within range.
3/18/2026,2011722,NCA_TX-10334,NCA20_TX-10016,1,6/23/2020,,TX,MARINE,Gulf,,PHYSIS,FPLG,TISSUE,HG,REGULAR,7439-97-6,E-21019,145592,75503-R1,47.2,ng/wet g,0.01,0.02,66,1,-56,OK,8/28/2020,EPA 245.7,Leeman Hydra AF Gold+,,Y,Bagre marinus,211,218,90,110,Q,Measured results for Blank Laboratory Control Solution Spike in this batch are questionable. All other QC samples are within range.
3/18/2026,2011729,NCA_TX-10343,NCA20_TX-10026,1,6/24/2020,,TX,MARINE,Gulf,,PHYSIS,FPLG,TISSUE,HG,REGULAR,7439-97-6,E-21033,145532,75531-R1,85.2,ng/wet g,0.01,0.02,76,1,-59,OK,9/8/2020,EPA 245.7,Leeman Hydra AF Gold+,,N,Bagre marinus,213,240,70,130,,
3/18/2026,2011728,NCA_RI-10145,NCA20_RI-10012,1,6/24/2020,,RI,MARINE,Northeast,,PHYSIS,FPLG,TISSUE,HG,REGULAR,7439-97-6,E-21019,145832,75502-R1,131,ng/wet g,0.01,0.02,65,1,-56,OK,8/28/2020,EPA 245.7,Leeman Hydra AF Gold+,,Y,Stenotomus chrysops,310,296,380,380,Q,Measured results for Blank Laboratory Control Solution Spike in this batch are questionable. All other QC samples are within range.
3/18/2026,2011731,NCA_TX-10361,NCA20_TX-10085,1,6/24/2020,,TX,MARINE,Gulf,,PHYSIS,FPLG,TISSUE,HG,REGULAR,7439-97-6,E-21033,145432,75533-R1,85.7,ng/wet g,0.01,0.02,76,1,-59,OK,9/8/2020,EPA 245.7,Leeman Hydra AF Gold+,,Y,Ariopsis felis,227,201,90,60,,
3/18/2026,2011732,NGL_WI-10105,NGL20_WI-10011,1,6/24/2020,,WI,GREAT_LAKES,Great Lakes,Lake Michigan,PHYSIS,FPLG,TISSUE,HG,REGULAR,7439-97-6,E-21033,155372,75526-R1,21.5,ng/wet g,0.01,0.02,76,1,-56,OK,9/8/2020,EPA 245.7,Leeman Hydra AF Gold+,,Y,Catostomus catostomus,225,,120,,,
3/18/2026,2011730,NCA_FL-10254,NCA20_FL-10042,1,6/24/2020,,FL,MARINE,Gulf,,PHYSIS,FPLG,TISSUE,HG,REGULAR,7439-97-6,E-21033,149092,75532-R1,346,ng/wet g,0.01,0.02,76,1,-59,OK,9/8/2020,EPA 245.7,Leeman Hydra AF Gold+,,N,Bagre marinus,315,340,260,340,,
3/18/2026,2011735,NCA_TX-10212,NCA20_TX-10061,1,6/24/2020,,TX,MARINE,Gulf,,PHYSIS,FPLG,TISSUE,HG,REGULAR,7439-97-6,E-21019,145492,75505-R1,190,ng/wet g,0.01,0.02,65,1,-56,OK,8/28/2020,EPA 245.7,Leeman Hydra AF Gold+,,Y,Archosargus probatocephalus,296,,400,,Q,Measured results for Blank Laboratory Control Solution Spike in this batch are questionable. All other QC samples are within range.
3/18/2026,2011736,NCA_TX-10351,NCA20_TX-10079,1,6/24/2020,,TX,MARINE,Gulf,,PHYSIS,FPLG,TISSUE,HG,REGULAR,7439-97-6,E-21019,145612,75506-R1,93.3,ng/wet g,0.01,0.02,65,1,-56,OK,8/28/2020,EPA 245.7,Leeman Hydra AF Gold+,,Y,Ariopsis felis,257,,120,,Q,Measured results for Blank Laboratory Control Solution Spike in this batch are questionable. All other QC samples are within range.
3/18/2026,2011733,NCA_FL-10364,NCA20_FL-10074,1,6/24/2020,,FL,MARINE,Gulf,,PHYSIS,FPLG,TISSUE,HG,REGULAR,7439-97-6,E-21033,149292,75534-R1,108,ng/wet g,0.01,0.02,76,1,-59,OK,9/8/2020,EPA 245.7,Leeman Hydra AF Gold+,,Y,Ariopsis felis,270,258,180,180,,
3/18/2026,2011741,NCA_TX-10342,NCA20_TX-10025,1,6/25/2020,,TX,MARINE,Gulf,,PHYSIS,FPLG,TISSUE,HG,REGULAR,7439-97-6,E-21019,145272,75507-R1,152,ng/wet g,0.01,0.02,64,1,-56,OK,8/28/2020,EPA 245.7,Leeman Hydra AF Gold+,,Y,Ariopsis felis,353,360,330,410,Q,Measured results for Blank Laboratory Control Solution Spike in this batch are questionable. All other QC samples are within range.
3/18/2026,2011744,NGL_MI-10003,NGL20_MI-10132,1,6/24/2020,,MI,GREAT_LAKES,Great Lakes,Lake Superior,PHYSIS,FPLG,TISSUE,HG,REGULAR,7439-97-6,E-21033,154392,75520-R1,211,ng/wet g,0.01,0.02,76,1,-56,OK,9/8/2020,EPA 245.7,Leeman Hydra AF Gold+,,Y,Catostomus catostomus,430,452,920,1120,,
3/18/2026,2011745,NGL_MI-10554,NGL20_MI-10153,1,6/24/2020,,MI,GREAT_LAKES,Great Lakes,Lake Superior,PHYSIS,FPLG,TISSUE,HG,REGULAR,7439-97-6,E-21033,154692,75521-R1,214,ng/wet g,0.01,0.02,76,1,-56,OK,9/8/2020,EPA 245.7,Leeman Hydra AF Gold+,,Y,Salvelinus namaycush,635,,2020,,,
3/18/2026,2011738,NCA_VA-10192,NCA20_VA-10006,1,6/25/2020,,VA,MARINE,Northeast,,PHYSIS,FPLG,TISSUE,HG,REGULAR,7439-97-6,E-21033,148952,75525-R1,115,ng/wet g,0.01,0.02,75,1,-56,OK,9/8/2020,EPA 245.7,Leeman Hydra AF Gold+,,N,Cynoscion regalis,279,254,170,155,,
3/18/2026,2011739,NCA_VA-10353,NCA20_VA-10020,1,6/23/2020,,VA,MARINE,Northeast,,PHYSIS,FPLG,TISSUE,HG,REGULAR,7439-97-6,E-21033,148932,75527-R1,141,ng/wet g,0.01,0.02,77,1,-59,OK,9/8/2020,EPA 245.7,Leeman Hydra AF Gold+,,N,Morone americana,191,209,120,130,,
3/18/2026,2011742,NCA_TX-10346,NCA20_TX-10030,1,6/25/2020,,TX,MARINE,Gulf,,PHYSIS,FPLG,TISSUE,HG,REGULAR,7439-97-6,E-21034,145292,76258-R1,157,ng/wet g,0.01,0.02,76,1,-59,OK,9/9/2020,EPA 245.7,Leeman Hydra AF Gold+,,Y,Ariopsis felis,295,273,200,170,,
3/18/2026,2011743,NCA_TX-10341,NCA20_TX-10024,1,6/25/2020,,TX,MARINE,Gulf,,PHYSIS,FPLG,TISSUE,HG,REGULAR,7439-97-6,E-21034,145512,76249-R1,110,ng/wet g,0.01,0.02,76,1,-59,OK,9/9/2020,EPA 245.7,Leeman Hydra AF Gold+,,Y,Ariopsis felis,269,280,110,180,,
3/18/2026,2011746,NGL_NY-10215,NGL20_NY-10055,1,6/25/2020,,NY,GREAT_LAKES,Great Lakes,Lake Ontario,PHYSIS,FPLG,TISSUE,HG,REGULAR,7439-97-6,E-21051,153052,76286-R1,530,ng/wet g,0.01,0.02,91,1,-59,OK,9/24/2020,EPA 245.7,Leeman Hydra AF Gold+,,Y,Ambloplites rupestris,203,212,220,240,,
3/18/2026,2011749,NCA_MS-10145,NCA20_MS-10010,1,6/25/2020,,MS,MARINE,Gulf,,PHYSIS,FPLG,TISSUE,HG,REGULAR,7439-97-6,E-21019,148612,75509-R1,107,ng/wet g,0.01,0.02,64,1,-56,OK,8/28/2020,EPA 245.7,Leeman Hydra AF Gold+,,Y,Ariopsis felis,373,362,411,369,Q,Measured results for Blank Laboratory Control Solution Spike in this batch are questionable. All other QC samples are within range.
3/18/2026,2011750,NCA_MS-10169,NCA20_MS-10034,1,6/24/2020,,MS,MARINE,Gulf,,PHYSIS,FPLG,TISSUE,HG,REGULAR,7439-97-6,E-21019,148072,75510-R1,126,ng/wet g,0.01,0.02,65,1,-56,OK,8/28/2020,EPA 245.7,Leeman Hydra AF Gold+,,Y,Ariopsis felis,340,300,340.19,198.45,Q,Measured results for Blank Laboratory Control Solution Spike in this batch are questionable. All other QC samples are within range.
3/18/2026,2011755,NCA_MA-10161,NCA20_MA-10007,1,6/25/2020,,MA,MARINE,Northeast,,PHYSIS,FPLG,TISSUE,HG,REGULAR,7439-97-6,E-21034,145952,76250-R1,256,ng/wet g,0.01,0.02,76,1,-59,OK,9/9/2020,EPA 245.7,Leeman Hydra AF Gold+,,Y,Morone saxatilis,555,,"1,540",,,
3/18/2026,2011757,NGL_NY-10011,NGL20_NY-10032,1,6/26/2020,,NY,GREAT_LAKES,Great Lakes,Lake Ontario,PHYSIS,FPLG,TISSUE,HG,REGULAR,7439-97-6,E-21051,153232,76291-R1,436,ng/wet g,0.01,0.02,90,1,-59,OK,9/24/2020,EPA 245.7,Leeman Hydra AF Gold+,,Y,Perca flavescens,272,245,280,280,,
3/18/2026,2011762,NGL_MI-10057,NGL20_MI-10020,1,6/26/2020,,MI,GREAT_LAKES,Great Lakes,Lake Huron,PHYSIS,FPLG,TISSUE,HG,REGULAR,7439-97-6,E-21033,153832,75515-R1,182,ng/wet g,0.01,0.02,74,1,-56,OK,9/8/2020,EPA 245.7,Leeman Hydra AF Gold+,,Y,Aplodinotus grunniens,529,,1920,,,
3/18/2026,2011765,NCA_FL-10366,NCA20_FL-10077,1,6/26/2020,,FL,MARINE,Gulf,,PHYSIS,FPLG,TISSUE,HG,REGULAR,7439-97-6,E-21034,149172,76251-R1,495,ng/wet g,0.01,0.02,75,1,-59,OK,9/9/2020,EPA 245.7,Leeman Hydra AF Gold+,,Y,Bagre marinus,231,,140,,,
3/18/2026,2011766,NCA_MS-10151,NCA20_MS-10016,1,6/26/2020,,MS,MARINE,Gulf,,PHYSIS,FPLG,TISSUE,HG,REGULAR,7439-97-6,E-21033,148132,75516-R1,166,ng/wet g,0.01,0.02,74,1,-56,OK,9/8/2020,EPA 245.7,Leeman Hydra AF Gold+,,N,Ariopsis felis,400,339,566.99,340.19,,
3/18/2026,2011770,NGL_NY-10024,NGL20_NY-10045,1,6/28/2020,,NY,GREAT_LAKES,Great Lakes,Lake Ontario,PHYSIS,FPLG,TISSUE,HG,REGULAR,7439-97-6,E-21051,153092,76285-R1,123,ng/wet g,0.01,0.02,88,1,-59,OK,9/24/2020,EPA 245.7,Leeman Hydra AF Gold+,,Y,Perca flavescens,247,240,220,240,,
3/18/2026,2011767,NGL_MI-10008,NGL20_MI-10137,1,6/25/2020,,MI,GREAT_LAKES,Great Lakes,Lake Superior,PHYSIS,FPLG,TISSUE,HG,REGULAR,7439-97-6,E-21034,154572,76259-R1,153,ng/wet g,0.01,0.02,76,1,-59,OK,9/9/2020,EPA 245.7,Leeman Hydra AF Gold+,,Y,Salvelinus namaycush,537,,1139.1,,,
3/18/2026,2011771,NCA_MA-10242,NCA20_MA-10026,1,6/28/2020,,MA,MARINE,Northeast,,PHYSIS,FPLG,TISSUE,HG,REGULAR,7439-97-6,E-21034,146152,76252-R1,28,ng/wet g,0.01,0.02,73,1,-59,OK,9/9/2020,EPA 245.7,Leeman Hydra AF Gold+,,Y,Pseudopleuronectes americanus,299,245,340,220,,
3/18/2026,2011772,NGL_MI-10561,NGL20_MI-10160,1,6/28/2020,,MI,GREAT_LAKES,Great Lakes,Lake Superior,PHYSIS,FPLG,TISSUE,HG,REGULAR,7439-97-6,E-21034,154592,76260-R1,61.5,ng/wet g,0.01,0.02,73,1,-59,OK,9/9/2020,EPA 245.7,Leeman Hydra AF Gold+,,Y,Coregonus clupeaformis,460,,900,,,
3/18/2026,2011774,NGL_MI-10564,NGL20_MI-10163,1,6/28/2020,,MI,GREAT_LAKES,Great Lakes,Lake Superior,PHYSIS,FPLG,TISSUE,HG,REGULAR,7439-97-6,E-21034,150352,76261-R1,238,ng/wet g,0.01,0.02,73,1,-59,OK,9/9/2020,EPA 245.7,Leeman Hydra AF Gold+,,N,Lota lota,591,,1620,,,
3/18/2026,2011773,NGL_MI-10061,NGL20_MI-10024,1,6/28/2020,,MI,GREAT_LAKES,Great Lakes,Lake Huron,PHYSIS,FPLG,TISSUE,HG,REGULAR,7439-97-6,E-21034,151032,76264-R1,142,ng/wet g,0.01,0.02,73,1,-59,OK,9/9/2020,EPA 245.7,Leeman Hydra AF Gold+,,Y,Aplodinotus grunniens,354,,540,,,
3/18/2026,2011775,NCA_MA-10168,NCA20_MA-10009,1,6/28/2020,,MA,MARINE,Northeast,,PHYSIS,FPLG,TISSUE,HG,REGULAR,7439-97-6,E-21034,146232,76253-R1,22.5,ng/wet g,0.01,0.02,73,1,-59,OK,9/9/2020,EPA 245.7,Leeman Hydra AF Gold+,,N,Paralichthys dentatus,204,,140,,,
3/18/2026,2011776,NGL_MI-10012,NGL20_MI-10140,1,6/28/2020,,MI,GREAT_LAKES,Great Lakes,Lake Superior,PHYSIS,FPLG,TISSUE,HG,REGULAR,7439-97-6,E-21034,150492,76262-R1,112,ng/wet g,0.01,0.02,73,1,-59,OK,9/9/2020,EPA 245.7,Leeman Hydra AF Gold+,,Y,Prosopium cylindraceum,332,297,300,240,,
3/18/2026,2011778,NGL_NY-10012,NGL20_NY-10033,1,6/29/2020,,NY,GREAT_LAKES,Great Lakes,Lake Ontario,PHYSIS,FPLG,TISSUE,HG,REGULAR,7439-97-6,E-21052,153632,76298-R1,177,ng/wet g,0.01,0.02,88,1,-59,OK,9/25/2020,EPA 245.7,Leeman Hydra AF Gold+,,N,Micropterus dolomieu,371,,800,,,
3/18/2026,2011780,NCA_MA-10149,NCA20_MA-10015,1,6/29/2020,,MA,MARINE,Northeast,,PHYSIS,FPLG,TISSUE,HG,REGULAR,7439-97-6,E-21034,145712,76254-R1,221,ng/wet g,0.01,0.02,72,1,-59,OK,9/9/2020,EPA 245.7,Leeman Hydra AF Gold+,,Y,Stenotomus chrysops,299,251,320,220,,
3/18/2026,2011785,NCA_MS-10178,NCA20_MS-10014,1,6/28/2020,,MS,MARINE,Gulf,,PHYSIS,FPLG,TISSUE,HG,REGULAR,7439-97-6,E-21033,146392,75530-R1,21.2,ng/wet g,0.01,0.02,72,1,-59,OK,9/8/2020,EPA 245.7,Leeman Hydra AF Gold+,,Y,Micropogonias undulatus,218,222,113.4,113.4,,
3/18/2026,2011787,NCA_TX-10236,NCA20_TX-10002,1,6/29/2020,,TX,MARINE,Gulf,,PHYSIS,FPLG,TISSUE,HG,REGULAR,7439-97-6,E-21051,145632,76282-R1,49.5,ng/wet g,0.01,0.02,87,1,-59,OK,9/24/2020,EPA 245.7,Leeman Hydra AF Gold+,,Y,Bagre marinus,238,232,150,220,,
3/18/2026,2011790,NCA_FL-10228,NCA20_FL-10019,1,6/29/2020,,FL,MARINE,Gulf,,PHYSIS,FPLG,TISSUE,HG,REGULAR,7439-97-6,E-21034,148852,76255-R1,204,ng/wet g,0.01,0.02,72,1,-59,OK,9/9/2020,EPA 245.7,Leeman Hydra AF Gold+,,N,Micropogonias undulatus,229,,120,,,
3/18/2026,2011783,NCA_MS-10172,NCA20_MS-10037,1,6/29/2020,,MS,MARINE,Gulf,,PHYSIS,FPLG,TISSUE,HG,REGULAR,7439-97-6,E-21033,146492,75524-R1,59.5,ng/wet g,0.01,0.02,71,1,-56,OK,9/8/2020,EPA 245.7,Leeman Hydra AF Gold+,,Y,Micropogonias undulatus,205,184,113,99,Q,Exclude from analysis. 2nd fish shorter than 190 mm
3/18/2026,2011784,NCA_MS-10170,NCA20_MS-10035,1,6/28/2020,,MS,MARINE,Gulf,,PHYSIS,FPLG,TISSUE,HG,REGULAR,7439-97-6,E-21033,146372,75529-R1,52.8,ng/wet g,0.01,0.02,72,1,-59,OK,9/8/2020,EPA 245.7,Leeman Hydra AF Gold+,,Y,Cynoscion arenarius,237,243,113.4,113.4,,
3/18/2026,2011793,NCA_GA-10177,NCA20_GA-10007,1,6/30/2020,,GA,MARINE,Southeast,,PHYSIS,FPLG,TISSUE,HG,REGULAR,7439-97-6,E-21034,160452,76265-R1,157,ng/wet g,0.01,0.02,71,1,-59,OK,9/9/2020,EPA 245.7,Leeman Hydra AF Gold+,,N,Orthopristis chrysoptera,218,210,142,124,,
3/18/2026,2011794,NCA_GA-10170,NCA20_GA-10020,1,6/30/2020,,GA,MARINE,Southeast,,PHYSIS,FPLG,TISSUE,HG,REGULAR,7439-97-6,E-21034,144112,76266-R1,50.8,ng/wet g,0.01,0.02,71,1,-59,OK,9/9/2020,EPA 245.7,Leeman Hydra AF Gold+,,N,Mugil cephalus,297,251,268,157,,
3/18/2026,2011791,NCA_FL-10226,NCA20_FL-10037,1,6/29/2020,,FL,MARINE,Gulf,,PHYSIS,FPLG,TISSUE,HG,REGULAR,7439-97-6,E-21034,149252,76256-R1,196,ng/wet g,0.01,0.02,72,1,-59,OK,9/9/2020,EPA 245.7,Leeman Hydra AF Gold+,,Y,Ariopsis felis,237,265,160,260,,
3/18/2026,2011798,NCA_NH-10118,NCA20_NH-10004,1,6/30/2020,,NH,MARINE,Northeast,,PHYSIS,FPLG,TISSUE,HG,REGULAR,7439-97-6,E-21034,160332,76267-R1,37.3,ng/wet g,0.01,0.02,71,1,-59,OK,9/9/2020,EPA 245.7,Leeman Hydra AF Gold+,,Y,Pseudopleuronectes americanus,265,,280,,,
3/18/2026,2011799,NCA_MA-10261,NCA20_MA-10046,1,6/30/2020,,MA,MARINE,Northeast,,PHYSIS,FPLG,TISSUE,HG,REGULAR,7439-97-6,E-21052,146192,76303-R1,212,ng/wet g,0.01,0.02,87,1,-59,OK,9/25/2020,EPA 245.7,Leeman Hydra AF Gold+,,Y,Stenotomus chrysops,291,272,340,260,,
3/18/2026,2011800,NCA_TX-10354,NCA20_TX-10034,1,6/30/2020,,TX,MARINE,Gulf,,PHYSIS,FPLG,TISSUE,HG,REGULAR,7439-97-6,E-21052,145212,76305-R1,249,ng/wet g,0.01,0.02,87,1,-59,Q,9/25/2020,EPA 245.7,Leeman Hydra AF Gold+,This sample has been thawed for 7 days,Y,Bagre marinus,531,,1400,,S,Sample thawed for 7 days in shipping
3/18/2026,2011796,NCA_VA-10186,NCA20_VA-10008,1,6/30/2020,,VA,MARINE,Northeast,,PHYSIS,FPLG,TISSUE,HG,REGULAR,7439-97-6,E-21051,160972,76287-R1,44.1,ng/wet g,0.01,0.02,86,1,-59,OK,9/24/2020,EPA 245.7,Leeman Hydra AF Gold+,,Y,Morone americana,191,191,94,95,,
3/18/2026,2011797,NCA_VA-10362,NCA20_VA-10029,1,6/30/2020,,VA,MARINE,Northeast,,PHYSIS,FPLG,TISSUE,HG,REGULAR,7439-97-6,E-21051,160952,76290-R1,83.4,ng/wet g,0.01,0.02,86,1,-59,OK,9/24/2020,EPA 245.7,Leeman Hydra AF Gold+,,Y,Morone americana,252,210,218,123,,
3/18/2026,2011809,NCA_NH-10149,NCA20_NH-10011,1,7/1/2020,,NH,MARINE,Northeast,,PHYSIS,FPLG,TISSUE,HG,REGULAR,7439-97-6,E-21051,145692,76273-R1,36.4,ng/wet g,0.01,0.02,85,1,-59,OK,9/24/2020,EPA 245.7,Leeman Hydra AF Gold+,,Y,Pseudopleuronectes americanus,205,,140,,,
3/18/2026,2011810,NCA_GA-10174,NCA20_GA-10024,1,7/1/2020,,GA,MARINE,Southeast,,PHYSIS,FPLG,TISSUE,HG,REGULAR,7439-97-6,E-21051,160412,76274-R1,46.2,ng/wet g,0.01,0.02,85,1,-59,OK,9/24/2020,EPA 245.7,Leeman Hydra AF Gold+,,N,Leiostomus xanthurus,190,,82,,,
3/18/2026,2011801,NCA_TX-10359,NCA20_TX-10039,1,6/30/2020,,TX,MARINE,Gulf,,PHYSIS,FPLG,TISSUE,HG,REGULAR,7439-97-6,E-21052,145372,76306-R1,231,ng/wet g,0.01,0.02,87,1,-59,Q,9/25/2020,EPA 245.7,Leeman Hydra AF Gold+,This sample has been thawed for 7 days,Y,Bagre marinus,450,396,670,570,S,Sample thawed for 7 days in shipping
3/18/2026,2011804,NGL_MI-10528,NGL20_MI-10060,1,6/30/2020,,MI,GREAT_LAKES,Great Lakes,Lake Huron,PHYSIS,FPLG,TISSUE,HG,REGULAR,7439-97-6,E-21034,156112,76263-R1,236,ng/wet g,0.01,0.02,71,1,-59,OK,9/9/2020,EPA 245.7,Leeman Hydra AF Gold+,,Y,Moxostoma erythrurum,491,,1220,,,
3/18/2026,2011805,NGL_WI-10016,NGL20_WI-10005,1,6/30/2020,,WI,GREAT_LAKES,Great Lakes,Lake Michigan,PHYSIS,FPLG,TISSUE,HG,REGULAR,7439-97-6,E-21034,155392,76268-R1,195,ng/wet g,0.01,0.02,71,1,-59,OK,9/9/2020,EPA 245.7,Leeman Hydra AF Gold+,,Y,Lota lota,521,,1300,,,
3/18/2026,2011811,NCA_GA-10151,NCA20_GA-10001,1,7/1/2020,,GA,MARINE,Southeast,,PHYSIS,FPLG,TISSUE,HG,REGULAR,7439-97-6,E-21051,160432,76275-R1,73.1,ng/wet g,0.01,0.02,85,1,-59,OK,9/24/2020,EPA 245.7,Leeman Hydra AF Gold+,,N,Paralichthys lethostigma,342,,449,,,
3/18/2026,2011812,NCA_TX-10357,NCA20_TX-10037,1,7/1/2020,,TX,MARINE,Gulf,,PHYSIS,FPLG,TISSUE,HG,REGULAR,7439-97-6,E-21051,145152,76283-R1,77,ng/wet g,0.01,0.02,85,1,-59,OK,9/24/2020,EPA 245.7,Leeman Hydra AF Gold+,,Y,Bagre marinus,350,,480,,,
3/18/2026,2011815,NCA_MS-10150,NCA20_MS-10015,1,7/1/2020,,MS,MARINE,Gulf,,PHYSIS,FPLG,TISSUE,HG,REGULAR,7439-97-6,E-21051,148532,76289-R1,51.5,ng/wet g,0.01,0.02,85,1,-59,OK,9/24/2020,EPA 245.7,Leeman Hydra AF Gold+,,Y,Ariopsis felis,261,216,113,85,,
3/18/2026,2011817,NCA_VA-10357,NCA20_VA-10024,1,7/1/2020,,VA,MARINE,Northeast,,PHYSIS,FPLG,TISSUE,HG,REGULAR,7439-97-6,E-21052,161852,76297-R1,129,ng/wet g,0.01,0.02,86,1,-59,OK,9/25/2020,EPA 245.7,Leeman Hydra AF Gold+,,Y,Morone saxatilis,538,502,1262,1110,,
3/18/2026,2011818,NCA_TX-10356,NCA20_TX-10036,1,7/1/2020,,TX,MARINE,Gulf,,PHYSIS,FPLG,TISSUE,HG,REGULAR,7439-97-6,E-21052,146532,76307-R1,74.1,ng/wet g,0.01,0.02,86,1,-59,Q,9/25/2020,EPA 245.7,Leeman Hydra AF Gold+,This sample has been thawed for 7 days,Y,Ariopsis felis,334,,480,,S,Sample thawed for 7 days in shipping
3/18/2026,2011813,NCA_MS-10136,NCA20_MS-10001,2,6/30/2020,,MS,MARINE,Gulf,,PHYSIS,FPLG,TISSUE,HG,REGULAR,7439-97-6,E-21051,,76284-R1,255,ng/wet g,0.01,0.02,86,1,-59,OK,9/24/2020,EPA 245.7,Leeman Hydra AF Gold+,,N,,,,,,Q,Exclude from analysis. VISIT_NO = 2; no specimen data available
3/18/2026,2011814,NCA_MS-10177,NCA20_MS-10011,2,7/1/2020,,MS,MARINE,Gulf,,PHYSIS,FPLG,TISSUE,HG,REGULAR,7439-97-6,E-21051,,76288-R1,64.7,ng/wet g,0.01,0.02,85,1,-59,OK,9/24/2020,EPA 245.7,Leeman Hydra AF Gold+,,,,,,,,Q,Exclude from analysis. VISIT_NO = 2; no specimen data available
3/18/2026,2011819,NCA_TX-10248,NCA20_TX-10012,1,7/1/2020,,TX,MARINE,Gulf,,PHYSIS,FPLG,TISSUE,HG,REGULAR,7439-97-6,E-21052,146592,76308-R1,153,ng/wet g,0.01,0.02,86,1,-59,Q,9/25/2020,EPA 245.7,Leeman Hydra AF Gold+,This sample has been thawed for 7 days,N,Menticirrhus americanus,254,259,210,240,S,Sample thawed for 7 days in shipping
3/18/2026,2011831,NCA_WA-10333,NCA20_WA-40006,1,7/5/2020,,WA,MARINE,West,,PHYSIS,FPLG,TISSUE,HG,REGULAR,7439-97-6,E-21052,159532,76300-R1,204,ng/wet g,0.01,0.02,82,1,-59,OK,9/25/2020,EPA 245.7,Leeman Hydra AF Gold+,,Y,Citharichthys sordidus,260,260,200,260,,
3/18/2026,2011832,NGL_MN-10024,NGL20_MN-10006,1,7/7/2020,,MN,GREAT_LAKES,Great Lakes,Lake Superior,PHYSIS,FPLG,TISSUE,HG,REGULAR,7439-97-6,E-21052,155052,76304-R1,152,ng/wet g,0.01,0.02,80,1,-59,OK,9/25/2020,EPA 245.7,Leeman Hydra AF Gold+,,Y,Salvelinus namaycush,545,575,1160,1520,,
3/18/2026,2011833,NCA_WA-10345,NCA20_WA-40012,1,7/5/2020,,WA,MARINE,West,,PHYSIS,FPLG,TISSUE,HG,REGULAR,7439-97-6,E-21052,159032,76301-R1,132,ng/wet g,0.01,0.02,82,1,-59,OK,9/25/2020,EPA 245.7,Leeman Hydra AF Gold+,,Y,Citharichthys sordidus,265,254,220,160,,
3/18/2026,2011834,NCA_WA-10341,NCA20_WA-40020,1,7/5/2020,,WA,MARINE,West,,PHYSIS,FPLG,TISSUE,HG,REGULAR,7439-97-6,E-21052,159592,76302-R1,68.7,ng/wet g,0.01,0.02,82,1,-59,OK,9/25/2020,EPA 245.7,Leeman Hydra AF Gold+,,Y,Citharichthys sordidus,270,245,200,140,,
3/18/2026,2011838,NGL_NY-10001,NGL20_NY-10001,1,7/7/2020,,NY,GREAT_LAKES,Great Lakes,Lake Erie,PHYSIS,FPLG,TISSUE,HG,REGULAR,7439-97-6,E-21064,150872,76326-R1,184,ng/wet g,0.01,0.02,106,1,-59,OK,10/21/2020,EPA 245.7,Leeman Hydra AF Gold+,,Y,Micropterus dolomieu,386,385,860,960,,
3/18/2026,2011820,NCA_FL-10363,NCA20_FL-10073,1,7/1/2020,,FL,MARINE,Gulf,,PHYSIS,FPLG,TISSUE,HG,REGULAR,7439-97-6,E-21051,149152,76276-R1,97,ng/wet g,0.01,0.02,85,1,-59,OK,9/24/2020,EPA 245.7,Leeman Hydra AF Gold+,,N,Orthopristis chrysoptera,195,,100,,,
3/18/2026,2011821,NCA_FL-10380,NCA20_FL-10115,1,7/1/2020,,FL,MARINE,Gulf,,PHYSIS,FPLG,TISSUE,HG,REGULAR,7439-97-6,E-21051,149012,76277-R1,265,ng/wet g,0.01,0.02,85,1,-59,OK,9/24/2020,EPA 245.7,Leeman Hydra AF Gold+,,Y,Ariopsis felis,365,365,480,480,,
3/18/2026,2011828,NGL_WI-10009,NGL20_WI-10001,2,7/1/2020,,WI,GREAT_LAKES,Great Lakes,Lake Michigan,PHYSIS,FPLG,TISSUE,HG,REGULAR,7439-97-6,E-21051,155272,76281-R1,147,ng/wet g,0.01,0.02,85,1,-59,OK,9/24/2020,EPA 245.7,Leeman Hydra AF Gold+,,Y,Catostomus catostomus,480,,1100,,,
3/18/2026,2011842,NCA_LA-10350,NCA20_LA-10044,1,7/7/2020,,LA,MARINE,Gulf,,PHYSIS,FPLG,TISSUE,HG,REGULAR,7439-97-6,E-21052,160012,76315-R1,65,ng/wet g,0.01,0.02,80,1,-59,OK,9/25/2020,EPA 245.7,Leeman Hydra AF Gold+,,Y,Ariopsis felis,210,,80,,,
3/18/2026,2011846,NCA_TX-10338,NCA20_TX-10021,1,7/8/2020,,TX,MARINE,Gulf,,PHYSIS,FPLG,TISSUE,HG,REGULAR,7439-97-6,E-21064,159572,76328-R1,186,ng/wet g,0.01,0.02,105,1,-59,OK,10/21/2020,EPA 245.7,Leeman Hydra AF Gold+,,Y,Ariopsis felis,275,260,320,180,,
3/18/2026,2011847,NCA_TX-10340,NCA20_TX-10023,1,7/8/2020,,TX,MARINE,Gulf,,PHYSIS,FPLG,TISSUE,HG,REGULAR,7439-97-6,E-21064,159652,76329-R1,193,ng/wet g,0.01,0.02,105,1,-59,OK,10/21/2020,EPA 245.7,Leeman Hydra AF Gold+,,Y,Ariopsis felis,380,315,460,220,,
3/18/2026,2011848,NCA_CA-10304,NCA20_CA-10041,1,7/7/2020,,CA,MARINE,West,,PHYSIS,FPLG,TISSUE,HG,REGULAR,7439-97-6,E-21052,149792,76309-R1,77.3,ng/wet g,0.01,0.02,80,1,-59,OK,9/25/2020,EPA 245.7,Leeman Hydra AF Gold+,,N,Paralichthys californicus,228,214,140,100,,
3/18/2026,2011849,NCA_CA-10194,NCA20_CA-10052,1,7/7/2020,,CA,MARINE,West,,PHYSIS,FPLG,TISSUE,HG,REGULAR,7439-97-6,E-21052,149952,76310-R1,66.4,ng/wet g,0.01,0.02,80,1,-59,OK,9/25/2020,EPA 245.7,Leeman Hydra AF Gold+,,Y,Paralichthys californicus,252,191,180,100,,
3/18/2026,2011839,NCA_TX-10350,NCA20_TX-10078,1,7/7/2020,,TX,MARINE,Gulf,,PHYSIS,FPLG,TISSUE,HG,REGULAR,7439-97-6,E-21052,159792,76313-R1,293,ng/wet g,0.01,0.02,80,1,-59,OK,9/25/2020,EPA 245.7,Leeman Hydra AF Gold+,,N,Ariopsis felis,378,261,510,140,,
3/18/2026,2011840,NCA_TX-10345,NCA20_TX-10029,1,7/7/2020,,TX,MARINE,Gulf,,PHYSIS,FPLG,TISSUE,HG,REGULAR,7439-97-6,E-21052,146552,76314-R1,248,ng/wet g,0.01,0.02,80,1,-59,OK,9/25/2020,EPA 245.7,Leeman Hydra AF Gold+,,Y,Ariopsis felis,415,377,580,440,,
3/18/2026,2011850,NCA_LA-10139,NCA20_LA-10009,1,7/8/2020,,LA,MARINE,Gulf,,PHYSIS,FPLG,TISSUE,HG,REGULAR,7439-97-6,E-21052,159332,76316-R1,93.7,ng/wet g,0.01,0.02,79,1,-59,OK,9/25/2020,EPA 245.7,Leeman Hydra AF Gold+,,Y,Bagre marinus,352,,390,,,
3/18/2026,2011854,NCA_SC-10381,NCA20_SC-10106,1,7/8/2020,,SC,MARINE,Southeast,,NOAA/NCCOS_CHS,FPLG,TISSUE,HG,REGULAR,7439-97-6,1123,144352,,293,ng/wet g,1.018,3.054,280,,-2,OK,4/14/2021,EPA245.7,DMA-80,,N,Pomatomus saltatrix,318,,280,,Q,"For this batch, Matrix Spike (CRM) and Blank Spike Results, MDL, and RL  reported in dry wt. Estimated wet wt based upon average % moisture of samples. Sample MDL high; RL meets NCCA 5 ng/wet g specification; RPD between Lab Duplicates elevated (> 61%)in this batch."
3/18/2026,2011855,NCA_CA-10289,NCA20_CA-10080,1,7/8/2020,,CA,MARINE,West,,PHYSIS,FPLG,TISSUE,HG,REGULAR,7439-97-6,E-21052,149632,76311-R1,64.4,ng/wet g,0.01,0.02,79,1,-59,OK,9/25/2020,EPA 245.7,Leeman Hydra AF Gold+,,Y,Paralichthys californicus,305,265,340,220,,
3/18/2026,2011857,NCA_VA-10361,NCA20_VA-10028,1,7/8/2020,,VA,MARINE,Northeast,,PHYSIS,FPLG,TISSUE,HG,REGULAR,7439-97-6,E-21052,160232,76312-R1,24,ng/wet g,0.01,0.02,79,1,-59,OK,9/25/2020,EPA 245.7,Leeman Hydra AF Gold+,,N,Sciaenops ocellatus,200,251,81,159,,
3/18/2026,2011858,NCA_RI-10116,NCA20_RI-10005,1,7/9/2020,,RI,MARINE,Northeast,,PHYSIS,FPLG,TISSUE,HG,REGULAR,7439-97-6,E-21064,164872,76327-R1,129,ng/wet g,0.01,0.02,104,1,-59,OK,10/21/2020,EPA 245.7,Leeman Hydra AF Gold+,,Y,Stenotomus chrysops,303,280,280,280,,
3/18/2026,2011861,NCA_TX-10362,NCA20_TX-10086,1,7/9/2020,,TX,MARINE,Gulf,,PHYSIS,FPLG,TISSUE,HG,REGULAR,7439-97-6,E-21064,159952,76330-R1,183,ng/wet g,0.01,0.02,104,1,-59,OK,10/21/2020,EPA 245.7,Leeman Hydra AF Gold+,,Y,Ariopsis felis,315,314,300,300,,
3/18/2026,2011859,NGL_MI-10077,NGL20_MI-10039,1,7/9/2020,,MI,GREAT_LAKES,Great Lakes,Lake Huron,PHYSIS,FPLG,TISSUE,HG,REGULAR,7439-97-6,E-21064,156692,76321-R1,55.9,ng/wet g,0.01,0.02,104,1,-59,OK,10/21/2020,EPA 245.7,Leeman Hydra AF Gold+,,Y,Moxostoma anisurum,449,473,1040,1180,,
3/18/2026,2011862,NCA_TX-10339,NCA20_TX-10022,1,7/9/2020,,TX,MARINE,Gulf,,PHYSIS,FPLG,TISSUE,HG,REGULAR,7439-97-6,E-21064,159892,76331-R1,30.8,ng/wet g,0.01,0.02,104,1,-59,OK,10/21/2020,EPA 245.7,Leeman Hydra AF Gold+,,Y,Leiostomus xanthurus,221,218,140,140,,
3/18/2026,2011864,NCA_LA-10140,NCA20_LA-10010,1,7/9/2020,,LA,MARINE,Gulf,,PHYSIS,FPLG,TISSUE,HG,REGULAR,7439-97-6,E-21064,159852,76332-R1,179,ng/wet g,0.01,0.02,104,1,-59,OK,10/21/2020,EPA 245.7,Leeman Hydra AF Gold+,,Y,Bagre marinus,478,,900,,,
3/18/2026,2011870,NCA_RI-10142,NCA20_RI-10008,1,7/10/2020,,RI,MARINE,Northeast,,PHYSIS,FPLG,TISSUE,HG,REGULAR,7439-97-6,E-21064,159092,76325-R1,161,ng/wet g,0.01,0.02,103,1,-59,OK,10/21/2020,EPA 245.7,Leeman Hydra AF Gold+,,Y,Stenotomus chrysops,308,290,400,260,,
3/18/2026,2011871,NGL_NY-10002,NGL20_NY-10002,1,7/10/2020,,NY,GREAT_LAKES,Great Lakes,Lake Erie,PHYSIS,FPLG,TISSUE,HG,REGULAR,7439-97-6,E-21064,150392,76322-R1,132,ng/wet g,0.01,0.02,103,1,-59,OK,10/21/2020,EPA 245.7,Leeman Hydra AF Gold+,,Y,Aplodinotus grunniens,490,,1600,,,
3/18/2026,2011875,NCA_RI-10107,NCA20_RI-10004,1,7/12/2020,,RI,MARINE,Northeast,,PHYSIS,FPLG,TISSUE,HG,REGULAR,7439-97-6,E-21064,164732,76324-R1,174,ng/wet g,0.01,0.02,101,1,-59,OK,10/21/2020,EPA 245.7,Leeman Hydra AF Gold+,,Y,Stenotomus chrysops,291,287,400,220,,
3/18/2026,2011876,NCA_RI-10141,NCA20_RI-10032,1,7/13/2020,,RI,MARINE,Northeast,,PHYSIS,FPLG,TISSUE,HG,REGULAR,7439-97-6,E-21065,164832,76349-R1,61.3,ng/wet g,0.01,0.02,105,1,-58,OK,10/26/2020,EPA 245.7,Leeman Hydra AF Gold+,,Y,Paralichthys dentatus,359,,460,,,
3/18/2026,2011877,NCA_CT-10079,NCA20_CT-10003,1,7/13/2020,,CT,MARINE,Northeast,,PHYSIS,FPLG,TISSUE,HG,REGULAR,7439-97-6,E-24031,147272,81954-R1,71.1,ng/wet g,0.01,0.02,304,1,-41,OK,5/13/2021,EPA 245.7,Leeman Hydra AF Gold+,,Y,Stenotomus chrysops,252,240,340,240,,
3/18/2026,2011863,NCA_TX-10344,NCA20_TX-10028,1,7/9/2020,,TX,MARINE,Gulf,,PHYSIS,FPLG,TISSUE,HG,REGULAR,7439-97-6,E-21065,160072,76346-R1,124,ng/wet g,0.01,0.02,109,1,-59,OK,10/26/2020,EPA 245.7,Leeman Hydra AF Gold+,,Y,Ariopsis felis,379,293,500,180,,
3/18/2026,2011867,NCA_LA-10346,NCA20_LA-10040,1,7/9/2020,,LA,MARINE,Gulf,,PHYSIS,FPLG,TISSUE,HG,REGULAR,7439-97-6,E-21064,159872,76333-R1,83.1,ng/wet g,0.01,0.02,104,1,-59,OK,10/21/2020,EPA 245.7,Leeman Hydra AF Gold+,,Y,Bagre marinus,334,340,320,320,,
3/18/2026,2011869,NGL_NY-10223,NGL20_NY-10065,1,7/10/2020,,NY,GREAT_LAKES,Great Lakes,Lake Ontario,PHYSIS,FPLG,TISSUE,HG,REGULAR,7439-97-6,E-21064,150432,76334-R1,289,ng/wet g,0.01,0.02,103,1,-59,OK,10/21/2020,EPA 245.7,Leeman Hydra AF Gold+,,N,Micropterus dolomieu,465,391,1460,920,,
3/18/2026,2011878,NCA_CT-10080,NCA20_CT-10004,1,8/17/2020,,CT,MARINE,Northeast,,PHYSIS,FPLG,TISSUE,HG,REGULAR,7439-97-6,E-24030,147152,81946-R1,61.5,ng/wet g,0.01,0.02,268,1,-41,OK,5/12/2021,EPA 245.7,Leeman Hydra AF Gold+,,Y,Stenotomus chrysops,210,200,220,200,,
3/18/2026,2011879,NCA_ME-10301,NCA20_ME-10033,1,7/13/2020,,ME,MARINE,Northeast,,PHYSIS,FPLG,TISSUE,HG,REGULAR,7439-97-6,E-21134,144772,80209-R1,65.2,ng/wet g,0.01,0.02,238,1,-33,OK,3/8/2021,EPA 245.7,Leeman Hydra AF Gold+,,Y,Pollachius virens,245,254,140,140,,
3/18/2026,2011880,NCA_ME-10164,NCA20_ME-10006,1,7/13/2020,,ME,MARINE,Northeast,,PHYSIS,FPLG,TISSUE,HG,REGULAR,7439-97-6,E-21092,144452,77041-R1,16.6,ng/wet g,0.01,0.02,135,1,-58,OK,11/25/2020,EPA 245.7,Leeman Hydra AF Gold+,,N,Scomber scombrus,260,,150,,,
3/18/2026,2011884,NGL_NY-10015,NGL20_NY-10036,1,7/14/2020,,NY,GREAT_LAKES,Great Lakes,Lake Ontario,PHYSIS,FPLG,TISSUE,HG,REGULAR,7439-97-6,E-21065,150912,76352-R1,126,ng/wet g,0.01,0.02,104,1,-58,OK,10/26/2020,EPA 245.7,Leeman Hydra AF Gold+,,N,Micropterus dolomieu,293,312,750,1250,,
3/18/2026,2011886,NGL_WI-10108,NGL20_WI-10014,1,7/14/2020,,WI,GREAT_LAKES,Great Lakes,Lake Michigan,PHYSIS,FPLG,TISSUE,HG,REGULAR,7439-97-6,E-21065,155672,76353-R1,27.7,ng/wet g,0.01,0.02,104,1,-58,OK,10/26/2020,EPA 245.7,Leeman Hydra AF Gold+,,Y,Aplodinotus grunniens,342,308,520,360,,
3/18/2026,2011889,NCA_CA-10312,NCA20_CA-10050,1,7/13/2020,,CA,MARINE,West,,PHYSIS,FPLG,TISSUE,HG,REGULAR,7439-97-6,E-21064,149672,76336-R1,64.3,ng/wet g,0.01,0.02,100,1,-59,OK,10/21/2020,EPA 245.7,Leeman Hydra AF Gold+,,Y,Platichthys stellatus,314,337,380,640,,
3/18/2026,2011885,NCA_GA-10166,NCA20_GA-10016,1,7/14/2020,,GA,MARINE,Southeast,,PHYSIS,FPLG,TISSUE,HG,REGULAR,7439-97-6,E-21066,160352,76988-R1,79.4,ng/wet g,0.01,0.02,118,1,-58,OK,11/9/2020,EPA 245.7,Leeman Hydra AF Gold+,,N,Menticirrhus americanus,243,252,134,171,,
3/18/2026,2011887,NCA_SC-10230,NCA20_SC-10004,1,7/14/2020,,SC,MARINE,Southeast,,NOAA/NCCOS_CHS,FPLG,TISSUE,HG,REGULAR,7439-97-6,1123,146712,,125.4,ng/wet g,0.765666667,2.297,275,,-2,OK,4/15/2021,EPA245.7,DMA-80,,N,Paralichthys dentatus,420,,900,,Q,"For this batch, Matrix Spike (CRM) and Blank Spike Results, MDL, and RL  reported in dry wt. Estimated wet wt based upon average % moisture of samples. Sample MDL high; RL meets NCCA 5 ng/wet g specification; RPD between Lab Duplicates elevated (> 61%)in this batch."
3/18/2026,2011894,NCA_ME-10160,NCA20_ME-10001,1,7/14/2020,,ME,MARINE,Northeast,,PHYSIS,FPLG,TISSUE,HG,REGULAR,7439-97-6,E-21092,144652,77039-R1,29.9,ng/wet g,0.01,0.02,134,1,-58,OK,11/25/2020,EPA 245.7,Leeman Hydra AF Gold+,,Y,Merluccius bilinearis,285,280,140,140,,
3/18/2026,2011893,NCA_ME-10294,NCA20_ME-10026,1,7/14/2020,,ME,MARINE,Northeast,,PHYSIS,FPLG,TISSUE,HG,REGULAR,7439-97-6,E-21092,144012,77037-R1,45.4,ng/wet g,0.01,0.02,134,1,-58,OK,11/25/2020,EPA 245.7,Leeman Hydra AF Gold+,,N,Pollachius virens,265,,180,,,
3/18/2026,2011899,NGL_MI-10556,NGL20_MI-10155,1,7/14/2020,,MI,GREAT_LAKES,Great Lakes,Lake Superior,PHYSIS,FPLG,TISSUE,HG,REGULAR,7439-97-6,E-21065,150332,76350-R1,39.4,ng/wet g,0.01,0.02,104,1,-58,OK,10/26/2020,EPA 245.7,Leeman Hydra AF Gold+,,Y,Coregonus clupeaformis,452,431,640,540,,
3/18/2026,2011901,NCA_SC-10384,NCA20_SC-10111,1,7/14/2020,,SC,MARINE,Southeast,,NOAA/NCCOS_CHS,FPLG,TISSUE,HG,REGULAR,7439-97-6,1123,146772,,84.7,ng/wet g,0.803666667,2.411,274,,-2,OK,4/14/2021,EPA245.7,DMA-80,,Y,Micropogonias undulatus,216,190,120,100,Q,"For this batch, Matrix Spike (CRM) and Blank Spike Results, MDL, and RL  reported in dry wt. Estimated wet wt based upon average % moisture of samples. Sample MDL high; RL meets NCCA 5 ng/wet g specification; RPD between Lab Duplicates elevated (> 61%)in this batch."
3/18/2026,2011895,NGL_NY-10029,NGL20_NY-10050,1,7/14/2020,,NY,GREAT_LAKES,Great Lakes,Lake Ontario,PHYSIS,FPLG,TISSUE,HG,REGULAR,7439-97-6,E-21064,150452,76337-R1,608,ng/wet g,0.01,0.02,99,1,-59,OK,10/21/2020,EPA 245.7,Leeman Hydra AF Gold+,,N,Micropterus dolomieu,481,485,1090,1770,,
3/18/2026,2011900,NGL_MI-10005,NGL20_MI-10134,1,7/14/2020,,MI,GREAT_LAKES,Great Lakes,Lake Superior,PHYSIS,FPLG,TISSUE,HG,REGULAR,7439-97-6,E-21065,150312,76345-R1,227,ng/wet g,0.01,0.02,104,1,-59,OK,10/26/2020,EPA 245.7,Leeman Hydra AF Gold+,,Y,Catostomus catostomus,492,478,1200,1060,,
3/18/2026,2011902,NCA_SC-10385,NCA20_SC-10112,1,7/14/2020,,SC,MARINE,Southeast,,NOAA/NCCOS_CHS,FPLG,TISSUE,HG,REGULAR,7439-97-6,1123,144332,,81.6,ng/wet g,0.642333333,1.927,274,,-2,OK,4/14/2021,EPA245.7,DMA-80,,Y,Menticirrhus americanus,270,245,220,160,Q,"For this batch, Matrix Spike (CRM) and Blank Spike Results, MDL, and RL  reported in dry wt. Estimated wet wt based upon average % moisture of samples. Sample MDL high; RL meets NCCA 5 ng/wet g specification; RPD between Lab Duplicates elevated (> 61%)in this batch."
3/18/2026,2011908,NCA_GA-10173,NCA20_GA-10023,1,7/15/2020,,GA,MARINE,Southeast,,PHYSIS,FPLG,TISSUE,HG,REGULAR,7439-97-6,E-21066,164492,76995-R1,4.86,ng/wet g,0.01,0.02,117,1,-58,OK,11/9/2020,EPA 245.7,Leeman Hydra AF Gold+,,N,Mugil cephalus,246,277,170,236,L,"Detected at less than the reporting limit, therefore the value is considered and estimate."
3/18/2026,2011904,NGL_NY-10236,NGL20_NY-10078,1,7/15/2020,,NY,GREAT_LAKES,Great Lakes,Lake Ontario,PHYSIS,FPLG,TISSUE,HG,REGULAR,7439-97-6,E-21065,150972,76355-R1,89.5,ng/wet g,0.01,0.02,103,1,-58,OK,10/26/2020,EPA 245.7,Leeman Hydra AF Gold+,,N,Perca flavescens,199,,160,,,
3/18/2026,2011905,NCA_VA-10190,NCA20_VA-10009,1,7/15/2020,,VA,MARINE,Northeast,,PHYSIS,FPLG,TISSUE,HG,REGULAR,7439-97-6,E-21065,160152,76363-R1,48.4,ng/wet g,0.01,0.02,103,1,-58,OK,10/26/2020,EPA 245.7,Leeman Hydra AF Gold+,,N,Leiostomus xanthurus,226,191,174,103,,
3/18/2026,2011906,NCA_VA-10356,NCA20_VA-10023,1,7/15/2020,,VA,MARINE,Northeast,,PHYSIS,FPLG,TISSUE,HG,REGULAR,7439-97-6,E-21052,164992,76299-R1,7.46,ng/wet g,0.01,0.02,72,1,-59,OK,9/25/2020,EPA 245.7,Leeman Hydra AF Gold+,,N,Dorosoma cepedianum,382,,509,,,
3/18/2026,2011911,NCA_SC-10382,NCA20_SC-10107,1,7/15/2020,,SC,MARINE,Southeast,,NOAA/NCCOS_CHS,FPLG,TISSUE,HG,REGULAR,7439-97-6,1123,144272,,106.8,ng/wet g,0.834333333,2.503,273,,-2,OK,4/14/2021,EPA245.7,DMA-80,,N,Bairdiella chrysoura,196,,100,,Q,"For this batch, Matrix Spike (CRM) and Blank Spike Results, MDL, and RL  reported in dry wt. Estimated wet wt based upon average % moisture of samples. Sample MDL high; RL meets NCCA 5 ng/wet g specification; RPD between Lab Duplicates elevated (> 61%)in this batch."
3/18/2026,2011909,NCA_GA-10168,NCA20_GA-10018,1,7/15/2020,,GA,MARINE,Southeast,,PHYSIS,FPLG,TISSUE,HG,REGULAR,7439-97-6,E-21066,164512,76993-R1,3.92,ng/wet g,0.01,0.02,117,1,-58,OK,11/9/2020,EPA 245.7,Leeman Hydra AF Gold+,,N,Mugil cephalus,270,263,211,219,L,"Detected at less than the reporting limit, therefore the value is considered and estimate."
3/18/2026,2011910,NCA_SC-10380,NCA20_SC-10104,1,7/15/2020,,SC,MARINE,Southeast,,NOAA/NCCOS_CHS,FPLG,TISSUE,HG,REGULAR,7439-97-6,1123,146752,,34.9,ng/wet g,0.972333333,2.917,273,,-2,OK,4/14/2021,EPA245.7,DMA-80,,Y,Micropogonias undulatus,208,210,160,160,Q,"For this batch, Matrix Spike (CRM) and Blank Spike Results, MDL, and RL  reported in dry wt. Estimated wet wt based upon average % moisture of samples. Sample MDL high; RL meets NCCA 5 ng/wet g specification; RPD between Lab Duplicates elevated (> 61%)in this batch."
3/18/2026,2011913,NCA_RI-10105,NCA20_RI-10003,1,7/15/2020,,RI,MARINE,Northeast,,PHYSIS,FPLG,TISSUE,HG,REGULAR,7439-97-6,E-21064,164792,76340-R1,156,ng/wet g,0.01,0.02,98,1,-59,OK,10/21/2020,EPA 245.7,Leeman Hydra AF Gold+,,Y,Stenotomus chrysops,312,275,420,340,,
3/18/2026,2011912,NGL_OH-10001,NGL20_OH-10001,1,7/28/2020,,OH,GREAT_LAKES,Great Lakes,Lake Erie,PHYSIS,FPLG,TISSUE,HG,REGULAR,7439-97-6,E-21091,155232,77023-R1,167,ng/wet g,0.01,0.02,118,1,-58,OK,11/23/2020,EPA 245.7,Leeman Hydra AF Gold+,,,Aplodinotus grunniens,556,,640,,,
3/18/2026,2011914,NCA_CT-10290,NCA20_CT-20075,1,7/14/2020,,CT,MARINE,Northeast,,PHYSIS,FPLG,TISSUE,HG,REGULAR,7439-97-6,E-24030,147252,81944-R1,130,ng/wet g,0.01,0.02,302,1,-41,OK,5/12/2021,EPA 245.7,Leeman Hydra AF Gold+,,Y,Stenotomus chrysops,268,255,500,400,,
3/18/2026,2011915,NCA_NY-10161,NCA20_NY-10004,1,7/14/2020,,NY,MARINE,Northeast,,PHYSIS,FPLG,TISSUE,HG,REGULAR,7439-97-6,E-24030,147212,81943-R1,75.9,ng/wet g,0.01,0.02,302,1,-41,OK,5/12/2021,EPA 245.7,Leeman Hydra AF Gold+,,N,Stenotomus chrysops,192,200,180,220,,
3/18/2026,2011917,NGL_NY-10026,NGL20_NY-10047,1,7/15/2020,,NY,GREAT_LAKES,Great Lakes,Lake Ontario,PHYSIS,FPLG,TISSUE,HG,REGULAR,7439-97-6,E-21064,150612,76335-R1,333,ng/wet g,0.01,0.02,98,1,-59,OK,10/21/2020,EPA 245.7,Leeman Hydra AF Gold+,,N,Micropterus dolomieu,465,,1760,,,
3/18/2026,2011916,NCA_ME-10161,NCA20_ME-10002,1,7/15/2020,,ME,MARINE,Northeast,,PHYSIS,FPLG,TISSUE,HG,REGULAR,7439-97-6,E-21092,144692,77038-R1,16.2,ng/wet g,0.01,0.02,133,1,-58,OK,11/25/2020,EPA 245.7,Leeman Hydra AF Gold+,,Y,Pseudopleuronectes americanus,195,200,100,120,,
3/18/2026,2011918,NCA_ME-10297,NCA20_ME-10029,1,7/15/2020,,ME,MARINE,Northeast,,PHYSIS,FPLG,TISSUE,HG,REGULAR,7439-97-6,E-21066,164152,76989-R1,17.1,ng/wet g,0.01,0.02,117,1,-58,OK,11/9/2020,EPA 245.7,Leeman Hydra AF Gold+,,Y,Pseudopleuronectes americanus,225,221,140,100,,
3/18/2026,2011919,NCA_LA-10382,NCA20_LA-10066,1,7/15/2020,,LA,MARINE,Gulf,,PHYSIS,FPLG,TISSUE,HG,REGULAR,7439-97-6,E-21064,160052,76338-R1,230,ng/wet g,0.01,0.02,98,1,-59,OK,10/21/2020,EPA 245.7,Leeman Hydra AF Gold+,,Y,Ariopsis felis,385,332,620,360,,
3/18/2026,2011923,NCA_TX-10337,NCA20_TX-10020,1,7/15/2020,,TX,MARINE,Gulf,,PHYSIS,FPLG,TISSUE,HG,REGULAR,7439-97-6,E-21065,159612,76348-R1,273,ng/wet g,0.01,0.02,103,1,-59,OK,10/26/2020,EPA 245.7,Leeman Hydra AF Gold+,,Y,Ariopsis felis,301,,190,,,
3/18/2026,2011924,NCA_SC-10217,NCA20_SC-10007,1,7/21/2020,,SC,MARINE,Southeast,,NOAA/NCCOS_CHS,FPLG,TISSUE,HG,REGULAR,7439-97-6,1123,144252,,84.7,ng/wet g,1.159666667,3.479,267,,-2,OK,4/14/2021,EPA245.7,DMA-80,,N,Micropogonias undulatus,203,200,113,113,Q,"For this batch, Matrix Spike (CRM) and Blank Spike Results, MDL, and RL  reported in dry wt. Estimated wet wt based upon average % moisture of samples. Sample MDL high; RL meets NCCA 5 ng/wet g specification; RPD between Lab Duplicates elevated (> 61%)in this batch."
3/18/2026,2011925,NCA_CA-10214,NCA20_CA-10023,1,7/15/2020,,CA,MARINE,West,,PHYSIS,FPLG,TISSUE,HG,REGULAR,7439-97-6,E-21065,149872,76356-R1,35.2,ng/wet g,0.01,0.02,103,1,-58,OK,10/26/2020,EPA 245.7,Leeman Hydra AF Gold+,,N,Platichthys stellatus,380,291,820,360,,
3/18/2026,2011926,NCA_CA-10309,NCA20_CA-10046,1,7/15/2020,,CA,MARINE,West,,PHYSIS,FPLG,TISSUE,HG,REGULAR,7439-97-6,E-21065,149772,76357-R1,35.4,ng/wet g,0.01,0.02,103,1,-58,OK,10/26/2020,EPA 245.7,Leeman Hydra AF Gold+,,Y,Platichthys stellatus,194,202,140,140,,
3/18/2026,2011929,NCA_LA-10372,NCA20_LA-10055,1,7/16/2020,,LA,MARINE,Gulf,,PHYSIS,FPLG,TISSUE,HG,REGULAR,7439-97-6,E-21064,160092,76339-R1,107,ng/wet g,0.01,0.02,97,1,-59,OK,10/21/2020,EPA 245.7,Leeman Hydra AF Gold+,,Y,Ariopsis felis,366,414,440,640,,
3/18/2026,2011920,NCA_LA-10158,NCA20_LA-10026,1,7/15/2020,,LA,MARINE,Gulf,,PHYSIS,FPLG,TISSUE,HG,REGULAR,7439-97-6,E-21065,159992,76347-R1,59.9,ng/wet g,0.01,0.02,103,1,-59,OK,10/26/2020,EPA 245.7,Leeman Hydra AF Gold+,,Y,Ariopsis felis,345,328,400,360,,
3/18/2026,2011928,NGL_MI-10013,NGL20_MI-10141,1,7/15/2020,,MI,GREAT_LAKES,Great Lakes,Lake Superior,PHYSIS,FPLG,TISSUE,HG,REGULAR,7439-97-6,E-21065,150552,76351-R1,203,ng/wet g,0.01,0.02,103,1,-58,OK,10/26/2020,EPA 245.7,Leeman Hydra AF Gold+,,Y,Salvelinus namaycush,603,,2480,,,
3/18/2026,2011930,NCA_NY-10160,NCA20_NY-10003,1,7/15/2020,,NY,MARINE,Northeast,,PHYSIS,FPLG,TISSUE,HG,REGULAR,7439-97-6,E-24028,147232,81833-R1,130,ng/wet g,0.01,0.02,300,1,-41,OK,5/11/2021,EPA 245.7,Leeman Hydra AF Gold+,,Y,Stenotomus chrysops,278,290,490,500,,
3/18/2026,2011931,NCA_NY-10300,NCA20_NY-20082,1,7/15/2020,,NY,MARINE,Northeast,,PHYSIS,FPLG,TISSUE,HG,REGULAR,7439-97-6,E-24028,147172,81834-R1,102,ng/wet g,0.01,0.02,300,1,-41,OK,5/11/2021,EPA 245.7,Leeman Hydra AF Gold+,,Y,Stenotomus chrysops,250,250,360,400,,
3/18/2026,2011933,NCA_VA-10346,NCA20_VA-10012,1,7/16/2020,,VA,MARINE,Northeast,,PHYSIS,FPLG,TISSUE,HG,REGULAR,7439-97-6,E-21065,159112,76364-R1,50.1,ng/wet g,0.01,0.02,102,1,-58,OK,10/26/2020,EPA 245.7,Leeman Hydra AF Gold+,,N,Menticirrhus americanus,253,234,156,123,,
3/18/2026,2011935,NCA_ME-10163,NCA20_ME-10005,1,7/16/2020,,ME,MARINE,Northeast,,PHYSIS,FPLG,TISSUE,HG,REGULAR,7439-97-6,E-21066,164172,76998-R1,34.5,ng/wet g,0.01,0.02,116,1,-58,OK,11/9/2020,EPA 245.7,Leeman Hydra AF Gold+,,N,Pollachius virens,232,,120,,,
3/18/2026,2011938,NGL_MI-10559,NGL20_MI-10158,1,7/17/2020,,MI,GREAT_LAKES,Great Lakes,Lake Superior,PHYSIS,FPLG,TISSUE,HG,REGULAR,7439-97-6,E-21091,155832,77007-R1,190,ng/wet g,0.01,0.02,129,1,-58,OK,11/23/2020,EPA 245.7,Leeman Hydra AF Gold+,,Y,Catostomus catostomus,444,,860,,,
3/18/2026,2011940,NGL_OH-10078,NGL20_OH-10024,1,7/29/2020,,OH,GREAT_LAKES,Great Lakes,Lake Erie,PHYSIS,FPLG,TISSUE,HG,REGULAR,7439-97-6,E-21091,155252,77008-R1,211,ng/wet g,0.01,0.02,117,1,-58,OK,11/23/2020,EPA 245.7,Leeman Hydra AF Gold+,,Y,Aplodinotus grunniens,380,310,580,280,,
3/18/2026,2011932,NCA_NY-10302,NCA20_NY-20084,1,7/15/2020,,NY,MARINE,Northeast,,PHYSIS,FPLG,TISSUE,HG,REGULAR,7439-97-6,E-24028,147192,81835-R1,36.7,ng/wet g,0.01,0.02,300,1,-41,OK,5/11/2021,EPA 245.7,Leeman Hydra AF Gold+,,Y,Stenotomus chrysops,223,218,200,240,,
3/18/2026,2011934,NCA_ME-10162,NCA20_ME-10004,1,7/16/2020,,ME,MARINE,Northeast,,PHYSIS,FPLG,TISSUE,HG,REGULAR,7439-97-6,E-21066,164112,76997-R1,44.5,ng/wet g,0.01,0.02,116,1,-58,OK,11/9/2020,EPA 245.7,Leeman Hydra AF Gold+,,N,Hippoglossina oblonga,320,,250,,,
3/18/2026,2011939,NGL_MI-10016,NGL20_MI-10144,1,7/16/2020,,MI,GREAT_LAKES,Great Lakes,Lake Superior,PHYSIS,FPLG,TISSUE,HG,REGULAR,7439-97-6,E-21066,150472,77000-R1,64.5,ng/wet g,0.01,0.02,116,1,-58,OK,11/9/2020,EPA 245.7,Leeman Hydra AF Gold+,,Y,Oncorhynchus tshawytscha,476,,1040,,,
3/18/2026,2011946,NGL_WI-10102,NGL20_WI-10008,1,7/17/2020,,WI,GREAT_LAKES,Great Lakes,Lake Michigan,PHYSIS,FPLG,TISSUE,HG,REGULAR,7439-97-6,E-21065,155652,76362-R1,193,ng/wet g,0.01,0.02,101,1,-58,OK,10/26/2020,EPA 245.7,Leeman Hydra AF Gold+,,Y,Catostomus commersonii,476,476,1040,1140,,
3/18/2026,2011947,NGL_NY-10234,NGL20_NY-10076,1,7/19/2020,,NY,GREAT_LAKES,Great Lakes,Lake Ontario,PHYSIS,FPLG,TISSUE,HG,REGULAR,7439-97-6,E-21066,150672,76996-R1,370,ng/wet g,0.01,0.02,113,1,-58,OK,11/9/2020,EPA 245.7,Leeman Hydra AF Gold+,,N,Micropterus dolomieu,432,,1380,,,
3/18/2026,2011952,NCA_VA-10187,NCA20_VA-10001,1,8/10/2020,,VA,MARINE,Northeast,,PHYSIS,FPLG,TISSUE,HG,REGULAR,7439-97-6,E-21066,146892,76991-R1,181,ng/wet g,0.01,0.02,91,1,-58,OK,11/9/2020,EPA 245.7,Leeman Hydra AF Gold+,,Y,Cynoscion regalis,247,238,126.4,116.5,,
3/18/2026,2011953,NCA_VA-10188,NCA20_VA-10003,1,8/11/2020,,VA,MARINE,Northeast,,PHYSIS,FPLG,TISSUE,HG,REGULAR,7439-97-6,E-21066,146912,76983-R1,126,ng/wet g,0.01,0.02,90,1,-58,OK,11/9/2020,EPA 245.7,Leeman Hydra AF Gold+,,Y,Cynoscion regalis,238,220,124,110.4,,
3/18/2026,2011954,NCA_VA-10191,NCA20_VA-10005,1,8/18/2020,,VA,MARINE,Northeast,,PHYSIS,FPLG,TISSUE,HG,REGULAR,7439-97-6,E-21066,146612,76990-R1,100,ng/wet g,0.01,0.02,83,1,-58,OK,11/9/2020,EPA 245.7,Leeman Hydra AF Gold+,,Y,Cynoscion regalis,229,207,106.2,83.8,,
3/18/2026,2011956,NCA_VA-10193,NCA20_VA-10007,1,8/18/2020,,VA,MARINE,Northeast,,PHYSIS,FPLG,TISSUE,HG,REGULAR,7439-97-6,E-21066,146972,76984-R1,77.8,ng/wet g,0.01,0.02,83,1,-58,OK,11/9/2020,EPA 245.7,Leeman Hydra AF Gold+,,Y,Cynoscion regalis,232,233,123.3,112,,
3/18/2026,2011957,NCA_VA-10345,NCA20_VA-10011,1,8/10/2020,,VA,MARINE,Northeast,,PHYSIS,FPLG,TISSUE,HG,REGULAR,7439-97-6,E-21066,146872,76985-R1,22.1,ng/wet g,0.01,0.02,91,1,-58,OK,11/9/2020,EPA 245.7,Leeman Hydra AF Gold+,,Y,Leiostomus xanthurus,196,198,116.24,104.71,,
3/18/2026,2011958,NCA_VA-10350,NCA20_VA-10017,1,8/10/2020,,VA,MARINE,Northeast,,PHYSIS,FPLG,TISSUE,HG,REGULAR,7439-97-6,E-21066,146932,76986-R1,37.1,ng/wet g,0.01,0.02,91,1,-58,OK,11/9/2020,EPA 245.7,Leeman Hydra AF Gold+,,N,Leiostomus xanthurus,202,204,119.6,121.1,,
3/18/2026,2011959,NCA_VA-10351,NCA20_VA-10018,1,8/11/2020,,VA,MARINE,Northeast,,PHYSIS,FPLG,TISSUE,HG,REGULAR,7439-97-6,E-21066,146692,76987-R1,85,ng/wet g,0.01,0.02,90,1,-58,OK,11/9/2020,EPA 245.7,Leeman Hydra AF Gold+,,N,Cynoscion regalis,217,231,89.7,114.7,,
3/18/2026,2011960,NCA_LA-10351,NCA20_LA-10045,1,7/20/2020,,LA,MARINE,Gulf,,PHYSIS,FPLG,TISSUE,HG,REGULAR,7439-97-6,E-21091,159712,77019-R1,34,ng/wet g,0.01,0.02,126,1,-58,OK,11/23/2020,EPA 245.7,Leeman Hydra AF Gold+,,Y,Ariopsis felis,251,,130,,,
3/18/2026,2011945,NCA_ME-10181,NCA20_ME-10013,1,7/17/2020,,ME,MARINE,Northeast,,PHYSIS,FPLG,TISSUE,HG,REGULAR,7439-97-6,E-24001,164132,81291-R1,31.8,ng/wet g,0.01,0.02,265,1,-33,OK,4/8/2021,EPA 245.7,Leeman Hydra AF Gold+,,Y,Pseudopleuronectes americanus,300,260,400,260,,
3/18/2026,2011955,NGL_NY-10028,NGL20_NY-10049,1,7/20/2020,,NY,GREAT_LAKES,Great Lakes,Lake Ontario,PHYSIS,FPLG,TISSUE,HG,REGULAR,7439-97-6,E-21091,150952,77017-R1,53.4,ng/wet g,0.01,0.02,126,1,-58,OK,11/23/2020,EPA 245.7,Leeman Hydra AF Gold+,,Y,Dorosoma cepedianum,442,,860,,,
3/18/2026,2011962,NGL_MI-10010,NGL20_MI-10139,1,7/20/2020,,MI,GREAT_LAKES,Great Lakes,Lake Superior,PHYSIS,FPLG,TISSUE,HG,REGULAR,7439-97-6,E-21066,155872,77001-R1,78.3,ng/wet g,0.01,0.02,112,1,-58,OK,11/9/2020,EPA 245.7,Leeman Hydra AF Gold+,,Y,Catostomus commersonii,453,,1120,,,
3/18/2026,2011970,NCA_SC-10379,NCA20_SC-10103,1,7/21/2020,,SC,MARINE,Southeast,,NOAA/NCCOS_CHS,FPLG,TISSUE,HG,REGULAR,7439-97-6,1123,144072,,108.8,ng/wet g,0.6,1.8,267,,-2,OK,4/14/2021,EPA245.7,DMA-80,,N,Sciaenops ocellatus,463,,1060,,Q,"For this batch, Matrix Spike (CRM) and Blank Spike Results, MDL, and RL  reported in dry wt. Estimated wet wt based upon average % moisture of samples. Sample MDL high; RL meets NCCA 5 ng/wet g specification; RPD between Lab Duplicates elevated (> 61%)in this batch."
3/18/2026,2011963,NGL_MI-10555,NGL20_MI-10154,1,7/20/2020,,MI,GREAT_LAKES,Great Lakes,Lake Superior,PHYSIS,FPLG,TISSUE,HG,REGULAR,7439-97-6,E-21066,155852,77002-R1,43.5,ng/wet g,0.01,0.02,112,1,-58,OK,11/9/2020,EPA 245.7,Leeman Hydra AF Gold+,,Y,Prosopium cylindraceum,326,304,240,400,,
3/18/2026,2011968,NGL_OH-10012,NGL20_OH-10011,1,8/12/2020,,OH,GREAT_LAKES,Great Lakes,Lake Erie,PHYSIS,FPLG,TISSUE,HG,REGULAR,7439-97-6,E-21091,156632,77010-R1,67.5,ng/wet g,0.01,0.02,103,1,-58,OK,11/23/2020,EPA 245.7,Leeman Hydra AF Gold+,,N,Aplodinotus grunniens,274,340,240,400,,
3/18/2026,2011969,NCA_SC-10386,NCA20_SC-10113,1,7/21/2020,,SC,MARINE,Southeast,,NOAA/NCCOS_CHS,FPLG,TISSUE,HG,REGULAR,7439-97-6,1123,146732,,85.4,ng/wet g,1.119666667,3.359,268,,-2,OK,4/15/2021,EPA245.7,DMA-80,,N,Sciaenops ocellatus,467,,1240,,Q,"For this batch, Matrix Spike (CRM) and Blank Spike Results, MDL, and RL  reported in dry wt. Estimated wet wt based upon average % moisture of samples. Sample MDL high; RL meets NCCA 5 ng/wet g specification; RPD between Lab Duplicates elevated (> 61%)in this batch."
3/18/2026,2011971,NCA_SC-10383,NCA20_SC-10110,1,7/21/2020,,SC,MARINE,Southeast,,NOAA/NCCOS_CHS,FPLG,TISSUE,HG,REGULAR,7439-97-6,1123,144232,,207.6,ng/wet g,0.92,2.76,267,,-2,OK,4/14/2021,EPA245.7,DMA-80,,N,Lepisosteus osseus,463,,1060,,Q,"For this batch, Matrix Spike (CRM) and Blank Spike Results, MDL, and RL  reported in dry wt. Estimated wet wt based upon average % moisture of samples. Sample MDL high; RL meets NCCA 5 ng/wet g specification; RPD between Lab Duplicates elevated (> 61%)in this batch."
3/18/2026,2011972,NCA_LA-10377,NCA20_LA-10061,1,7/21/2020,,LA,MARINE,Gulf,,PHYSIS,FPLG,TISSUE,HG,REGULAR,7439-97-6,E-21091,163892,77013-R1,380,ng/wet g,0.01,0.02,125,1,-58,OK,11/23/2020,EPA 245.7,Leeman Hydra AF Gold+,,Y,Ariopsis felis,406,354,620,340,,
3/18/2026,2011974,NGL_NY-10014,NGL20_NY-10035,1,7/21/2020,,NY,GREAT_LAKES,Great Lakes,Lake Ontario,PHYSIS,FPLG,TISSUE,HG,REGULAR,7439-97-6,E-21104,157092,78743-R1,96.8,ng/wet g,0.01,0.02,141,1,-60,OK,12/9/2020,EPA 245.7,Leeman Hydra AF Gold+,,Y,Catostomus commersonii,455,,1040,,,
3/18/2026,2011976,NCA_LA-10203,NCA20_LA-10020,1,7/21/2020,,LA,MARINE,Gulf,,PHYSIS,FPLG,TISSUE,HG,REGULAR,7439-97-6,E-21066,146572,76994-R1,73.1,ng/wet g,0.01,0.02,111,1,-58,OK,11/9/2020,EPA 245.7,Leeman Hydra AF Gold+,,Y,Bagre marinus,363,285,420,140,,
3/18/2026,2011989,NCA_ME-10182,NCA20_ME-10014,1,7/20/2020,,ME,MARINE,Northeast,,PHYSIS,FPLG,TISSUE,HG,REGULAR,7439-97-6,E-24001,164392,81292-R1,16.5,ng/wet g,0.01,0.02,262,1,-33,OK,4/8/2021,EPA 245.7,Leeman Hydra AF Gold+,,Y,Scomber scombrus,279,276,140,120,,
3/18/2026,2011990,NGL_MI-10007,NGL20_MI-10136,1,7/21/2020,,MI,GREAT_LAKES,Great Lakes,Lake Superior,PHYSIS,FPLG,TISSUE,HG,REGULAR,7439-97-6,E-21066,155812,76999-R1,124,ng/wet g,0.01,0.02,111,1,-58,OK,11/9/2020,EPA 245.7,Leeman Hydra AF Gold+,,Y,Catostomus catostomus,452,440,880,920,,
3/18/2026,2011992,NGL_MI-10535,NGL20_MI-10104,1,7/22/2020,,MI,GREAT_LAKES,Great Lakes,Lake Michigan,PHYSIS,FPLG,TISSUE,HG,REGULAR,7439-97-6,E-21093,155712,77071-R1,84.9,ng/wet g,0.01,0.02,131,1,-60,OK,11/30/2020,EPA 245.7,Leeman Hydra AF Gold+,,Y,Catostomus catostomus,454,,920,,,
3/18/2026,2011994,NCA_VA-10359,NCA20_VA-10026,1,7/22/2020,,VA,MARINE,Northeast,,PHYSIS,FPLG,TISSUE,HG,REGULAR,7439-97-6,E-21091,160932,77009-R1,27.1,ng/wet g,0.01,0.02,124,1,-58,OK,11/23/2020,EPA 245.7,Leeman Hydra AF Gold+,,Y,Leiostomus xanthurus,230,222,185,164,,
3/18/2026,2011997,NCA_LA-10207,NCA20_LA-10023,1,7/22/2020,,LA,MARINE,Gulf,,PHYSIS,FPLG,TISSUE,HG,REGULAR,7439-97-6,E-21091,159772,77018-R1,81.2,ng/wet g,0.01,0.02,124,1,-58,OK,11/23/2020,EPA 245.7,Leeman Hydra AF Gold+,,Y,Bagre marinus,454,,840,,,
3/18/2026,2011996,NCA_LA-10204,NCA20_LA-10021,1,7/22/2020,,LA,MARINE,Gulf,,PHYSIS,FPLG,TISSUE,HG,REGULAR,7439-97-6,E-21104,159972,78738-R1,65.2,ng/wet g,0.01,0.02,140,1,-60,OK,12/9/2020,EPA 245.7,Leeman Hydra AF Gold+,,Y,Bagre marinus,378,356,700,400,,
3/18/2026,2011998,NCA_LA-10221,NCA20_LA-10018,1,7/22/2020,,LA,MARINE,Gulf,,PHYSIS,FPLG,TISSUE,HG,REGULAR,7439-97-6,E-21091,163992,77011-R1,217,ng/wet g,0.01,0.02,124,1,-58,OK,11/23/2020,EPA 245.7,Leeman Hydra AF Gold+,,Y,Bagre marinus,600,525,2000,1320,,
3/18/2026,2012000,NCA_ME-10185,NCA20_ME-10017,1,7/21/2020,,ME,MARINE,Northeast,,PHYSIS,FPLG,TISSUE,HG,REGULAR,7439-97-6,E-24001,144472,81293-R1,18.2,ng/wet g,0.01,0.02,261,1,-33,OK,4/8/2021,EPA 245.7,Leeman Hydra AF Gold+,,Y,Merluccius bilinearis,213,206,60,60,,
3/18/2026,2012017,NCA_LA-10220,NCA20_LA-10017,1,7/23/2020,,LA,MARINE,Gulf,,PHYSIS,FPLG,TISSUE,HG,REGULAR,7439-97-6,E-21091,163852,77012-R1,159,ng/wet g,0.01,0.02,123,1,-58,OK,11/23/2020,EPA 245.7,Leeman Hydra AF Gold+,,Y,Ictalurus furcatus,365,,400,,,
3/18/2026,2012001,NCA_ME-10304,NCA20_ME-10036,1,7/21/2020,,ME,MARINE,Northeast,,PHYSIS,FPLG,TISSUE,HG,REGULAR,7439-97-6,E-24001,144412,81294-R1,17.2,ng/wet g,0.01,0.02,261,1,-33,OK,4/8/2021,EPA 245.7,Leeman Hydra AF Gold+,,Y,Pollachius virens,268,249,200,120,,
3/18/2026,2012018,NGL_MI-10540,NGL20_MI-10109,1,7/23/2020,,MI,GREAT_LAKES,Great Lakes,Lake Michigan,PHYSIS,FPLG,TISSUE,HG,REGULAR,7439-97-6,E-21091,155892,77016-R1,148,ng/wet g,0.01,0.02,123,1,-58,OK,11/23/2020,EPA 245.7,Leeman Hydra AF Gold+,,Y,Catostomus catostomus,439,,920,,,
3/18/2026,2012019,NGL_MI-10035,NGL20_MI-10091,1,7/24/2020,,MI,GREAT_LAKES,Great Lakes,Lake Michigan,PHYSIS,FPLG,TISSUE,HG,REGULAR,7439-97-6,E-21091,155912,77015-R1,479,ng/wet g,0.01,0.02,122,1,-58,OK,11/23/2020,EPA 245.7,Leeman Hydra AF Gold+,,Y,Micropterus dolomieu,495,,2560,,,
3/18/2026,2012026,NCA_CA-10234,NCA20_CA-10001,1,7/22/2020,,CA,MARINE,West,,PHYSIS,FPLG,TISSUE,HG,REGULAR,7439-97-6,E-21091,149612,77014-R1,177,ng/wet g,0.01,0.02,124,1,-58,OK,11/23/2020,EPA 245.7,Leeman Hydra AF Gold+,,Y,Paralichthys californicus,308,240,320,120,,
3/18/2026,2012020,NCA_VA-10355,NCA20_VA-10022,1,7/23/2020,,VA,MARINE,Northeast,,PHYSIS,FPLG,TISSUE,HG,REGULAR,7439-97-6,E-21091,145892,77020-R1,41.2,ng/wet g,0.01,0.02,123,1,-58,OK,11/23/2020,EPA 245.7,Leeman Hydra AF Gold+,,Y,Micropogonias undulatus,220,224,118,156,,
3/18/2026,2012025,NGL_MI-10544,NGL20_MI-10113,1,7/23/2020,,MI,GREAT_LAKES,Great Lakes,Lake Michigan,PHYSIS,FPLG,TISSUE,HG,REGULAR,7439-97-6,E-21093,155792,77074-R1,269,ng/wet g,0.01,0.02,130,1,-60,OK,11/30/2020,EPA 245.7,Leeman Hydra AF Gold+,,Y,Aplodinotus grunniens,562,,2440,,,
3/18/2026,2012031,NGL_MI-10033,NGL20_MI-10089,1,7/24/2020,,MI,GREAT_LAKES,Great Lakes,Lake Michigan,PHYSIS,FPLG,TISSUE,HG,REGULAR,7439-97-6,E-21103,155752,78714-R1,37.5,ng/wet g,0.01,0.02,131,1,-60,OK,12/2/2020,EPA 245.7,Leeman Hydra AF Gold+,,Y,Prosopium cylindraceum,455,,740,,,
3/18/2026,2012035,NCA_ME-10295,NCA20_ME-10027,1,7/23/2020,,ME,MARINE,Northeast,,PHYSIS,FPLG,TISSUE,HG,REGULAR,7439-97-6,E-21091,144392,77025-R1,18,ng/wet g,0.01,0.02,123,1,-58,OK,11/23/2020,EPA 245.7,Leeman Hydra AF Gold+,,Y,Pollachius virens,251,250,170,165,,
3/18/2026,2012028,NCA_ME-10188,NCA20_ME-10018,1,7/22/2020,,ME,MARINE,Northeast,,PHYSIS,FPLG,TISSUE,HG,REGULAR,7439-97-6,E-24001,144032,81295-R1,17,ng/wet g,0.01,0.02,260,1,-33,OK,4/8/2021,EPA 245.7,Leeman Hydra AF Gold+,,Y,Pollachius virens,283,273,220,200,,
3/18/2026,2012029,NCA_ME-10303,NCA20_ME-10035,1,7/22/2020,,ME,MARINE,Northeast,,PHYSIS,FPLG,TISSUE,HG,REGULAR,7439-97-6,E-24001,144592,81296-R1,16.3,ng/wet g,0.01,0.02,260,1,-33,OK,4/8/2021,EPA 245.7,Leeman Hydra AF Gold+,,Y,Pollachius virens,283,276,220,200,,
3/18/2026,2012034,NCA_ME-10171,NCA20_ME-10012,1,7/23/2020,,ME,MARINE,Northeast,,PHYSIS,FPLG,TISSUE,HG,REGULAR,7439-97-6,E-21092,164372,77040-R1,202,ng/wet g,0.01,0.02,125,1,-58,OK,11/25/2020,EPA 245.7,Leeman Hydra AF Gold+,,N,Morone saxatilis,562,,1860,,,
3/18/2026,2012048,NCA_NY-10298,NCA20_NY-20080,1,7/27/2020,,NY,MARINE,Northeast,,PHYSIS,FPLG,TISSUE,HG,REGULAR,7439-97-6,E-24028,162932,81836-R1,135,ng/wet g,0.01,0.02,288,1,-41,OK,5/11/2021,EPA 245.7,Leeman Hydra AF Gold+,,Y,Stenotomus chrysops,262,240,420,400,,
3/18/2026,2012037,NGL_OH-10070,NGL20_OH-10016,1,8/17/2020,,OH,GREAT_LAKES,Great Lakes,Lake Erie,PHYSIS,FPLG,TISSUE,HG,REGULAR,7439-97-6,E-21092,155212,77031-R1,137,ng/wet g,0.01,0.02,100,1,-58,OK,11/25/2020,EPA 245.7,Leeman Hydra AF Gold+,,Y,Aplodinotus grunniens,379,374,640,480,,
3/18/2026,2012046,NGL_MI-10525,NGL20_MI-10057,1,7/26/2020,,MI,GREAT_LAKES,Great Lakes,Lake Huron,PHYSIS,FPLG,TISSUE,HG,REGULAR,7439-97-6,E-21066,156092,76992-R1,65.9,ng/wet g,0.01,0.02,106,1,-58,OK,11/9/2020,EPA 245.7,Leeman Hydra AF Gold+,,Y,Aplodinotus grunniens,357,382,560,540,,
3/18/2026,2012047,NCA_ME-10186,NCA20_ME-10007,1,7/24/2020,,ME,MARINE,Northeast,,PHYSIS,FPLG,TISSUE,HG,REGULAR,7439-97-6,E-21091,144632,77026-R1,42.8,ng/wet g,0.01,0.02,122,1,-58,OK,11/23/2020,EPA 245.7,Leeman Hydra AF Gold+,,Y,Scomber scombrus,300,290,240,220,,
3/18/2026,2012052,NCA_VA-10354,NCA20_VA-10021,1,7/27/2020,,VA,MARINE,Northeast,,PHYSIS,FPLG,TISSUE,HG,REGULAR,7439-97-6,E-21116,146092,78786-R1,93.5,ng/wet g,0.01,0.02,171,1,-60,OK,1/14/2021,EPA 245.7,Leeman Hydra AF Gold+,,N,Ictalurus punctatus,407,407,530,491,,
3/18/2026,2012055,NCA_CA-10192,NCA20_CA-10017,1,7/27/2020,,CA,MARINE,West,,PHYSIS,FPLG,TISSUE,HG,REGULAR,7439-97-6,E-21093,149712,77061-R1,100,ng/wet g,0.01,0.02,126,1,-58,OK,11/30/2020,EPA 245.7,Leeman Hydra AF Gold+,,Y,Paralabrax maculatofasciatus,232,209,160,120,,
3/18/2026,2012053,NCA_LA-10205,NCA20_LA-10022,1,7/27/2020,,LA,MARINE,Gulf,,PHYSIS,FPLG,TISSUE,HG,REGULAR,7439-97-6,E-21092,164432,77034-R1,70.2,ng/wet g,0.01,0.02,121,1,-58,OK,11/25/2020,EPA 245.7,Leeman Hydra AF Gold+,,Y,Ariopsis felis,301,285,240,180,,
3/18/2026,2012056,NCA_CA-10307,NCA20_CA-10044,1,7/27/2020,,CA,MARINE,West,,PHYSIS,FPLG,TISSUE,HG,REGULAR,7439-97-6,E-21093,149692,77065-R1,193,ng/wet g,0.01,0.02,126,1,-58,OK,11/30/2020,EPA 245.7,Leeman Hydra AF Gold+,,Y,Paralabrax maculatofasciatus,267,260,220,200,,
3/18/2026,2012057,NCA_CA-10196,NCA20_CA-10054,1,7/27/2020,,CA,MARINE,West,,PHYSIS,FPLG,TISSUE,HG,REGULAR,7439-97-6,E-21093,149832,77070-R1,98.9,ng/wet g,0.01,0.02,126,1,-58,OK,11/30/2020,EPA 245.7,Leeman Hydra AF Gold+,,Y,Paralabrax maculatofasciatus,236,234,160,160,,
3/18/2026,2012078,NGL_MI-10059,NGL20_MI-10022,1,7/27/2020,,MI,GREAT_LAKES,Great Lakes,Lake Huron,PHYSIS,FPLG,TISSUE,HG,REGULAR,7439-97-6,E-21093,156752,77057-R1,79.8,ng/wet g,0.01,0.02,126,1,-58,OK,11/30/2020,EPA 245.7,Leeman Hydra AF Gold+,,Y,Salvelinus namaycush,438,,540,,,
3/18/2026,2012079,NGL_MI-10079,NGL20_MI-10041,1,7/27/2020,,MI,GREAT_LAKES,Great Lakes,Lake Huron,PHYSIS,FPLG,TISSUE,HG,REGULAR,7439-97-6,E-21093,166172,77056-R1,104,ng/wet g,0.01,0.02,126,1,-58,OK,11/30/2020,EPA 245.7,Leeman Hydra AF Gold+,,Y,Catostomus commersonii,460,463,1080,1220,,
3/18/2026,2012080,NCA_AL-10191,NCA20_AL-10011,1,7/27/2020,,AL,MARINE,Gulf,,PHYSIS,FPLG,TISSUE,HG,REGULAR,7439-97-6,E-24024,147612,81747-R1,267,ng/wet g,0.01,0.02,267,1,-27,OK,4/20/2021,EPA 245.7,Leeman Hydra AF Gold+,,Y,Ariopsis felis,373,,510,,,
3/18/2026,2012081,NCA_SC-10390,NCA20_SC-10122,1,7/28/2020,,SC,MARINE,Southeast,,NOAA/NCCOS_CHS,FPLG,TISSUE,HG,REGULAR,7439-97-6,1123,146792,,107.1,ng/wet g,0.73,2.19,261,,-2,OK,4/15/2021,EPA245.7,DMA-80,,Y,Ameiurus catus,334,326,540,460,Q,"For this batch, Matrix Spike (CRM) and Blank Spike Results, MDL, and RL  reported in dry wt. Estimated wet wt based upon average % moisture of samples. Sample MDL high; RL meets NCCA 5 ng/wet g specification; RPD between Lab Duplicates elevated (> 61%)in this batch."
3/18/2026,2012082,NCA_SC-10378,NCA20_SC-10102,1,7/28/2020,,SC,MARINE,Southeast,,NOAA/NCCOS_CHS,FPLG,TISSUE,HG,REGULAR,7439-97-6,1123,144312,,161.9,ng/wet g,1.045666667,3.137,261,,-2,OK,4/15/2021,EPA245.7,DMA-80,,N,Menticirrhus americanus,306,,280,,Q,"For this batch, Matrix Spike (CRM) and Blank Spike Results, MDL, and RL  reported in dry wt. Estimated wet wt based upon average % moisture of samples. Sample MDL high; RL meets NCCA 5 ng/wet g specification; RPD between Lab Duplicates elevated (> 61%)in this batch."
3/18/2026,2012083,NCA_SC-10237,NCA20_SC-10033,1,7/28/2020,,SC,MARINE,Southeast,,NOAA/NCCOS_CHS,FPLG,TISSUE,HG,REGULAR,7439-97-6,1123,144292,,90.1,ng/wet g,0.798333333,2.395,266,,-2,OK,4/20/2021,EPA245.7,DMA-80,,N,Micropogonias undulatus,199,,120,,Q,"For this batch, Matrix Spike (CRM) and Blank Spike Results, MDL, and RL  reported in dry wt. Estimated wet wt based upon average % moisture of samples. Sample MDL high; RL meets NCCA 5 ng/wet g specification; RPD between Lab Duplicates elevated (> 61%)in this batch."
3/18/2026,2012086,NGL_MI-10536,NGL20_MI-10105,1,7/28/2020,,MI,GREAT_LAKES,Great Lakes,Lake Michigan,PHYSIS,FPLG,TISSUE,HG,REGULAR,7439-97-6,E-21103,155632,78720-R1,186,ng/wet g,0.01,0.02,127,1,-60,OK,12/2/2020,EPA 245.7,Leeman Hydra AF Gold+,,Y,Micropterus dolomieu,442,,1240,,,
3/18/2026,2012088,NCA_VA-10194,NCA20_VA-10010,1,7/28/2020,,VA,MARINE,Northeast,,PHYSIS,FPLG,TISSUE,HG,REGULAR,7439-97-6,E-21091,164972,77021-R1,11.8,ng/wet g,0.01,0.02,118,1,-58,OK,11/23/2020,EPA 245.7,Leeman Hydra AF Gold+,,Y,Leiostomus xanthurus,197,199,96,107,,
3/18/2026,2012090,NCA_CA-10195,NCA20_CA-10053,1,7/28/2020,,CA,MARINE,West,,PHYSIS,FPLG,TISSUE,HG,REGULAR,7439-97-6,E-21093,159312,77059-R1,176,ng/wet g,0.01,0.02,125,1,-58,OK,11/30/2020,EPA 245.7,Leeman Hydra AF Gold+,,Y,Paralabrax maculatofasciatus,298,272,320,240,,
3/18/2026,2012092,NCA_LA-10381,NCA20_LA-10065,1,7/28/2020,,LA,MARINE,Gulf,,PHYSIS,FPLG,TISSUE,HG,REGULAR,7439-97-6,E-21092,162392,77045-R1,102,ng/wet g,0.01,0.02,120,1,-58,OK,11/25/2020,EPA 245.7,Leeman Hydra AF Gold+,,Y,Bagre marinus,457,551,840,"1,380",,
3/18/2026,2012096,NCA_AL-10149,NCA20_AL-10004,1,7/29/2020,,AL,MARINE,Gulf,,PHYSIS,FPLG,TISSUE,HG,REGULAR,7439-97-6,E-24024,147552,81751-R1,276,ng/wet g,0.01,0.02,265,1,-27,OK,4/20/2021,EPA 245.7,Leeman Hydra AF Gold+,,Y,Ariopsis felis,338,320,320,300,,
3/18/2026,2012099,NCA_GA-10179,NCA20_GA-10010,1,7/29/2020,,GA,MARINE,Southeast,,PHYSIS,FPLG,TISSUE,HG,REGULAR,7439-97-6,E-21092,163772,77032-R1,80.2,ng/wet g,0.01,0.02,119,1,-58,OK,11/25/2020,EPA 245.7,Leeman Hydra AF Gold+,,Y,Bairdiella chrysoura,191,192,86,88,,
3/18/2026,2012091,NCA_CA-10188,NCA20_CA-10014,1,7/28/2020,,CA,MARINE,West,,PHYSIS,FPLG,TISSUE,HG,REGULAR,7439-97-6,E-21093,149932,77058-R1,142,ng/wet g,0.01,0.02,125,1,-58,OK,11/30/2020,EPA 245.7,Leeman Hydra AF Gold+,,Y,Paralabrax maculatofasciatus,280,220,280,160,,
3/18/2026,2012095,NGL_OH-10075,NGL20_OH-10021,1,7/28/2020,,OH,GREAT_LAKES,Great Lakes,Lake Erie,PHYSIS,FPLG,TISSUE,HG,REGULAR,7439-97-6,E-21091,157352,77022-R1,94.4,ng/wet g,0.01,0.02,118,1,-58,OK,11/23/2020,EPA 245.7,Leeman Hydra AF Gold+,,Y,Morone americana,245,,262,,,FPLG taken from FTIS specimen. Length and weight imported from FTIS specimen data.
3/18/2026,2012098,NGL_MI-10542,NGL20_MI-10111,1,7/29/2020,,MI,GREAT_LAKES,Great Lakes,Lake Michigan,PHYSIS,FPLG,TISSUE,HG,REGULAR,7439-97-6,E-21103,155732,78722-R1,112,ng/wet g,0.01,0.02,126,1,-60,OK,12/2/2020,EPA 245.7,Leeman Hydra AF Gold+,,Y,Catostomus catostomus,479,,1140,,,
3/18/2026,2012102,NCA_ME-10289,NCA20_ME-10021,1,7/28/2020,,ME,MARINE,Northeast,,PHYSIS,FPLG,TISSUE,HG,REGULAR,7439-97-6,E-21092,164352,77035-R1,39.2,ng/wet g,0.01,0.02,120,1,-58,OK,11/25/2020,EPA 245.7,Leeman Hydra AF Gold+,,Y,Pollachius virens,250,250,140,160,,
3/18/2026,2012104,NCA_LA-10161,NCA20_LA-10102,1,7/29/2020,,LA,MARINE,Gulf,,PHYSIS,FPLG,TISSUE,HG,REGULAR,7439-97-6,E-21092,162452,77047-R1,41.4,ng/wet g,0.01,0.02,119,1,-58,OK,11/25/2020,EPA 245.7,Leeman Hydra AF Gold+,,Y,Ariopsis felis,233,295,100,200,,
3/18/2026,2012105,NCA_CT-10203,NCA20_CT-10002,1,7/28/2020,,CT,MARINE,Northeast,,PHYSIS,FPLG,TISSUE,HG,REGULAR,7439-97-6,E-24031,162852,81955-R1,97.6,ng/wet g,0.01,0.02,289,1,-41,OK,5/13/2021,EPA 245.7,Leeman Hydra AF Gold+,,Y,Stenotomus chrysops,260,240,340,280,,
3/18/2026,2012109,NCA_LA-10361,NCA20_LA-10075,1,7/29/2020,,LA,MARINE,Gulf,,PHYSIS,FPLG,TISSUE,HG,REGULAR,7439-97-6,E-21092,162492,77043-R1,107,ng/wet g,0.01,0.02,119,1,-58,OK,11/25/2020,EPA 245.7,Leeman Hydra AF Gold+,,Y,Ariopsis felis,405,357,620,400,,
3/18/2026,2012110,NCA_CA-10187,NCA20_CA-10013,1,7/29/2020,,CA,MARINE,West,,PHYSIS,FPLG,TISSUE,HG,REGULAR,7439-97-6,E-21093,149732,77069-R1,50.5,ng/wet g,0.01,0.02,124,1,-58,OK,11/30/2020,EPA 245.7,Leeman Hydra AF Gold+,,Y,Paralichthys californicus,410,370,560,340,,
3/18/2026,2012111,NCA_CA-10191,NCA20_CA-10016,1,7/29/2020,,CA,MARINE,West,,PHYSIS,FPLG,TISSUE,HG,REGULAR,7439-97-6,E-21093,159672,77060-R1,16.7,ng/wet g,0.01,0.02,124,1,-58,OK,11/30/2020,EPA 245.7,Leeman Hydra AF Gold+,,Y,Roncador stearnsii,294,296,180,300,,
3/18/2026,2012112,NGL_MI-10066,NGL20_MI-10028,1,7/29/2020,,MI,GREAT_LAKES,Great Lakes,Lake Huron,PHYSIS,FPLG,TISSUE,HG,REGULAR,7439-97-6,E-21093,157032,77055-R1,35,ng/wet g,0.01,0.02,124,1,-58,OK,11/30/2020,EPA 245.7,Leeman Hydra AF Gold+,,Y,Prosopium cylindraceum,453,,740,,,
3/18/2026,2012113,NGL_MI-10522,NGL20_MI-10054,1,7/29/2020,,MI,GREAT_LAKES,Great Lakes,Lake Huron,PHYSIS,FPLG,TISSUE,HG,REGULAR,7439-97-6,E-21093,153852,77068-R1,130,ng/wet g,0.01,0.02,124,1,-58,OK,11/30/2020,EPA 245.7,Leeman Hydra AF Gold+,,Y,Esox lucius,724,,1960,,,
3/18/2026,2012114,NGL_MI-10068,NGL20_MI-10030,1,7/29/2020,,MI,GREAT_LAKES,Great Lakes,Lake Huron,PHYSIS,FPLG,TISSUE,HG,REGULAR,7439-97-6,E-21093,150772,77064-R1,46.6,ng/wet g,0.01,0.02,124,1,-58,OK,11/30/2020,EPA 245.7,Leeman Hydra AF Gold+,,Y,Dorosoma cepedianum,452,395,1140,580,,
3/18/2026,2012100,NCA_SC-10216,NCA20_SC-10006,1,7/29/2020,,SC,MARINE,Southeast,,NOAA/NCCOS_CHS,FPLG,TISSUE,HG,REGULAR,7439-97-6,1123,163652,,73.9,ng/wet g,0.732333333,2.197,260,,-2,OK,4/15/2021,EPA245.7,DMA-80,,N,Menticirrhus americanus,228,,120,,Q,"For this batch, Matrix Spike (CRM) and Blank Spike Results, MDL, and RL  reported in dry wt. Estimated wet wt based upon average % moisture of samples. Sample MDL high; RL meets NCCA 5 ng/wet g specification; RPD between Lab Duplicates elevated (> 61%)in this batch."
3/18/2026,2012103,NCA_LA-10367,NCA20_LA-10129,1,7/29/2020,,LA,MARINE,Gulf,,PHYSIS,FPLG,TISSUE,HG,REGULAR,7439-97-6,E-21092,162292,77046-R1,121,ng/wet g,0.01,0.02,119,1,-58,OK,11/25/2020,EPA 245.7,Leeman Hydra AF Gold+,,Y,Bagre marinus,379,,540,,,
3/18/2026,2012108,NCA_LA-10170,NCA20_LA-10029,1,7/29/2020,,LA,MARINE,Gulf,,PHYSIS,FPLG,TISSUE,HG,REGULAR,7439-97-6,E-21092,162232,77044-R1,94.6,ng/wet g,0.01,0.02,119,1,-58,OK,11/25/2020,EPA 245.7,Leeman Hydra AF Gold+,,Y,Ariopsis felis,382,360,620,520,,
3/18/2026,2012115,NCA_GA-10153,NCA20_GA-10003,1,7/29/2020,,GA,MARINE,Southeast,,PHYSIS,FPLG,TISSUE,HG,REGULAR,7439-97-6,E-21092,163752,77033-R1,83.9,ng/wet g,0.01,0.02,119,1,-58,OK,11/25/2020,EPA 245.7,Leeman Hydra AF Gold+,,N,Micropogonias undulatus,218,,101,,,
3/18/2026,2012117,NCA_ME-10190,NCA20_ME-10009,1,7/28/2020,,ME,MARINE,Northeast,,PHYSIS,FPLG,TISSUE,HG,REGULAR,7439-97-6,E-21092,164192,77036-R1,24.6,ng/wet g,0.01,0.02,120,1,-58,OK,11/25/2020,EPA 245.7,Leeman Hydra AF Gold+,,Y,Pollachius virens,235,240,120,120,,
3/18/2026,2012119,NCA_CT-10291,NCA20_CT-20076,1,7/29/2020,,CT,MARINE,Northeast,,PHYSIS,FPLG,TISSUE,HG,REGULAR,7439-97-6,E-24030,162832,81945-R1,162,ng/wet g,0.01,0.02,287,1,-41,OK,5/12/2021,EPA 245.7,Leeman Hydra AF Gold+,,Y,Stenotomus chrysops,275,272,460,480,,
3/18/2026,2012120,NCA_LA-10174,NCA20_LA-10015,1,7/30/2020,,LA,MARINE,Gulf,,PHYSIS,FPLG,TISSUE,HG,REGULAR,7439-97-6,E-21092,162172,77048-R1,184,ng/wet g,0.01,0.02,118,1,-58,OK,11/25/2020,EPA 245.7,Leeman Hydra AF Gold+,,Y,Bagre marinus,600,549,"2,140","1,320",,
3/18/2026,2012121,NCA_NY-10158,NCA20_NY-10001,1,7/29/2020,,NY,MARINE,Northeast,,PHYSIS,FPLG,TISSUE,HG,REGULAR,7439-97-6,E-24028,162112,81837-R1,79.3,ng/wet g,0.01,0.02,286,1,-41,OK,5/11/2021,EPA 245.7,Leeman Hydra AF Gold+,,Y,Stenotomus chrysops,260,250,440,380,,
3/18/2026,2012118,NGL_OH-10005,NGL20_OH-10005,1,8/13/2020,,OH,GREAT_LAKES,Great Lakes,Lake Erie,PHYSIS,FPLG,TISSUE,HG,REGULAR,7439-97-6,E-21092,155592,77042-R1,137,ng/wet g,0.01,0.02,104,1,-58,OK,11/25/2020,EPA 245.7,Leeman Hydra AF Gold+,,N,Aplodinotus grunniens,400,400,760,740,,
3/18/2026,2012122,NCA_NY-10301,NCA20_NY-20083,1,7/29/2020,,NY,MARINE,Northeast,,PHYSIS,FPLG,TISSUE,HG,REGULAR,7439-97-6,E-24030,162872,81940-R1,91.1,ng/wet g,0.01,0.02,287,1,-41,OK,5/12/2021,EPA 245.7,Leeman Hydra AF Gold+,,N,Stenotomus chrysops,270,240,440,340,,
3/18/2026,2012123,NCA_AL-10152,NCA20_AL-10007,1,7/30/2020,,AL,MARINE,Gulf,,PHYSIS,FPLG,TISSUE,HG,REGULAR,7439-97-6,E-24004,147532,81362-R1,97.2,ng/wet g,0.01,0.02,253,1,-33,OK,4/9/2021,EPA 245.7,Leeman Hydra AF Gold+,,Y,Ariopsis felis,320,316,220,280,,
3/18/2026,2012125,NGL_NY-10013,NGL20_NY-10034,1,7/30/2020,,NY,GREAT_LAKES,Great Lakes,Lake Ontario,PHYSIS,FPLG,TISSUE,HG,REGULAR,7439-97-6,E-21104,156952,78744-R1,45.2,ng/wet g,0.01,0.02,132,1,-60,OK,12/9/2020,EPA 245.7,Leeman Hydra AF Gold+,,N,Dorosoma cepedianum,500,491,1560,1120,,
3/18/2026,2012124,NCA_AL-10190,NCA20_AL-10010,1,7/30/2020,,AL,MARINE,Gulf,,PHYSIS,FPLG,TISSUE,HG,REGULAR,7439-97-6,E-24004,147512,81363-R1,70.4,ng/wet g,0.01,0.02,253,1,-33,OK,4/9/2021,EPA 245.7,Leeman Hydra AF Gold+,,Y,Ariopsis felis,288,371,200,400,,
3/18/2026,2012132,NCA_AL-10146,NCA20_AL-10001,1,7/31/2020,,AL,MARINE,Gulf,,PHYSIS,FPLG,TISSUE,HG,REGULAR,7439-97-6,E-21115,147592,78771-R1,58.2,ng/wet g,0.01,0.02,165,1,-60,OK,1/12/2021,EPA 245.7,Leeman Hydra AF Gold+,,N,Paralichthys lethostigma,200,,100,,,
3/18/2026,2012133,NCA_AL-10147,NCA20_AL-10003,1,7/31/2020,,AL,MARINE,Gulf,,PHYSIS,FPLG,TISSUE,HG,REGULAR,7439-97-6,E-21115,147452,78774-R1,183,ng/wet g,0.01,0.02,165,1,-60,OK,1/12/2021,EPA 245.7,Leeman Hydra AF Gold+,,N,Ariopsis felis,270,,200,,,
3/18/2026,2012136,NGL_MI-10041,NGL20_MI-10097,1,7/30/2020,,MI,GREAT_LAKES,Great Lakes,Lake Michigan,PHYSIS,FPLG,TISSUE,HG,REGULAR,7439-97-6,E-21092,157012,77050-R1,176,ng/wet g,0.01,0.02,118,1,-58,OK,11/25/2020,EPA 245.7,Leeman Hydra AF Gold+,,Y,Lota lota,584,,1560,,,
3/18/2026,2012129,NCA_ME-10302,NCA20_ME-10034,1,8/7/2020,,ME,MARINE,Northeast,,PHYSIS,FPLG,TISSUE,HG,REGULAR,7439-97-6,E-21091,144432,77024-R1,25.4,ng/wet g,0.01,0.02,108,1,-58,OK,11/23/2020,EPA 245.7,Leeman Hydra AF Gold+,,Y,Scomber scombrus,295,290,185,175,,
3/18/2026,2012135,NGL_MI-10031,NGL20_MI-10088,1,7/30/2020,,MI,GREAT_LAKES,Great Lakes,Lake Michigan,PHYSIS,FPLG,TISSUE,HG,REGULAR,7439-97-6,E-21092,156712,77049-R1,167,ng/wet g,0.01,0.02,118,1,-58,OK,11/25/2020,EPA 245.7,Leeman Hydra AF Gold+,,Y,Lota lota,545,,1360,,,
3/18/2026,2012137,NGL_OH-10067,NGL20_OH-10013,1,9/14/2020,,OH,GREAT_LAKES,Great Lakes,Lake Erie,PHYSIS,FPLG,TISSUE,HG,REGULAR,7439-97-6,E-21104,155492,78745-R1,29.8,ng/wet g,0.01,0.02,86,1,-60,OK,12/9/2020,EPA 245.7,Leeman Hydra AF Gold+,,Y,Perca flavescens,234,226,140,140,,
3/18/2026,2012138,NCA_CA-10313,NCA20_CA-10051,1,7/30/2020,,CA,MARINE,West,,PHYSIS,FPLG,TISSUE,HG,REGULAR,7439-97-6,E-21093,159212,77063-R1,99,ng/wet g,0.01,0.02,123,1,-58,OK,11/30/2020,EPA 245.7,Leeman Hydra AF Gold+,,Y,Paralabrax nebulifer,240,,180,,,
3/18/2026,2012139,NCA_CA-10189,NCA20_CA-10015,1,7/30/2020,,CA,MARINE,West,,PHYSIS,FPLG,TISSUE,HG,REGULAR,7439-97-6,E-21093,149992,77066-R1,74.8,ng/wet g,0.01,0.02,123,1,-58,OK,11/30/2020,EPA 245.7,Leeman Hydra AF Gold+,,Y,Genyonemus lineatus,216,213,100,100,,
3/18/2026,2012140,NCA_CA-10193,NCA20_CA-10018,1,7/30/2020,,CA,MARINE,West,,PHYSIS,FPLG,TISSUE,HG,REGULAR,7439-97-6,E-21093,159352,77067-R1,77.3,ng/wet g,0.01,0.02,123,1,-58,OK,11/30/2020,EPA 245.7,Leeman Hydra AF Gold+,,Y,Genyonemus lineatus,212,201,200,100,,
3/18/2026,2012141,NCA_CA-10311,NCA20_CA-10049,1,7/31/2020,,CA,MARINE,West,,PHYSIS,FPLG,TISSUE,HG,REGULAR,7439-97-6,E-21093,149752,77062-R1,66.8,ng/wet g,0.01,0.02,122,1,-58,OK,11/30/2020,EPA 245.7,Leeman Hydra AF Gold+,,Y,Genyonemus lineatus,215,215,140,160,,
3/18/2026,2012154,NGL_OH-10008,NGL20_OH-10008,1,8/18/2020,,OH,GREAT_LAKES,Great Lakes,Lake Erie,PHYSIS,FPLG,TISSUE,HG,REGULAR,7439-97-6,E-21104,155512,78746-R1,55.2,ng/wet g,0.01,0.02,113,1,-60,OK,12/9/2020,EPA 245.7,Leeman Hydra AF Gold+,,Y,Morone americana,198,201,100,120,,
3/18/2026,2012149,NGL_MI-10538,NGL20_MI-10107,1,8/2/2020,,MI,GREAT_LAKES,Great Lakes,Lake Michigan,PHYSIS,FPLG,TISSUE,HG,REGULAR,7439-97-6,E-21103,158032,78729-R1,43.1,ng/wet g,0.01,0.02,122,1,-60,OK,12/2/2020,EPA 245.7,Leeman Hydra AF Gold+,,Y,Coregonus clupeaformis,517,,1380,,,
3/18/2026,2012152,NCA_AL-10185,NCA20_AL-10013,1,8/3/2020,,AL,MARINE,Gulf,,PHYSIS,FPLG,TISSUE,HG,REGULAR,7439-97-6,E-24004,147412,81364-R1,82.8,ng/wet g,0.01,0.02,249,1,-33,OK,4/9/2021,EPA 245.7,Leeman Hydra AF Gold+,,Y,Ariopsis felis,262,277,150,180,,
3/18/2026,2012153,NCA_AL-10150,NCA20_AL-10005,1,8/3/2020,,AL,MARINE,Gulf,,PHYSIS,FPLG,TISSUE,HG,REGULAR,7439-97-6,E-24004,147372,81365-R1,101,ng/wet g,0.01,0.02,249,1,-33,OK,4/9/2021,EPA 245.7,Leeman Hydra AF Gold+,,Y,Ariopsis felis,345,335,380,300,,
3/18/2026,2012158,NGL_MI-10102,NGL20_MI-10001,1,8/2/2020,,MI,GREAT_LAKES,Great Lakes,Lake Erie,PHYSIS,FPLG,TISSUE,HG,REGULAR,7439-97-6,E-21104,150812,78757-R1,38.8,ng/wet g,0.01,0.02,129,1,-60,OK,12/9/2020,EPA 245.7,Leeman Hydra AF Gold+,,N,Dorosoma cepedianum,390,384,700,540,,
3/18/2026,2012155,NCA_VA-10347,NCA20_VA-10014,1,8/12/2020,,VA,MARINE,Northeast,,PHYSIS,FPLG,TISSUE,HG,REGULAR,7439-97-6,E-21103,146672,78730-R1,78,ng/wet g,0.01,0.02,112,1,-60,OK,12/2/2020,EPA 245.7,Leeman Hydra AF Gold+,,Y,Cynoscion regalis,229,240,115.5,123.4,,
3/18/2026,2012156,NCA_VA-10352,NCA20_VA-10019,1,7/23/2020,,VA,MARINE,Northeast,,PHYSIS,FPLG,TISSUE,HG,REGULAR,7439-97-6,E-21103,148832,78731-R1,66.3,ng/wet g,0.01,0.02,132,1,-60,OK,12/2/2020,EPA 245.7,Leeman Hydra AF Gold+,,Y,Menticirrhus americanus,261,272,159.4,203.2,,
3/18/2026,2012160,NCA_ME-10293,NCA20_ME-10025,1,8/3/2020,,ME,MARINE,Northeast,,PHYSIS,FPLG,TISSUE,HG,REGULAR,7439-97-6,E-21103,164212,78734-R1,29.6,ng/wet g,0.01,0.02,121,1,-60,OK,12/2/2020,EPA 245.7,Leeman Hydra AF Gold+,,Y,Scomber scombrus,270,,180,,,
3/18/2026,2012166,NCA_MA-10239,NCA20_MA-10023,1,8/4/2020,,MA,MARINE,Northeast,,PHYSIS,FPLG,TISSUE,HG,REGULAR,7439-97-6,E-21104,160692,78747-R1,56.6,ng/wet g,0.01,0.02,127,1,-60,OK,12/9/2020,EPA 245.7,Leeman Hydra AF Gold+,,Y,Scomber scombrus,352,325,335,278,,
3/18/2026,2012159,NGL_MI-10103,NGL20_MI-10002,1,8/3/2020,,MI,GREAT_LAKES,Great Lakes,Lake Erie,PHYSIS,FPLG,TISSUE,HG,REGULAR,7439-97-6,E-21104,150572,78759-R1,131,ng/wet g,0.01,0.02,128,1,-60,OK,12/9/2020,EPA 245.7,Leeman Hydra AF Gold+,,Y,Aplodinotus grunniens,398,396,740,760,,
3/18/2026,2012165,NCA_WA-10358,NCA20_WA-10052,1,8/3/2020,,WA,MARINE,West,,PHYSIS,FPLG,TISSUE,HG,REGULAR,7439-97-6,E-21104,163152,78739-R1,61.1,ng/wet g,0.01,0.02,128,1,-60,OK,12/9/2020,EPA 245.7,Leeman Hydra AF Gold+,,Y,Citharichthys sordidus,253,252,180,140,,
3/18/2026,2012167,NCA_AL-10148,NCA20_AL-10002,1,8/4/2020,,AL,MARINE,Gulf,,PHYSIS,FPLG,TISSUE,HG,REGULAR,7439-97-6,E-24001,147572,81297-R1,84.9,ng/wet g,0.01,0.02,247,1,-33,OK,4/8/2021,EPA 245.7,Leeman Hydra AF Gold+,,Y,Ariopsis felis,285,226,220,170,,
3/18/2026,2012169,NCA_SC-10387,NCA20_SC-10117,1,8/4/2020,,SC,MARINE,Southeast,,NOAA/NCCOS_CHS,FPLG,TISSUE,HG,REGULAR,7439-97-6,1123,162052,,43.9,ng/wet g,1.09,3.27,259,,-2,OK,4/20/2021,EPA245.7,DMA-80,,N,Menticirrhus americanus,248,241,160,160,Q,"For this batch, Matrix Spike (CRM) and Blank Spike Results, MDL, and RL  reported in dry wt. Estimated wet wt based upon average % moisture of samples. Sample MDL high; RL meets NCCA 5 ng/wet g specification; RPD between Lab Duplicates elevated (> 61%)in this batch."
3/18/2026,2012168,NCA_AL-10151,NCA20_AL-10006,1,8/4/2020,,AL,MARINE,Gulf,,PHYSIS,FPLG,TISSUE,HG,REGULAR,7439-97-6,E-24001,147332,81298-R1,52.2,ng/wet g,0.01,0.02,247,1,-33,OK,4/8/2021,EPA 245.7,Leeman Hydra AF Gold+,,Y,Micropogonias undulatus,230,,200,,,
3/18/2026,2012171,NCA_LA-10156,NCA20_LA-10087,1,8/4/2020,,LA,MARINE,Gulf,,PHYSIS,FPLG,TISSUE,HG,REGULAR,7439-97-6,E-21104,162432,78741-R1,49.9,ng/wet g,0.01,0.02,127,1,-60,OK,12/9/2020,EPA 245.7,Leeman Hydra AF Gold+,,Y,Ariopsis felis,312,306,360,240,,
3/18/2026,2012172,NGL_OH-10072,NGL20_OH-10018,1,8/4/2020,,OH,GREAT_LAKES,Great Lakes,Lake Erie,PHYSIS,FPLG,TISSUE,HG,REGULAR,7439-97-6,E-21115,157372,78780-R1,88.4,ng/wet g,0.01,0.02,161,1,-60,OK,1/12/2021,EPA 245.7,Leeman Hydra AF Gold+,,Y,Morone americana,272,220,295,159,,
3/18/2026,2012177,NCA_ME-10172,NCA20_ME-10020,1,8/4/2020,,ME,MARINE,Northeast,,PHYSIS,FPLG,TISSUE,HG,REGULAR,7439-97-6,E-21115,164252,78762-R1,27.1,ng/wet g,0.01,0.02,161,1,-60,OK,1/12/2021,EPA 245.7,Leeman Hydra AF Gold+,,Y,Pseudopleuronectes americanus,215,,140,,,
3/18/2026,2012178,NGL_MI-10508,NGL20_MI-10005,1,8/4/2020,,MI,GREAT_LAKES,Great Lakes,Lake Erie,PHYSIS,FPLG,TISSUE,HG,REGULAR,7439-97-6,E-21104,157812,78755-R1,235,ng/wet g,0.01,0.02,127,1,-60,OK,12/9/2020,EPA 245.7,Leeman Hydra AF Gold+,,Y,Morone chrysops,379,371,820,700,,
3/18/2026,2012170,NCA_LA-10369,NCA20_LA-10051,1,8/4/2020,,LA,MARINE,Gulf,,PHYSIS,FPLG,TISSUE,HG,REGULAR,7439-97-6,E-21104,162332,78740-R1,73,ng/wet g,0.01,0.02,127,1,-60,OK,12/9/2020,EPA 245.7,Leeman Hydra AF Gold+,,Y,Ariopsis felis,385,356,640,500,,
3/18/2026,2012174,NCA_LA-10148,NCA20_LA-10085,1,8/4/2020,,LA,MARINE,Gulf,,PHYSIS,FPLG,TISSUE,HG,REGULAR,7439-97-6,E-21134,163912,80205-R1,180,ng/wet g,0.01,0.02,216,1,-33,OK,3/8/2021,EPA 245.7,Leeman Hydra AF Gold+,,Y,Bagre marinus,523,608,1420,2600,,
3/18/2026,2012176,NCA_ME-10175,NCA20_ME-10011,1,8/4/2020,,ME,MARINE,Northeast,,PHYSIS,FPLG,TISSUE,HG,REGULAR,7439-97-6,E-21103,161272,78733-R1,216,ng/wet g,0.01,0.02,120,1,-60,OK,12/2/2020,EPA 245.7,Leeman Hydra AF Gold+,,Y,Tautogolabrus adspersus,190,,130,,,
3/18/2026,2012180,NCA_SC-10394,NCA20_SC-10129,1,8/4/2020,,SC,MARINE,Southeast,,NOAA/NCCOS_CHS,FPLG,TISSUE,HG,REGULAR,7439-97-6,1123,163432,,88.3,ng/wet g,0.707333333,2.122,259,,-2,OK,4/20/2021,EPA245.7,DMA-80,,Y,Menticirrhus americanus,263,256,220,220,Q,"For this batch, Matrix Spike (CRM) and Blank Spike Results, MDL, and RL  reported in dry wt. Estimated wet wt based upon average % moisture of samples. Sample MDL high; RL meets NCCA 5 ng/wet g specification; RPD between Lab Duplicates elevated (> 61%)in this batch."
3/18/2026,2012183,NCA_WA-10344,NCA20_WA-40008,1,8/4/2020,,WA,MARINE,West,,PHYSIS,FPLG,TISSUE,HG,REGULAR,7439-97-6,E-21104,163292,78742-R1,111,ng/wet g,0.01,0.02,127,1,-60,OK,12/9/2020,EPA 245.7,Leeman Hydra AF Gold+,,Y,Citharichthys sordidus,245,242,220,160,,
3/18/2026,2012187,NCA_SC-10396,NCA20_SC-10131,1,8/5/2020,,SC,MARINE,Southeast,,NOAA/NCCOS_CHS,FPLG,TISSUE,HG,REGULAR,7439-97-6,1123,163492,,60.6,ng/wet g,0.896,2.688,258,,-2,OK,4/20/2021,EPA245.7,DMA-80,,Y,Menticirrhus americanus,293,276,280,320,Q,"For this batch, Matrix Spike (CRM) and Blank Spike Results, MDL, and RL  reported in dry wt. Estimated wet wt based upon average % moisture of samples. Sample MDL high; RL meets NCCA 5 ng/wet g specification; RPD between Lab Duplicates elevated (> 61%)in this batch."
3/18/2026,2012188,NCA_AL-10188,NCA20_AL-10016,1,8/5/2020,,AL,MARINE,Gulf,,PHYSIS,FPLG,TISSUE,HG,REGULAR,7439-97-6,E-21115,147472,78775-R1,40.2,ng/wet g,0.01,0.02,160,1,-60,OK,1/12/2021,EPA 245.7,Leeman Hydra AF Gold+,,N,Leiostomus xanthurus,192,204,160,160,,
3/18/2026,2012189,NCA_AL-10184,NCA20_AL-10009,1,8/5/2020,,AL,MARINE,Gulf,,PHYSIS,FPLG,TISSUE,HG,REGULAR,7439-97-6,E-24001,147392,81299-R1,540,ng/wet g,0.01,0.02,246,1,-33,OK,4/8/2021,EPA 245.7,Leeman Hydra AF Gold+,,N,Ariopsis felis,327,314,480,480,,
3/18/2026,2012179,NGL_MI-10507,NGL20_MI-10004,1,8/4/2020,,MI,GREAT_LAKES,Great Lakes,Lake Erie,PHYSIS,FPLG,TISSUE,HG,REGULAR,7439-97-6,E-21104,157792,78754-R1,99.6,ng/wet g,0.01,0.02,127,1,-60,OK,12/9/2020,EPA 245.7,Leeman Hydra AF Gold+,,Y,Cyprinus carpio,505,429,2260,1140,,
3/18/2026,2012184,NCA_MA-10148,NCA20_MA-10014,1,8/5/2020,,MA,MARINE,Northeast,,PHYSIS,FPLG,TISSUE,HG,REGULAR,7439-97-6,E-21104,160732,78750-R1,110,ng/wet g,0.01,0.02,126,1,-60,OK,12/9/2020,EPA 245.7,Leeman Hydra AF Gold+,,Y,Stenotomus chrysops,284,278,325,309,,
3/18/2026,2012186,NGL_OH-10073,NGL20_OH-10019,1,8/19/2020,,OH,GREAT_LAKES,Great Lakes,Lake Erie,PHYSIS,FPLG,TISSUE,HG,REGULAR,7439-97-6,E-21104,155532,78751-R1,34.7,ng/wet g,0.01,0.02,112,1,-60,OK,12/9/2020,EPA 245.7,Leeman Hydra AF Gold+,,Y,Perca flavescens,199,196,100,100,,
3/18/2026,2012190,NCA_LA-10143,NCA20_LA-10082,1,8/5/2020,,LA,MARINE,Gulf,,PHYSIS,FPLG,TISSUE,HG,REGULAR,7439-97-6,E-21134,164012,80204-R1,155,ng/wet g,0.01,0.02,215,1,-33,OK,3/8/2021,EPA 245.7,Leeman Hydra AF Gold+,,Y,Bagre marinus,554,547,1720,1400,,
3/18/2026,2012192,NCA_SC-10235,NCA20_SC-10032,1,8/5/2020,,SC,MARINE,Southeast,,NOAA/NCCOS_CHS,FPLG,TISSUE,HG,REGULAR,7439-97-6,1123,162032,,42.9,ng/wet g,1.086333333,3.259,258,,-2,OK,4/20/2021,EPA245.7,DMA-80,,N,Micropogonias undulatus,210,,200,,Q,"For this batch, Matrix Spike (CRM) and Blank Spike Results, MDL, and RL  reported in dry wt. Estimated wet wt based upon average % moisture of samples. Sample MDL high; RL meets NCCA 5 ng/wet g specification; RPD between Lab Duplicates elevated (> 61%)in this batch."
3/18/2026,2012202,NGL_MI-10043,NGL20_MI-10099,1,8/5/2020,,MI,GREAT_LAKES,Great Lakes,Lake Michigan,PHYSIS,FPLG,TISSUE,HG,REGULAR,7439-97-6,E-21115,155992,78768-R1,101,ng/wet g,0.01,0.02,160,1,-60,OK,1/12/2021,EPA 245.7,Leeman Hydra AF Gold+,,Y,Salvelinus namaycush,579,,2060,,,
3/18/2026,2012203,NGL_MI-10038,NGL20_MI-10094,1,8/5/2020,,MI,GREAT_LAKES,Great Lakes,Lake Michigan,PHYSIS,FPLG,TISSUE,HG,REGULAR,7439-97-6,E-21115,155972,78769-R1,55.5,ng/wet g,0.01,0.02,160,1,-60,OK,1/12/2021,EPA 245.7,Leeman Hydra AF Gold+,,Y,Prosopium cylindraceum,517,,1480,,,
3/18/2026,2012191,NCA_LA-10144,NCA20_LA-10083,1,8/5/2020,,LA,MARINE,Gulf,,PHYSIS,FPLG,TISSUE,HG,REGULAR,7439-97-6,E-21134,164712,80206-R1,227,ng/wet g,0.01,0.02,215,1,-33,OK,3/8/2021,EPA 245.7,Leeman Hydra AF Gold+,,Y,Ariopsis felis,359,273,560,380,,
3/18/2026,2012207,NCA_WA-10206,NCA20_WA-10022,1,8/5/2020,,WA,MARINE,West,,PHYSIS,FPLG,TISSUE,HG,REGULAR,7439-97-6,E-21116,163252,78791-R1,54.1,ng/wet g,0.01,0.02,162,1,-60,OK,1/14/2021,EPA 245.7,Leeman Hydra AF Gold+,,Y,Isopsetta isolepis,260,264,220,260,,
3/18/2026,2012208,NCA_AL-10189,NCA20_AL-10017,1,8/6/2020,,AL,MARINE,Gulf,,PHYSIS,FPLG,TISSUE,HG,REGULAR,7439-97-6,E-21134,147352,80210-R1,83.9,ng/wet g,0.01,0.02,214,1,-33,OK,3/8/2021,EPA 245.7,Leeman Hydra AF Gold+,,N,Cynoscion nebulosus,480,,1320,,,
3/18/2026,2012210,NCA_MA-10247,NCA20_MA-10032,1,8/6/2020,,MA,MARINE,Northeast,,PHYSIS,FPLG,TISSUE,HG,REGULAR,7439-97-6,E-21115,160752,78776-R1,182,ng/wet g,0.01,0.02,159,1,-60,OK,1/12/2021,EPA 245.7,Leeman Hydra AF Gold+,,Y,Stenotomus chrysops,312,309,460,420,,
3/18/2026,2012205,NCA_ME-10173,NCA20_ME-10003,1,8/5/2020,,ME,MARINE,Northeast,,PHYSIS,FPLG,TISSUE,HG,REGULAR,7439-97-6,E-21115,144512,78763-R1,19,ng/wet g,0.01,0.02,160,1,-60,OK,1/12/2021,EPA 245.7,Leeman Hydra AF Gold+,,N,Pseudopleuronectes americanus,210,,120,,,
3/18/2026,2012206,NCA_MD-10123,NCA20_MD-10016,1,8/5/2020,,MD,MARINE,Northeast,,PHYSIS,FPLG,TISSUE,HG,REGULAR,7439-97-6,E-24030,160492,81927-R1,22.8,ng/wet g,0.01,0.02,280,1,-41,OK,5/12/2021,EPA 245.7,Leeman Hydra AF Gold+,,N,Cynoscion nebulosus,230,,120,,,
3/18/2026,2012209,NCA_AL-10186,NCA20_AL-10014,1,8/6/2020,,AL,MARINE,Gulf,,PHYSIS,FPLG,TISSUE,HG,REGULAR,7439-97-6,E-21134,147652,80213-R1,196,ng/wet g,0.01,0.02,214,1,-33,OK,3/8/2021,EPA 245.7,Leeman Hydra AF Gold+,,N,Ariopsis felis,322,282,320,240,,
3/18/2026,2012211,NCA_MA-10173,NCA20_MA-10011,1,8/6/2020,,MA,MARINE,Northeast,,PHYSIS,FPLG,TISSUE,HG,REGULAR,7439-97-6,E-21115,161972,78777-R1,86.3,ng/wet g,0.01,0.02,159,1,-60,OK,1/12/2021,EPA 245.7,Leeman Hydra AF Gold+,,Y,Stenotomus chrysops,252,250,220,200,,
3/18/2026,2012212,NCA_GA-10169,NCA20_GA-10019,1,8/5/2020,,GA,MARINE,Southeast,,PHYSIS,FPLG,TISSUE,HG,REGULAR,7439-97-6,E-21115,163712,78767-R1,58,ng/wet g,0.01,0.02,160,1,-60,OK,1/12/2021,EPA 245.7,Leeman Hydra AF Gold+,,N,Scomberomorus maculatus,201,,34,,,
3/18/2026,2012215,NGL_MI-10509,NGL20_MI-10006,1,8/5/2020,,MI,GREAT_LAKES,Great Lakes,Lake Erie,PHYSIS,FPLG,TISSUE,HG,REGULAR,7439-97-6,E-21104,157912,78756-R1,65.5,ng/wet g,0.01,0.02,126,1,-60,OK,12/9/2020,EPA 245.7,Leeman Hydra AF Gold+,,Y,Cyprinus carpio,410,408,1140,960,,
3/18/2026,2012216,NGL_MI-10104,NGL20_MI-10003,1,8/5/2020,,MI,GREAT_LAKES,Great Lakes,Lake Erie,PHYSIS,FPLG,TISSUE,HG,REGULAR,7439-97-6,E-21104,157952,78753-R1,50.3,ng/wet g,0.01,0.02,126,1,-60,OK,12/9/2020,EPA 245.7,Leeman Hydra AF Gold+,,N,Ictalurus punctatus,474,431,1000,960,,
3/18/2026,2012224,NCA_AL-10183,NCA20_AL-10008,1,8/7/2020,,AL,MARINE,Gulf,,PHYSIS,FPLG,TISSUE,HG,REGULAR,7439-97-6,E-24032,147292,81974-R1,117,ng/wet g,0.01,0.02,279,1,-41,OK,5/13/2021,EPA 245.7,Leeman Hydra AF Gold+,,Y,Ariopsis felis,270,309,190,240,,
3/18/2026,2012225,NGL_MI-10063,NGL20_MI-10026,1,8/6/2020,,MI,GREAT_LAKES,Great Lakes,Lake Huron,PHYSIS,FPLG,TISSUE,HG,REGULAR,7439-97-6,E-21115,157972,78770-R1,632,ng/wet g,0.01,0.02,159,1,-60,OK,1/12/2021,EPA 245.7,Leeman Hydra AF Gold+,,Y,Sander vitreus,625,,4650,,,
3/18/2026,2012213,NCA_GA-10175,NCA20_GA-10004,1,8/6/2020,,GA,MARINE,Southeast,,PHYSIS,FPLG,TISSUE,HG,REGULAR,7439-97-6,E-21115,163052,78765-R1,44.7,ng/wet g,0.01,0.02,159,1,-60,OK,1/12/2021,EPA 245.7,Leeman Hydra AF Gold+,,N,Micropogonias undulatus,198,,80,,,
3/18/2026,2012214,NCA_GA-10152,NCA20_GA-10002,1,8/5/2020,,GA,MARINE,Southeast,,PHYSIS,FPLG,TISSUE,HG,REGULAR,7439-97-6,E-21115,163732,78766-R1,93.1,ng/wet g,0.01,0.02,160,1,-60,OK,1/12/2021,EPA 245.7,Leeman Hydra AF Gold+,,N,Cynoscion regalis,235,239,132,127,,
3/18/2026,2012217,NCA_LA-10142,NCA20_LA-10081,1,8/6/2020,,LA,MARINE,Gulf,,PHYSIS,FPLG,TISSUE,HG,REGULAR,7439-97-6,E-21156,163932,80320-R1,47.2,ng/wet g,0.01,0.02,225,1,-33,OK,3/19/2021,EPA 245.7,Leeman Hydra AF Gold+,,Y,Bagre marinus,264,247,200,200,,
3/18/2026,2012228,NCA_ME-10183,NCA20_ME-10015,1,8/7/2020,,ME,MARINE,Northeast,,PHYSIS,FPLG,TISSUE,HG,REGULAR,7439-97-6,E-24001,164232,81300-R1,11.1,ng/wet g,0.01,0.02,244,1,-33,OK,4/8/2021,EPA 245.7,Leeman Hydra AF Gold+,,Y,Pseudopleuronectes americanus,200,185,120,120,Q,Exclude from analysis. 2nd fish shorter than 190 mm
3/18/2026,2012229,NCA_ME-10189,NCA20_ME-10019,1,8/6/2020,,ME,MARINE,Northeast,,PHYSIS,FPLG,TISSUE,HG,REGULAR,7439-97-6,E-21104,144672,78758-R1,12.5,ng/wet g,0.01,0.02,125,1,-60,OK,12/9/2020,EPA 245.7,Leeman Hydra AF Gold+,,N,Pseudopleuronectes americanus,207,,120,,,
3/18/2026,2012230,NCA_ME-10292,NCA20_ME-10024,1,8/6/2020,,ME,MARINE,Northeast,,PHYSIS,FPLG,TISSUE,HG,REGULAR,7439-97-6,E-21104,164312,78752-R1,62.6,ng/wet g,0.01,0.02,125,1,-60,OK,12/9/2020,EPA 245.7,Leeman Hydra AF Gold+,,Y,Scomber scombrus,312,,280,,,
3/18/2026,2012231,NCA_ME-10296,NCA20_ME-10028,1,8/6/2020,,ME,MARINE,Northeast,,PHYSIS,FPLG,TISSUE,HG,REGULAR,7439-97-6,E-21115,164292,78764-R1,38.1,ng/wet g,0.01,0.02,159,1,-60,OK,1/12/2021,EPA 245.7,Leeman Hydra AF Gold+,,N,Pollachius virens,255,230,180,120,,
3/18/2026,2012233,NGL_NY-10210,NGL20_NY-10008,1,8/6/2020,,NY,GREAT_LAKES,Great Lakes,Lake Erie,PHYSIS,FPLG,TISSUE,HG,REGULAR,7439-97-6,E-24002,154272,81313-R1,318,ng/wet g,0.01,0.02,245,1,-33,OK,4/8/2021,EPA 245.7,Leeman Hydra AF Gold+,,Y,Micropterus dolomieu,410,435,1560,1440,,
3/18/2026,2012227,NCA_MA-10244,NCA20_MA-10029,1,8/7/2020,,MA,MARINE,Northeast,,PHYSIS,FPLG,TISSUE,HG,REGULAR,7439-97-6,E-21115,160772,78778-R1,45.8,ng/wet g,0.01,0.02,158,1,-60,OK,1/12/2021,EPA 245.7,Leeman Hydra AF Gold+,,Y,Stenotomus chrysops,210,207,133,130,,
3/18/2026,2012232,NGL_NY-10211,NGL20_NY-10009,1,8/7/2020,,NY,GREAT_LAKES,Great Lakes,Lake Erie,PHYSIS,FPLG,TISSUE,HG,REGULAR,7439-97-6,E-21134,153132,80214-R1,394,ng/wet g,0.01,0.02,213,1,-33,OK,3/8/2021,EPA 245.7,Leeman Hydra AF Gold+,,Y,Micropterus dolomieu,471,,1920,,,
3/18/2026,2012234,NCA_WA-10348,NCA20_WA-40019,1,8/6/2020,,WA,MARINE,West,,PHYSIS,FPLG,TISSUE,HG,REGULAR,7439-97-6,E-21116,170212,78792-R1,38.4,ng/wet g,0.01,0.02,161,1,-60,OK,1/14/2021,EPA 245.7,Leeman Hydra AF Gold+,,Y,Citharichthys sordidus,230,220,180,180,,
3/18/2026,2012236,NCA_WA-10343,NCA20_WA-40027,1,8/7/2020,,WA,MARINE,West,,PHYSIS,FPLG,TISSUE,HG,REGULAR,7439-97-6,E-21116,168212,78794-R1,134,ng/wet g,0.01,0.02,160,1,-60,OK,1/14/2021,EPA 245.7,Leeman Hydra AF Gold+,,Y,Citharichthys sordidus,263,250,200,180,,
3/18/2026,2012235,NCA_WA-10359,NCA20_WA-10053,1,8/6/2020,,WA,MARINE,West,,PHYSIS,FPLG,TISSUE,HG,REGULAR,7439-97-6,E-21116,160712,78793-R1,70,ng/wet g,0.01,0.02,161,1,-60,OK,1/14/2021,EPA 245.7,Leeman Hydra AF Gold+,,Y,Citharichthys sordidus,273,248,200,200,,
3/18/2026,2012242,NGL_MI-10074,NGL20_MI-10036,1,8/9/2020,,MI,GREAT_LAKES,Great Lakes,Lake Huron,PHYSIS,FPLG,TISSUE,HG,REGULAR,7439-97-6,E-21116,157832,78795-R1,171,ng/wet g,0.01,0.02,158,1,-60,OK,1/14/2021,EPA 245.7,Leeman Hydra AF Gold+,,Y,Morone americana,225,,160,,,
3/18/2026,2012243,NCA_WA-10210,NCA20_WA-10061,1,8/9/2020,,WA,MARINE,West,,PHYSIS,FPLG,TISSUE,HG,REGULAR,7439-97-6,E-21116,170292,78787-R1,22.6,ng/wet g,0.01,0.02,158,1,-60,OK,1/14/2021,EPA 245.7,Leeman Hydra AF Gold+,,Y,Citharichthys sordidus,241,240,200,160,,
3/18/2026,2012244,NCA_AL-10192,NCA20_AL-10012,1,8/10/2020,,AL,MARINE,Gulf,,PHYSIS,FPLG,TISSUE,HG,REGULAR,7439-97-6,E-24024,147432,81749-R1,67,ng/wet g,0.01,0.02,253,1,-27,OK,4/20/2021,EPA 245.7,Leeman Hydra AF Gold+,,N,Ariopsis felis,373,384,580,600,,
3/18/2026,2012247,NCA_MA-10249,NCA20_MA-10034,1,8/9/2020,,MA,MARINE,Northeast,,PHYSIS,FPLG,TISSUE,HG,REGULAR,7439-97-6,E-21115,160792,78779-R1,111,ng/wet g,0.01,0.02,156,1,-60,OK,1/12/2021,EPA 245.7,Leeman Hydra AF Gold+,,Y,Stenotomus chrysops,263,264,245,275,,
3/18/2026,2012248,NGL_OH-10013,NGL20_OH-10012,1,8/25/2020,,OH,GREAT_LAKES,Great Lakes,Lake Erie,PHYSIS,FPLG,TISSUE,HG,REGULAR,7439-97-6,E-21130,155612,78811-R1,61.9,ng/wet g,0.01,0.02,155,1,-60,OK,1/27/2021,EPA 245.7,Leeman Hydra AF Gold+,,Y,Morone americana,210,222,160,180,,
3/18/2026,2012250,NCA_FL-10191,NCA20_FL-10011,1,8/9/2020,,FL,MARINE,Gulf,,PHYSIS,FPLG,TISSUE,HG,REGULAR,7439-97-6,E-21130,162692,78818-R1,99.2,ng/wet g,0.01,0.02,171,1,-33,OK,1/27/2021,EPA 245.7,Leeman Hydra AF Gold+,,Y,Ariopsis felis,348,314,410,260,,
3/18/2026,2012251,NCA_FL-10192,NCA20_FL-10012,1,8/9/2020,,FL,MARINE,Gulf,,PHYSIS,FPLG,TISSUE,HG,REGULAR,7439-97-6,E-21130,163312,78813-R1,135,ng/wet g,0.01,0.02,171,1,-60,OK,1/27/2021,EPA 245.7,Leeman Hydra AF Gold+,,Y,Ariopsis felis,278,280,180,200,,
3/18/2026,2012240,NGL_NY-10006,NGL20_NY-10006,1,8/9/2020,,NY,GREAT_LAKES,Great Lakes,Lake Erie,PHYSIS,FPLG,TISSUE,HG,REGULAR,7439-97-6,E-21134,153372,80215-R1,312,ng/wet g,0.01,0.02,211,1,-33,OK,3/8/2021,EPA 245.7,Leeman Hydra AF Gold+,,Y,Micropterus dolomieu,456,,1700,,,
3/18/2026,2012245,NCA_AL-10187,NCA20_AL-10015,1,8/10/2020,,AL,MARINE,Gulf,,PHYSIS,FPLG,TISSUE,HG,REGULAR,7439-97-6,E-24004,147632,81366-R1,66.8,ng/wet g,0.01,0.02,242,1,-33,OK,4/9/2021,EPA 245.7,Leeman Hydra AF Gold+,,Y,Ariopsis felis,357,373,500,580,,
3/18/2026,2012246,NCA_MA-10150,NCA20_MA-10016,1,8/10/2020,,MA,MARINE,Northeast,,PHYSIS,FPLG,TISSUE,HG,REGULAR,7439-97-6,E-21130,164852,78814-R1,93.4,ng/wet g,0.01,0.02,170,1,-60,OK,1/27/2021,EPA 245.7,Leeman Hydra AF Gold+,,Y,Stenotomus chrysops,249,268,208,242,,
3/18/2026,2012252,NCA_FL-10353,NCA20_FL-10057,1,8/9/2020,,FL,MARINE,Gulf,,PHYSIS,FPLG,TISSUE,HG,REGULAR,7439-97-6,E-21130,162712,78819-R1,75.8,ng/wet g,0.01,0.02,171,1,-33,OK,1/27/2021,EPA 245.7,Leeman Hydra AF Gold+,,Y,Ariopsis felis,306,338,280,300,,
3/18/2026,2012253,NCA_FL-10356,NCA20_FL-10061,1,8/10/2020,,FL,MARINE,Gulf,,PHYSIS,FPLG,TISSUE,HG,REGULAR,7439-97-6,E-21130,163412,78817-R1,283,ng/wet g,0.01,0.02,170,1,-60,OK,1/27/2021,EPA 245.7,Leeman Hydra AF Gold+,,Y,Cynoscion arenarius,268,265,140,160,,
3/18/2026,2012255,NCA_TX-10250,NCA20_TX-10074,1,8/10/2020,,TX,MARINE,Gulf,,PHYSIS,FPLG,TISSUE,HG,REGULAR,7439-97-6,E-21116,164452,78798-R1,49.2,ng/wet g,0.01,0.02,157,1,-60,OK,1/14/2021,EPA 245.7,Leeman Hydra AF Gold+,,Y,Ariopsis felis,347,293,420,300,,
3/18/2026,2012257,NCA_CA-10230,NCA20_CA-10012,2,8/10/2020,,CA,MARINE,West,,PHYSIS,FPLG,TISSUE,HG,REGULAR,7439-97-6,E-21116,159632,78789-R1,178,ng/wet g,0.01,0.02,157,1,-60,OK,1/14/2021,EPA 245.7,Leeman Hydra AF Gold+,,Y,Platichthys stellatus,318,284,520,300,,
3/18/2026,2012260,NCA_VA-10360,NCA20_VA-10027,1,8/10/2020,,VA,MARINE,Northeast,,PHYSIS,FPLG,TISSUE,HG,REGULAR,7439-97-6,E-21135,146652,80257-R1,79.1,ng/wet g,0.01,0.02,210,1,-33,OK,3/8/2021,EPA 245.7,Leeman Hydra AF Gold+,,Y,Cynoscion regalis,240,43,136.6,136.2,Q,Exclude from analysis. 2nd fish shorter than 190 mm
3/18/2026,2012263,NCA_MA-10254,NCA20_MA-10039,1,8/9/2020,,MA,MARINE,Northeast,,PHYSIS,FPLG,TISSUE,HG,REGULAR,7439-97-6,E-21115,146452,78782-R1,86.6,ng/wet g,0.01,0.02,156,1,-60,OK,1/12/2021,EPA 245.7,Leeman Hydra AF Gold+,,Y,Morone saxatilis,382,351,520,380,,
3/18/2026,2012264,NGL_OH-10077,NGL20_OH-10023,1,8/10/2020,,OH,GREAT_LAKES,Great Lakes,Lake Erie,PHYSIS,FPLG,TISSUE,HG,REGULAR,7439-97-6,E-21115,157292,78783-R1,57,ng/wet g,0.01,0.02,155,1,-60,OK,1/12/2021,EPA 245.7,Leeman Hydra AF Gold+,,Y,Aplodinotus grunniens,376,,740,,,
3/18/2026,2012267,NCA_SC-10377,NCA20_SC-10101,1,8/11/2020,,SC,MARINE,Southeast,,NOAA/NCCOS_CHS,FPLG,TISSUE,HG,REGULAR,7439-97-6,1123,163472,,80.8,ng/wet g,0.455666667,1.367,252,,-2,OK,4/20/2021,EPA245.7,DMA-80,,N,Ictalurus furcatus,342,335,340,340,Q,"For this batch, Matrix Spike (CRM) and Blank Spike Results, MDL, and RL  reported in dry wt. Estimated wet wt based upon average % moisture of samples; RPD between Lab Duplicates elevated (> 61%)in this batch;"
3/18/2026,2012269,NCA_TX-10210,NCA20_TX-10009,1,8/11/2020,,TX,MARINE,Gulf,,PHYSIS,FPLG,TISSUE,HG,REGULAR,7439-97-6,E-21116,164572,78802-R1,83.1,ng/wet g,0.01,0.02,156,1,-60,OK,1/14/2021,EPA 245.7,Leeman Hydra AF Gold+,,Y,Ariopsis felis,322,260,360,160,,
3/18/2026,2012256,NCA_TX-10355,NCA20_TX-10035,1,8/10/2020,,TX,MARINE,Gulf,,PHYSIS,FPLG,TISSUE,HG,REGULAR,7439-97-6,E-21116,164632,78799-R1,157,ng/wet g,0.01,0.02,157,1,-60,OK,1/14/2021,EPA 245.7,Leeman Hydra AF Gold+,,Y,Bagre marinus,447,390,760,480,,
3/18/2026,2012261,NGL_MI-10075,NGL20_MI-10037,1,8/10/2020,,MI,GREAT_LAKES,Great Lakes,Lake Huron,PHYSIS,FPLG,TISSUE,HG,REGULAR,7439-97-6,E-21116,150412,78800-R1,164,ng/wet g,0.01,0.02,157,1,-60,OK,1/14/2021,EPA 245.7,Leeman Hydra AF Gold+,,Y,Micropterus dolomieu,256,315,280,440,,
3/18/2026,2012262,NCA_MA-10233,NCA20_MA-10017,1,8/9/2020,,MA,MARINE,Northeast,,PHYSIS,FPLG,TISSUE,HG,REGULAR,7439-97-6,E-21115,163092,78781-R1,76.6,ng/wet g,0.01,0.02,156,1,-60,OK,1/12/2021,EPA 245.7,Leeman Hydra AF Gold+,,Y,Morone saxatilis,394,340,580,340,,
3/18/2026,2012268,NCA_TX-10206,NCA20_TX-10007,1,8/11/2020,,TX,MARINE,Gulf,,PHYSIS,FPLG,TISSUE,HG,REGULAR,7439-97-6,E-21116,164032,78801-R1,148,ng/wet g,0.01,0.02,156,1,-60,OK,1/14/2021,EPA 245.7,Leeman Hydra AF Gold+,,Y,Ariopsis felis,293,,300,,,
3/18/2026,2012275,NCA_LA-10352,NCA20_LA-10046,1,8/11/2020,,LA,MARINE,Gulf,,PHYSIS,FPLG,TISSUE,HG,REGULAR,7439-97-6,E-21134,162412,80202-R1,124,ng/wet g,0.01,0.02,209,1,-33,OK,3/8/2021,EPA 245.7,Leeman Hydra AF Gold+,,Y,Bagre marinus,513,,1140,,,
3/18/2026,2012276,NCA_MA-10245,NCA20_MA-10030,1,8/11/2020,,MA,MARINE,Northeast,,PHYSIS,FPLG,TISSUE,HG,REGULAR,7439-97-6,E-21130,164912,78815-R1,148,ng/wet g,0.01,0.02,169,1,-60,OK,1/27/2021,EPA 245.7,Leeman Hydra AF Gold+,,Y,Stenotomus chrysops,283,314,290,435,,
3/18/2026,2012277,NCA_MA-10248,NCA20_MA-10033,1,8/11/2020,,MA,MARINE,Northeast,,PHYSIS,FPLG,TISSUE,HG,REGULAR,7439-97-6,E-21130,169732,78816-R1,130,ng/wet g,0.01,0.02,169,1,-60,OK,1/27/2021,EPA 245.7,Leeman Hydra AF Gold+,,Y,Stenotomus chrysops,259,268,300,280,,
3/18/2026,2012278,NCA_ME-10291,NCA20_ME-10023,1,8/10/2020,,ME,MARINE,Northeast,,PHYSIS,FPLG,TISSUE,HG,REGULAR,7439-97-6,E-21134,164272,80216-R1,10.7,ng/wet g,0.01,0.02,210,1,-33,OK,3/8/2021,EPA 245.7,Leeman Hydra AF Gold+,,Y,Pollachius virens,240,237,160,120,,
3/18/2026,2012281,NCA_NJ-10214,NCA20_NJ-10007,1,8/10/2020,,NJ,MARINE,Northeast,,PHYSIS,FPLG,TISSUE,HG,REGULAR,7439-97-6,E-21130,147812,80190-R1,129,ng/wet g,0.01,0.02,170,1,-33,OK,1/27/2021,EPA 245.7,Leeman Hydra AF Gold+,,Y,Paralichthys dentatus,350,350,380,380,,
3/18/2026,2012274,NCA_LA-10159,NCA20_LA-10004,1,8/11/2020,,LA,MARINE,Gulf,,PHYSIS,FPLG,TISSUE,HG,REGULAR,7439-97-6,E-21134,162272,80203-R1,76.2,ng/wet g,0.01,0.02,209,1,-33,OK,3/8/2021,EPA 245.7,Leeman Hydra AF Gold+,,Y,Bagre marinus,490,633,1080,2260,,
3/18/2026,2012282,NCA_NJ-10261,NCA20_NJ-10020,1,8/10/2020,,NJ,MARINE,Northeast,,PHYSIS,FPLG,TISSUE,HG,REGULAR,7439-97-6,E-21130,147912,80191-R1,303,ng/wet g,0.01,0.02,170,1,-33,OK,1/27/2021,EPA 245.7,Leeman Hydra AF Gold+,,Y,Morone americana,285,252,320,190,,
3/18/2026,2012284,NCA_ME-10299,NCA20_ME-10031,1,8/11/2020,,ME,MARINE,Northeast,,PHYSIS,FPLG,TISSUE,HG,REGULAR,7439-97-6,E-21134,169632,80218-R1,43,ng/wet g,0.01,0.02,209,1,-33,OK,3/8/2021,EPA 245.7,Leeman Hydra AF Gold+,,Y,Pollachius virens,277,263,340,200,,
3/18/2026,2012285,NCA_ME-10290,NCA20_ME-10022,1,8/11/2020,,ME,MARINE,Northeast,,PHYSIS,FPLG,TISSUE,HG,REGULAR,7439-97-6,E-21134,164412,80219-R1,69.9,ng/wet g,0.01,0.02,209,1,-33,OK,3/8/2021,EPA 245.7,Leeman Hydra AF Gold+,,Y,Scomber scombrus,380,300,500,240,,
3/18/2026,2012283,NCA_ME-10174,NCA20_ME-10010,1,8/11/2020,,ME,MARINE,Northeast,,PHYSIS,FPLG,TISSUE,HG,REGULAR,7439-97-6,E-21134,164332,80217-R1,34.3,ng/wet g,0.01,0.02,209,1,-33,OK,3/8/2021,EPA 245.7,Leeman Hydra AF Gold+,,Y,Pollachius virens,252,245,180,140,,
3/18/2026,2014871,NCA_MD-10103,NCA20_MD-10012,1,9/11/2020,,MD,MARINE,Northeast,,PHYSIS,FPLG,TISSUE,HG,REGULAR,7439-97-6,E-24025,171192,81770-R1,76.1,ng/wet g,0.01,0.02,223,1,-27,OK,4/22/2021,EPA 245.7,Leeman Hydra AF Gold+,,Y,Morone americana,224,243,140,170,,
3/18/2026,2014873,NCA_MA-10237,NCA20_MA-10021,1,9/11/2020,,MA,MARINE,Northeast,,PHYSIS,FPLG,TISSUE,HG,REGULAR,7439-97-6,E-24025,160652,81766-R1,278,ng/wet g,0.01,0.02,223,1,-27,OK,4/22/2021,EPA 245.7,Leeman Hydra AF Gold+,,N,Morone saxatilis,602,,1877,,,
3/18/2026,2014874,NCA_NC-10119,NCA20_NC-10002,1,9/10/2020,,NC,MARINE,Southeast,,PHYSIS,FPLG,TISSUE,HG,REGULAR,7439-97-6,E-24026,146812,81786-R1,85.2,ng/wet g,0.01,0.02,242,1,-27,OK,5/10/2021,EPA 245.7,Leeman Hydra AF Gold+,,N,Lagodon rhomboides,286,,385,,Q,Exclude from analysis. Pinfish unlikely to be eaten by humans.
3/18/2026,2014875,NCA_NY-10281,NCA20_NY-20056,1,9/13/2020,,NY,MARINE,Northeast,,PHYSIS,FPLG,TISSUE,HG,REGULAR,7439-97-6,E-24024,146032,81758-R1,149,ng/wet g,0.01,0.02,219,1,-27,OK,4/20/2021,EPA 245.7,Leeman Hydra AF Gold+,,Y,Stenotomus chrysops,349,322,660,500,,
3/18/2026,2014876,NCA_NY-10271,NCA20_NY-20046,1,9/13/2020,,NY,MARINE,Northeast,,PHYSIS,FPLG,TISSUE,HG,REGULAR,7439-97-6,E-24024,145792,81750-R1,55.1,ng/wet g,0.01,0.02,219,1,-27,OK,4/20/2021,EPA 245.7,Leeman Hydra AF Gold+,,Y,Stenotomus chrysops,276,251,360,220,,
3/18/2026,2014877,NGL_MI-10527,NGL20_MI-10059,1,9/13/2020,,MI,GREAT_LAKES,Great Lakes,Lake Huron,PHYSIS,FPLG,TISSUE,HG,REGULAR,7439-97-6,E-24025,166132,81761-R1,74.7,ng/wet g,0.01,0.02,221,1,-27,OK,4/22/2021,EPA 245.7,Leeman Hydra AF Gold+,,Y,Moxostoma anisurum,454,,2500,,,
3/18/2026,2014878,NGL_MI-10514,NGL20_MI-10046,1,9/13/2020,,MI,GREAT_LAKES,Great Lakes,Lake Huron,PHYSIS,FPLG,TISSUE,HG,REGULAR,7439-97-6,E-24024,166112,81743-R1,166,ng/wet g,0.01,0.02,219,1,-27,OK,4/20/2021,EPA 245.7,Leeman Hydra AF Gold+,,Y,Catostomus catostomus,450,446,2800,2150,,
3/18/2026,2012286,NCA_VA-10189,NCA20_VA-10004,1,8/11/2020,,VA,MARINE,Northeast,,PHYSIS,FPLG,TISSUE,HG,REGULAR,7439-97-6,E-21135,146632,80258-R1,15.1,ng/wet g,0.01,0.02,209,1,-33,OK,3/8/2021,EPA 245.7,Leeman Hydra AF Gold+,,Y,Leiostomus xanthurus,202,204,115.6,124.1,,
3/18/2026,2012287,NCA_VA-10348,NCA20_VA-10015,1,8/11/2020,,VA,MARINE,Northeast,,PHYSIS,FPLG,TISSUE,HG,REGULAR,7439-97-6,E-21135,146952,80259-R1,63.5,ng/wet g,0.01,0.02,209,1,-33,OK,3/8/2021,EPA 245.7,Leeman Hydra AF Gold+,,N,Cynoscion regalis,215,216,98.2,106.3,,
3/18/2026,2012289,NCA_NJ-10262,NCA20_NJ-10021,1,8/11/2020,,NJ,MARINE,Northeast,,PHYSIS,FPLG,TISSUE,HG,REGULAR,7439-97-6,E-21130,147872,80193-R1,143,ng/wet g,0.01,0.02,169,1,-33,OK,1/27/2021,EPA 245.7,Leeman Hydra AF Gold+,,N,Paralichthys dentatus,470,,940,,,
3/18/2026,2012290,NCA_WA-10356,NCA20_WA-10050,1,8/11/2020,,WA,MARINE,West,,PHYSIS,FPLG,TISSUE,HG,REGULAR,7439-97-6,E-21116,169712,78788-R1,73.2,ng/wet g,0.01,0.02,156,1,-60,OK,1/14/2021,EPA 245.7,Leeman Hydra AF Gold+,,Y,Leptocottus armatus,241,229,200,180,Q,Exclude from analysis. Pacific staghorn unlikely to be eaten by humans
3/18/2026,2014879,NCA_NY-10263,NCA20_NY-20038,1,9/14/2020,,NY,MARINE,Northeast,,PHYSIS,FPLG,TISSUE,HG,REGULAR,7439-97-6,E-24027,145912,81805-R1,168,ng/wet g,0.01,0.02,238,1,-27,OK,5/10/2021,EPA 245.7,Leeman Hydra AF Gold+,,Y,Stenotomus chrysops,352,291,620,380,,
3/18/2026,2014881,NCA_FL-10347,NCA20_FL-10050,1,9/14/2020,,FL,MARINE,Southeast,,PHYSIS,FPLG,TISSUE,HG,REGULAR,7439-97-6,E-24026,163332,81799-R1,132,ng/wet g,0.01,0.02,238,1,-27,OK,5/10/2021,EPA 245.7,Leeman Hydra AF Gold+,,Y,Ariopsis felis,292,286,220,200,,
3/18/2026,2014882,NCA_FL-10170,NCA20_FL-10002,1,9/14/2020,,FL,MARINE,Southeast,,PHYSIS,FPLG,TISSUE,HG,REGULAR,7439-97-6,E-24027,171172,81806-R1,112,ng/wet g,0.01,0.02,238,1,-27,OK,5/10/2021,EPA 245.7,Leeman Hydra AF Gold+,,Y,Ariopsis felis,284,296,220,220,,
3/18/2026,2014883,NCA_FL-10168,NCA20_FL-10001,1,9/14/2020,,FL,MARINE,Southeast,,PHYSIS,FPLG,TISSUE,HG,REGULAR,7439-97-6,E-24027,171112,81807-R1,214,ng/wet g,0.01,0.02,238,1,-27,OK,5/10/2021,EPA 245.7,Leeman Hydra AF Gold+,,N,Bagre marinus,334,354,280,420,,
3/18/2026,2014884,NCA_MD-10105,NCA20_MD-10014,1,9/14/2020,,MD,MARINE,Northeast,,PHYSIS,FPLG,TISSUE,HG,REGULAR,7439-97-6,E-24029,171972,81916-R1,20,ng/wet g,0.01,0.02,240,1,-41,OK,5/12/2021,EPA 245.7,Leeman Hydra AF Gold+,,N,Ictalurus punctatus,255,196,130,50,,
3/18/2026,2014886,NCA_MD-10399,NCA20_MD-10028,1,9/14/2020,,MD,MARINE,Northeast,,PHYSIS,FPLG,TISSUE,HG,REGULAR,7439-97-6,E-24029,171212,81917-R1,31.5,ng/wet g,0.01,0.02,240,1,-41,OK,5/12/2021,EPA 245.7,Leeman Hydra AF Gold+,,N,Ameiurus catus,283,273,290,270,,
3/18/2026,2014889,NCA_NY-10223,NCA20_NY-10021,1,9/13/2020,,NY,MARINE,Northeast,,PHYSIS,FPLG,TISSUE,HG,REGULAR,7439-97-6,E-24025,170752,81762-R1,82.6,ng/wet g,0.01,0.02,221,1,-27,OK,4/22/2021,EPA 245.7,Leeman Hydra AF Gold+,,Y,Stenotomus chrysops,195,197,120,133,,
3/18/2026,2014890,NCA_NY-10265,NCA20_NY-20040,1,9/14/2020,,NY,MARINE,Northeast,,PHYSIS,FPLG,TISSUE,HG,REGULAR,7439-97-6,E-24027,145772,81808-R1,169,ng/wet g,0.01,0.02,238,1,-27,OK,5/10/2021,EPA 245.7,Leeman Hydra AF Gold+,,Y,Stenotomus chrysops,288,,340,,,
3/18/2026,2012294,NCA_FL-10194,NCA20_FL-10086,1,8/11/2020,,FL,MARINE,Gulf,,PHYSIS,FPLG,TISSUE,HG,REGULAR,7439-97-6,E-21130,163392,80189-R1,226,ng/wet g,0.01,0.02,169,1,-33,OK,1/27/2021,EPA 245.7,Leeman Hydra AF Gold+,,Y,Ariopsis felis,350,315,320,280,,
3/18/2026,2012295,NCA_FL-10193,NCA20_FL-10013,1,8/11/2020,,FL,MARINE,Gulf,,PHYSIS,FPLG,TISSUE,HG,REGULAR,7439-97-6,E-21130,162752,78810-R1,280,ng/wet g,0.01,0.02,169,1,-60,OK,1/27/2021,EPA 245.7,Leeman Hydra AF Gold+,,Y,Lagodon rhomboides,205,,120,,Q,Exclude from analysis. Pinfish unlikely to be eaten by humans.
3/18/2026,2012296,NCA_TX-10207,NCA20_TX-10008,1,8/12/2020,,TX,MARINE,Gulf,,PHYSIS,FPLG,TISSUE,HG,REGULAR,7439-97-6,E-21116,163972,78803-R1,65.2,ng/wet g,0.01,0.02,155,1,-60,OK,1/14/2021,EPA 245.7,Leeman Hydra AF Gold+,,Y,Ariopsis felis,338,,380,,,
3/18/2026,2012297,NCA_TX-10352,NCA20_TX-10032,1,8/12/2020,,TX,MARINE,Gulf,,PHYSIS,FPLG,TISSUE,HG,REGULAR,7439-97-6,E-21116,164672,78790-R1,318,ng/wet g,0.01,0.02,155,1,-60,OK,1/14/2021,EPA 245.7,Leeman Hydra AF Gold+,,Y,Bagre marinus,502,,1100,,,
3/18/2026,2014891,NCA_NY-10287,NCA20_NY-20062,1,9/14/2020,,NY,MARINE,Northeast,,PHYSIS,FPLG,TISSUE,HG,REGULAR,7439-97-6,E-24026,172292,81800-R1,65.7,ng/wet g,0.01,0.02,238,1,-27,OK,5/10/2021,EPA 245.7,Leeman Hydra AF Gold+,,Y,Stenotomus chrysops,277,251,332,250,,
3/18/2026,2014892,NCA_NC-10215,NCA20_NC-10038,1,9/14/2020,,NC,MARINE,Southeast,,PHYSIS,FPLG,TISSUE,HG,REGULAR,7439-97-6,E-24026,146832,81787-R1,35.2,ng/wet g,0.01,0.02,238,1,-27,OK,5/10/2021,EPA 245.7,Leeman Hydra AF Gold+,,N,Micropogonias undulatus,234,,120,,,
3/18/2026,2014894,NCA_CA-10239,NCA20_CA-10021,1,9/14/2020,,CA,MARINE,West,,PHYSIS,FPLG,TISSUE,HG,REGULAR,7439-97-6,E-24026,168772,81788-R1,69.7,ng/wet g,0.01,0.02,238,1,-27,OK,5/10/2021,EPA 245.7,Leeman Hydra AF Gold+,,Y,Platichthys stellatus,255,,220,,,
3/18/2026,2014895,NGL_MI-10042,NGL20_MI-10098,1,9/14/2020,,MI,GREAT_LAKES,Great Lakes,Lake Michigan,PHYSIS,FPLG,TISSUE,HG,REGULAR,7439-97-6,E-24027,165272,81809-R1,127,ng/wet g,0.01,0.02,238,1,-27,OK,5/10/2021,EPA 245.7,Leeman Hydra AF Gold+,,Y,Perca flavescens,281,,260,,,
3/18/2026,2012298,NGL_NY-10003,NGL20_NY-10003,1,8/12/2020,,NY,GREAT_LAKES,Great Lakes,Lake Erie,PHYSIS,FPLG,TISSUE,HG,REGULAR,7439-97-6,E-21134,157872,80220-R1,249,ng/wet g,0.01,0.02,208,1,-33,OK,3/8/2021,EPA 245.7,Leeman Hydra AF Gold+,,Y,Micropterus dolomieu,469,,1820,,,
3/18/2026,2012302,NCA_MA-10238,NCA20_MA-10022,1,8/12/2020,,MA,MARINE,Northeast,,PHYSIS,FPLG,TISSUE,HG,REGULAR,7439-97-6,E-21130,163032,80198-R1,355,ng/wet g,0.01,0.02,168,1,-33,OK,1/27/2021,EPA 245.7,Leeman Hydra AF Gold+,,N,Morone saxatilis,625,600,2080,1980,,
3/18/2026,2012303,NCA_FL-10188,NCA20_FL-10085,1,8/12/2020,,FL,MARINE,Gulf,,PHYSIS,FPLG,TISSUE,HG,REGULAR,7439-97-6,E-21130,162632,80194-R1,136,ng/wet g,0.01,0.02,168,1,-33,OK,1/27/2021,EPA 245.7,Leeman Hydra AF Gold+,,Y,Orthopristis chrysoptera,230,230,140,160,,
3/18/2026,2012304,NCA_FL-10362,NCA20_FL-10072,1,8/12/2020,,FL,MARINE,Gulf,,PHYSIS,FPLG,TISSUE,HG,REGULAR,7439-97-6,E-21130,148892,80195-R1,123,ng/wet g,0.01,0.02,168,1,-33,OK,1/27/2021,EPA 245.7,Leeman Hydra AF Gold+,,Y,Ariopsis felis,237,252,120,140,,
3/18/2026,2014896,NGL_OH-10079,NGL20_OH-10025,1,9/15/2020,,OH,GREAT_LAKES,Great Lakes,Lake Erie,PHYSIS,FPLG,TISSUE,HG,REGULAR,7439-97-6,E-24025,154472,81769-R1,42.6,ng/wet g,0.01,0.02,219,1,-27,OK,4/22/2021,EPA 245.7,Leeman Hydra AF Gold+,,Y,Sander vitreus,198,,50,,,
3/18/2026,2014897,NCA_MD-10398,NCA20_MD-10027,1,9/15/2020,,MD,MARINE,Northeast,,PHYSIS,FPLG,TISSUE,HG,REGULAR,7439-97-6,E-24030,172032,81934-R1,42.3,ng/wet g,0.01,0.02,239,1,-41,OK,5/12/2021,EPA 245.7,Leeman Hydra AF Gold+,,N,Morone americana,285,,170,,,
3/18/2026,2014898,NCA_FL-10171,NCA20_FL-10006,1,9/15/2020,,FL,MARINE,Southeast,,PHYSIS,FPLG,TISSUE,HG,REGULAR,7439-97-6,E-24027,168632,81811-R1,367,ng/wet g,0.01,0.02,237,1,-27,C,5/10/2021,EPA 245.7,Leeman Hydra AF Gold+,,Y,Ariopsis felis,348,336,250,240,S,Container cracked during shipping
3/18/2026,2014899,NCA_FL-10340,NCA20_FL-10064,1,9/15/2020,,FL,MARINE,Southeast,,PHYSIS,FPLG,TISSUE,HG,REGULAR,7439-97-6,E-24027,168752,81810-R1,142,ng/wet g,0.01,0.02,237,1,-27,OK,5/10/2021,EPA 245.7,Leeman Hydra AF Gold+,,Y,Ariopsis felis,260,258,160,140,,
3/18/2026,2014901,NCA_NY-10290,NCA20_NY-20065,1,9/15/2020,,NY,MARINE,Northeast,,PHYSIS,FPLG,TISSUE,HG,REGULAR,7439-97-6,E-24026,146252,81793-R1,76.1,ng/wet g,0.01,0.02,237,1,-27,OK,5/10/2021,EPA 245.7,Leeman Hydra AF Gold+,,Y,Stenotomus chrysops,293,277,460,340,,
3/18/2026,2014902,NCA_NY-10269,NCA20_NY-20044,1,9/15/2020,,NY,MARINE,Northeast,,PHYSIS,FPLG,TISSUE,HG,REGULAR,7439-97-6,E-24027,171352,81812-R1,349,ng/wet g,0.01,0.02,237,1,-27,OK,5/10/2021,EPA 245.7,Leeman Hydra AF Gold+,,Y,Prionotus evolans,359,,580,,,
3/18/2026,2014903,NCA_CA-10237,NCA20_CA-10005,1,9/15/2020,,CA,MARINE,West,,PHYSIS,FPLG,TISSUE,HG,REGULAR,7439-97-6,E-24026,172132,81789-R1,155,ng/wet g,0.01,0.02,237,1,-27,OK,5/10/2021,EPA 245.7,Leeman Hydra AF Gold+,,Y,Morone saxatilis,282,257,220,180,,
3/18/2026,2014904,NCA_CA-10314,NCA20_CA-10065,1,9/15/2020,,CA,MARINE,West,,PHYSIS,FPLG,TISSUE,HG,REGULAR,7439-97-6,E-24026,172112,81790-R1,141,ng/wet g,0.01,0.02,237,1,-27,OK,5/10/2021,EPA 245.7,Leeman Hydra AF Gold+,,Y,Morone saxatilis,310,256,320,220,,
3/18/2026,2012305,NCA_CA-10292,NCA20_CA-10028,1,8/12/2020,,CA,MARINE,West,,PHYSIS,FPLG,TISSUE,HG,REGULAR,7439-97-6,E-21116,149912,78804-R1,121,ng/wet g,0.01,0.02,155,1,-60,OK,1/14/2021,EPA 245.7,Leeman Hydra AF Gold+,,Y,Paralichthys californicus,535,,1660,,,
3/18/2026,2012306,NCA_CA-10305,NCA20_CA-10042,1,8/11/2020,,CA,MARINE,West,,PHYSIS,FPLG,TISSUE,HG,REGULAR,7439-97-6,E-21116,162672,78805-R1,110,ng/wet g,0.01,0.02,156,1,-60,OK,1/14/2021,EPA 245.7,Leeman Hydra AF Gold+,,Y,Paralichthys californicus,394,319,700,300,,
3/18/2026,2012307,NCA_CA-10241,NCA20_CA-10007,1,8/12/2020,,CA,MARINE,West,,PHYSIS,FPLG,TISSUE,HG,REGULAR,7439-97-6,E-21116,169452,78806-R1,163,ng/wet g,0.01,0.02,155,1,-60,OK,1/14/2021,EPA 245.7,Leeman Hydra AF Gold+,,Y,Paralichthys californicus,382,312,660,360,,
3/18/2026,2012308,NCA_CA-10242,NCA20_CA-10008,1,8/11/2020,,CA,MARINE,West,,PHYSIS,FPLG,TISSUE,HG,REGULAR,7439-97-6,E-21116,162732,78807-R1,158,ng/wet g,0.01,0.02,156,1,-60,OK,1/14/2021,EPA 245.7,Leeman Hydra AF Gold+,,Y,Paralichthys californicus,350,,420,,,
3/18/2026,2012309,NCA_VA-10349,NCA20_VA-10016,1,8/12/2020,,VA,MARINE,Northeast,,PHYSIS,FPLG,TISSUE,HG,REGULAR,7439-97-6,E-24033,146992,81996-R1,66.4,ng/wet g,0.01,0.02,274,1,-41,OK,5/13/2021,EPA 245.7,Leeman Hydra AF Gold+,,N,Cynoscion regalis,217,224,100.1,114.3,,
3/18/2026,2012313,NCA_MA-10172,NCA20_MA-10013,1,8/12/2020,,MA,MARINE,Northeast,,PHYSIS,FPLG,TISSUE,HG,REGULAR,7439-97-6,E-21130,169752,78812-R1,153,ng/wet g,0.01,0.02,168,1,-60,OK,1/27/2021,EPA 245.7,Leeman Hydra AF Gold+,,Y,Stenotomus chrysops,285,298,320,385,,
3/18/2026,2012314,NCA_MA-10241,NCA20_MA-10025,1,8/13/2020,,MA,MARINE,Northeast,,PHYSIS,FPLG,TISSUE,HG,REGULAR,7439-97-6,E-21135,145052,80260-R1,137,ng/wet g,0.01,0.02,207,1,-33,OK,3/8/2021,EPA 245.7,Leeman Hydra AF Gold+,,Y,Morone saxatilis,624,,2230,,,
3/18/2026,2012317,NCA_ME-10298,NCA20_ME-10030,1,8/13/2020,,ME,MARINE,Northeast,,PHYSIS,FPLG,TISSUE,HG,REGULAR,7439-97-6,E-21134,144712,80221-R1,40.6,ng/wet g,0.01,0.02,207,1,-33,OK,3/8/2021,EPA 245.7,Leeman Hydra AF Gold+,,Y,Pollachius virens,276,249,200,160,,
3/18/2026,2014905,NCA_CA-10303,NCA20_CA-10040,1,9/15/2020,,CA,MARINE,West,,PHYSIS,FPLG,TISSUE,HG,REGULAR,7439-97-6,E-24026,168052,81791-R1,150,ng/wet g,0.01,0.02,237,1,-27,OK,5/10/2021,EPA 245.7,Leeman Hydra AF Gold+,,Y,Morone saxatilis,288,238,240,180,,
3/18/2026,2014907,NGL_MI-10069,NGL20_MI-10031,1,9/15/2020,,MI,GREAT_LAKES,Great Lakes,Lake Huron,PHYSIS,FPLG,TISSUE,HG,REGULAR,7439-97-6,E-24026,165072,81792-R1,104,ng/wet g,0.01,0.02,237,1,-27,OK,5/10/2021,EPA 245.7,Leeman Hydra AF Gold+,,N,Moxostoma anisurum,488,,2700,,,
3/18/2026,2014909,NGL_OH-10080,NGL20_OH-10026,1,9/16/2020,,OH,GREAT_LAKES,Great Lakes,Lake Erie,PHYSIS,FPLG,TISSUE,HG,REGULAR,7439-97-6,E-24025,151172,81775-R1,30.7,ng/wet g,0.01,0.02,218,1,-27,OK,4/22/2021,EPA 245.7,Leeman Hydra AF Gold+,,Y,Perca flavescens,222,,112,,,
3/18/2026,2014913,NCA_NJ-10199,NCA20_NJ-10024,1,9/16/2020,,NJ,MARINE,Northeast,,PHYSIS,FPLG,TISSUE,HG,REGULAR,7439-97-6,E-24026,172232,81794-R1,33.1,ng/wet g,0.01,0.02,236,1,-27,OK,5/10/2021,EPA 245.7,Leeman Hydra AF Gold+,,N,Leiostomus xanthurus,200,200,120,120,,
3/18/2026,2014914,NCA_NJ-10257,NCA20_NJ-10016,1,9/16/2020,,NJ,MARINE,Northeast,,PHYSIS,FPLG,TISSUE,HG,REGULAR,7439-97-6,E-24026,170852,81795-R1,391,ng/wet g,0.01,0.02,236,1,-27,OK,5/10/2021,EPA 245.7,Leeman Hydra AF Gold+,,Y,Pomatomus saltatrix,420,432,760,760,,
3/18/2026,2014915,NCA_NC-10219,NCA20_NC-10042,1,9/16/2020,,NC,MARINE,Southeast,,PHYSIS,FPLG,TISSUE,HG,REGULAR,7439-97-6,E-24029,171272,81918-R1,34.8,ng/wet g,0.01,0.02,238,1,-41,OK,5/12/2021,EPA 245.7,Leeman Hydra AF Gold+,,N,Micropogonias undulatus,195,,96,,,
3/18/2026,2014916,NCA_CA-10293,NCA20_CA-10029,1,9/16/2020,,CA,MARINE,West,,PHYSIS,FPLG,TISSUE,HG,REGULAR,7439-97-6,E-24026,172012,81796-R1,101,ng/wet g,0.01,0.02,236,1,-27,OK,5/10/2021,EPA 245.7,Leeman Hydra AF Gold+,,Y,Morone saxatilis,273,292,200,300,,
3/18/2026,2014917,NCA_CA-10310,NCA20_CA-10048,1,9/16/2020,,CA,MARINE,West,,PHYSIS,FPLG,TISSUE,HG,REGULAR,7439-97-6,E-24026,172072,81797-R1,184,ng/wet g,0.01,0.02,236,1,-27,OK,5/10/2021,EPA 245.7,Leeman Hydra AF Gold+,,Y,Platichthys stellatus,354,,500,,,
3/18/2026,2014918,NCA_NY-10289,NCA20_NY-20064,1,9/16/2020,,NY,MARINE,Northeast,,PHYSIS,FPLG,TISSUE,HG,REGULAR,7439-97-6,E-24027,171372,81813-R1,91.3,ng/wet g,0.01,0.02,236,1,-27,OK,5/10/2021,EPA 245.7,Leeman Hydra AF Gold+,,Y,Stenotomus chrysops,316,320,420,560,,
3/18/2026,2012318,NCA_ME-10184,NCA20_ME-10016,1,8/13/2020,,ME,MARINE,Northeast,,PHYSIS,FPLG,TISSUE,HG,REGULAR,7439-97-6,E-21134,169612,80222-R1,60.8,ng/wet g,0.01,0.02,207,1,-33,OK,3/8/2021,EPA 245.7,Leeman Hydra AF Gold+,,Y,Pollachius virens,252,258,160,160,,
3/18/2026,2012319,NCA_ME-10187,NCA20_ME-10008,1,8/13/2020,,ME,MARINE,Northeast,,PHYSIS,FPLG,TISSUE,HG,REGULAR,7439-97-6,E-21135,164092,80252-R1,19.9,ng/wet g,0.01,0.02,207,1,-33,OK,3/8/2021,EPA 245.7,Leeman Hydra AF Gold+,,Y,Pollachius virens,293,262,260,180,,
3/18/2026,2012321,NCA_LA-10365,NCA20_LA-10125,1,8/12/2020,,LA,MARINE,Gulf,,PHYSIS,FPLG,TISSUE,HG,REGULAR,7439-97-6,E-21134,164652,80208-R1,98.7,ng/wet g,0.01,0.02,208,1,-33,OK,3/8/2021,EPA 245.7,Leeman Hydra AF Gold+,,Y,Ariopsis felis,399,354,600,500,,
3/18/2026,2012322,NCA_LA-10360,NCA20_LA-10074,1,8/13/2020,,LA,MARINE,Gulf,,PHYSIS,FPLG,TISSUE,HG,REGULAR,7439-97-6,E-21134,164532,80207-R1,33.8,ng/wet g,0.01,0.02,207,1,-33,OK,3/8/2021,EPA 245.7,Leeman Hydra AF Gold+,,Y,Bagre marinus,255,250,120,120,,
3/18/2026,2014919,NCA_NY-10268,NCA20_NY-20043,1,9/16/2020,,NY,MARINE,Northeast,,PHYSIS,FPLG,TISSUE,HG,REGULAR,7439-97-6,E-24027,171332,81814-R1,57.3,ng/wet g,0.01,0.02,236,1,-27,OK,5/10/2021,EPA 245.7,Leeman Hydra AF Gold+,,Y,Pomatomus saltatrix,243,205,160,80,,
3/18/2026,2014920,NCA_MA-10256,NCA20_MA-10041,1,9/15/2020,,MA,MARINE,Northeast,,PHYSIS,FPLG,TISSUE,HG,REGULAR,7439-97-6,E-24025,171552,81767-R1,198,ng/wet g,0.01,0.02,219,1,-27,OK,4/22/2021,EPA 245.7,Leeman Hydra AF Gold+,,N,Morone saxatilis,471,571,1247,1700,,
3/18/2026,2014922,NCA_NY-10229,NCA20_NY-10027,1,9/16/2020,,NY,MARINE,Northeast,,PHYSIS,FPLG,TISSUE,HG,REGULAR,7439-97-6,E-24027,170712,81815-R1,147,ng/wet g,0.01,0.02,236,1,-27,OK,5/10/2021,EPA 245.7,Leeman Hydra AF Gold+,,Y,Stenotomus chrysops,322,295,362,363,,
3/18/2026,2014924,NCA_NY-10272,NCA20_NY-20047,1,9/17/2020,,NY,MARINE,Northeast,,PHYSIS,FPLG,TISSUE,HG,REGULAR,7439-97-6,E-24027,171392,81816-R1,105,ng/wet g,0.01,0.02,235,1,-27,OK,5/10/2021,EPA 245.7,Leeman Hydra AF Gold+,,Y,Stenotomus chrysops,300,308,420,420,,
3/18/2026,2014926,NCA_NY-10276,NCA20_NY-20051,1,9/17/2020,,NY,MARINE,Northeast,,PHYSIS,FPLG,TISSUE,HG,REGULAR,7439-97-6,E-24027,171412,81817-R1,81.5,ng/wet g,0.01,0.02,235,1,-27,OK,5/10/2021,EPA 245.7,Leeman Hydra AF Gold+,,Y,Stenotomus chrysops,299,288,400,400,,
3/18/2026,2014927,NCA_MD-10101,NCA20_MD-10005,1,9/17/2020,,MD,MARINE,Northeast,,PHYSIS,FPLG,TISSUE,HG,REGULAR,7439-97-6,E-24030,161592,81932-R1,14.1,ng/wet g,0.01,0.02,237,1,-41,OK,5/12/2021,EPA 245.7,Leeman Hydra AF Gold+,,N,Leiostomus xanthurus,193,,80,,,
3/18/2026,2014928,NCA_MD-10401,NCA20_MD-10035,1,9/17/2020,,MD,MARINE,Northeast,,PHYSIS,FPLG,TISSUE,HG,REGULAR,7439-97-6,E-24030,172352,81929-R1,13.5,ng/wet g,0.01,0.02,237,1,-41,OK,5/12/2021,EPA 245.7,Leeman Hydra AF Gold+,,N,Micropogonias undulatus,193,198,70,70,,
3/18/2026,2014929,NCA_LA-10379,NCA20_LA-10063,1,9/17/2020,,LA,MARINE,Gulf,,PHYSIS,FPLG,TISSUE,HG,REGULAR,7439-97-6,E-24027,163172,81818-R1,55.6,ng/wet g,0.01,0.02,235,1,-27,OK,5/10/2021,EPA 245.7,Leeman Hydra AF Gold+,,Y,Ariopsis felis,333,347,320,340,,
3/18/2026,2012323,NCA_FL-10185,NCA20_FL-10009,1,8/13/2020,,FL,MARINE,Gulf,,PHYSIS,FPLG,TISSUE,HG,REGULAR,7439-97-6,E-21130,148872,80196-R1,156,ng/wet g,0.01,0.02,167,1,-33,OK,1/27/2021,EPA 245.7,Leeman Hydra AF Gold+,,N,Ariopsis felis,239,,160,,,
3/18/2026,2012324,NCA_FL-10186,NCA20_FL-10010,1,8/13/2020,,FL,MARINE,Gulf,,PHYSIS,FPLG,TISSUE,HG,REGULAR,7439-97-6,E-21130,149272,80197-R1,179,ng/wet g,0.01,0.02,167,1,-33,OK,1/27/2021,EPA 245.7,Leeman Hydra AF Gold+,,Y,Ariopsis felis,257,250,240,200,,
3/18/2026,2012325,NCA_MA-10257,NCA20_MA-10042,1,8/14/2020,,MA,MARINE,Northeast,,PHYSIS,FPLG,TISSUE,HG,REGULAR,7439-97-6,E-21135,164752,80261-R1,128,ng/wet g,0.01,0.02,206,1,-33,OK,3/8/2021,EPA 245.7,Leeman Hydra AF Gold+,,Y,Morone saxatilis,470,475,962,1005,,
3/18/2026,2012326,NGL_OH-10006,NGL20_OH-10006,1,8/27/2020,,OH,GREAT_LAKES,Great Lakes,Lake Erie,PHYSIS,FPLG,TISSUE,HG,REGULAR,7439-97-6,E-21135,155572,80265-R1,66,ng/wet g,0.01,0.02,193,1,-33,OK,3/8/2021,EPA 245.7,Leeman Hydra AF Gold+,,Y,Morone americana,250,231,280,120,,
3/18/2026,2012332,NCA_MA-10240,NCA20_MA-10024,1,8/14/2020,,MA,MARINE,Northeast,,PHYSIS,FPLG,TISSUE,HG,REGULAR,7439-97-6,E-21134,146412,80201-R1,56.3,ng/wet g,0.01,0.02,206,1,-33,OK,3/8/2021,EPA 245.7,Leeman Hydra AF Gold+,,Y,Merluccius bilinearis,262,242,160,120,,
3/18/2026,2014930,NCA_LA-10376,NCA20_LA-10060,1,9/17/2020,,LA,MARINE,Gulf,,PHYSIS,FPLG,TISSUE,HG,REGULAR,7439-97-6,E-24027,161052,81819-R1,42.7,ng/wet g,0.01,0.02,235,1,-27,OK,5/10/2021,EPA 245.7,Leeman Hydra AF Gold+,,Y,Ariopsis felis,279,292,200,200,,
3/18/2026,2014933,NCA_MA-10160,NCA20_MA-10001,2,9/16/2020,,MA,MARINE,Northeast,,PHYSIS,FPLG,TISSUE,HG,REGULAR,7439-97-6,E-24028,170552,81841-R1,68.3,ng/wet g,0.01,0.02,237,1,-41,OK,5/11/2021,EPA 245.7,Leeman Hydra AF Gold+,,Y,Morone saxatilis,402,385,1020,580,,
3/18/2026,2014934,NGL_MI-10039,NGL20_MI-10095,1,9/17/2020,,MI,GREAT_LAKES,Great Lakes,Lake Michigan,PHYSIS,FPLG,TISSUE,HG,REGULAR,7439-97-6,E-24027,165892,81820-R1,62.8,ng/wet g,0.01,0.02,235,1,-27,OK,5/10/2021,EPA 245.7,Leeman Hydra AF Gold+,,Y,Prosopium cylindraceum,516,493,1100,780,,
3/18/2026,2014935,NGL_MI-10545,NGL20_MI-10114,1,9/17/2020,,MI,GREAT_LAKES,Great Lakes,Lake Michigan,PHYSIS,FPLG,TISSUE,HG,REGULAR,7439-97-6,E-24027,165912,81821-R1,157,ng/wet g,0.01,0.02,235,1,-27,OK,5/10/2021,EPA 245.7,Leeman Hydra AF Gold+,,Y,Micropterus dolomieu,442,,1300,,,
3/18/2026,2012338,NCA_CT-10288,NCA20_CT-20073,1,8/17/2020,,CT,MARINE,Northeast,,PHYSIS,FPLG,TISSUE,HG,REGULAR,7439-97-6,E-24031,162792,81953-R1,89.3,ng/wet g,0.01,0.02,269,1,-41,OK,5/13/2021,EPA 245.7,Leeman Hydra AF Gold+,,Y,Stenotomus chrysops,240,250,320,320,,
3/18/2026,2012340,NCA_NJ-10193,NCA20_NJ-10002,1,8/17/2020,,NJ,MARINE,Northeast,,PHYSIS,FPLG,TISSUE,HG,REGULAR,7439-97-6,E-21155,147692,80292-R1,193,ng/wet g,0.01,0.02,214,1,-33,OK,3/19/2021,EPA 245.7,Leeman Hydra AF Gold+,,Y,Ameiurus catus,333,320,460,500,,
3/18/2026,2012341,NCA_VA-10358,NCA20_VA-10025,1,8/17/2020,,VA,MARINE,Northeast,,PHYSIS,FPLG,TISSUE,HG,REGULAR,7439-97-6,E-21135,146212,80266-R1,66.8,ng/wet g,0.01,0.02,203,1,-33,OK,3/8/2021,EPA 245.7,Leeman Hydra AF Gold+,,N,Morone americana,239,199,237,120,,
3/18/2026,2012343,NCA_MA-10159,NCA20_MA-10004,1,8/16/2020,,MA,MARINE,Northeast,,PHYSIS,FPLG,TISSUE,HG,REGULAR,7439-97-6,E-21156,146352,80319-R1,11.6,ng/wet g,0.01,0.02,215,1,-33,OK,3/19/2021,EPA 245.7,Leeman Hydra AF Gold+,,Y,Pseudopleuronectes americanus,290,,283,,,
3/18/2026,2012344,NCA_MA-10166,NCA20_MA-10006,1,8/17/2020,,MA,MARINE,Northeast,,PHYSIS,FPLG,TISSUE,HG,REGULAR,7439-97-6,E-21135,160592,80253-R1,164,ng/wet g,0.01,0.02,203,1,-33,OK,3/8/2021,EPA 245.7,Leeman Hydra AF Gold+,,N,Morone saxatilis,509,455,1116,940,,
3/18/2026,2012345,NCA_MA-10235,NCA20_MA-10019,1,8/17/2020,,MA,MARINE,Northeast,,PHYSIS,FPLG,TISSUE,HG,REGULAR,7439-97-6,E-21135,162972,80254-R1,84.4,ng/wet g,0.01,0.02,203,1,-33,OK,3/8/2021,EPA 245.7,Leeman Hydra AF Gold+,,Y,Morone saxatilis,385,,280,,,
3/18/2026,2012346,NCA_FL-10365,NCA20_FL-10075,1,8/17/2020,,FL,MARINE,Gulf,,PHYSIS,FPLG,TISSUE,HG,REGULAR,7439-97-6,E-21155,168732,80293-R1,155,ng/wet g,0.01,0.02,214,1,-33,OK,3/19/2021,EPA 245.7,Leeman Hydra AF Gold+,,N,Ariopsis felis,246,240,180,170,,
3/18/2026,2012347,NCA_FL-10349,NCA20_FL-10052,1,8/17/2020,,FL,MARINE,Gulf,,PHYSIS,FPLG,TISSUE,HG,REGULAR,7439-97-6,E-21155,168552,80294-R1,134,ng/wet g,0.01,0.02,214,1,-33,OK,3/19/2021,EPA 245.7,Leeman Hydra AF Gold+,,Y,Lutjanus synagris,176,176,100,100,Q,Exclude from analysis.  Longest fish less than 190 mm
3/18/2026,2014936,NCA_NY-10282,NCA20_NY-20057,1,9/18/2020,,NY,MARINE,Northeast,,PHYSIS,FPLG,TISSUE,HG,REGULAR,7439-97-6,E-24027,171432,81822-R1,102,ng/wet g,0.01,0.02,234,1,-27,OK,5/10/2021,EPA 245.7,Leeman Hydra AF Gold+,,Y,Stenotomus chrysops,319,291,520,440,,
3/18/2026,2014937,NGL_MI-10034,NGL20_MI-10090,2,9/17/2020,,MI,GREAT_LAKES,Great Lakes,Lake Michigan,PHYSIS,FPLG,TISSUE,HG,REGULAR,7439-97-6,E-24026,166072,81798-R1,153,ng/wet g,0.01,0.02,235,1,-27,OK,5/10/2021,EPA 245.7,Leeman Hydra AF Gold+,,N,Aplodinotus grunniens,441,,2200,,,
3/18/2026,2014938,NCA_LA-10160,NCA20_LA-10027,1,9/18/2020,,LA,MARINE,Gulf,,PHYSIS,FPLG,TISSUE,HG,REGULAR,7439-97-6,E-24027,163832,81823-R1,181,ng/wet g,0.01,0.02,234,1,-27,OK,5/10/2021,EPA 245.7,Leeman Hydra AF Gold+,,Y,Bagre marinus,479,,820,,,
3/18/2026,2014939,NCA_LA-10362,NCA20_LA-10076,1,9/18/2020,,LA,MARINE,Gulf,,PHYSIS,FPLG,TISSUE,HG,REGULAR,7439-97-6,E-24027,164552,81824-R1,110,ng/wet g,0.01,0.02,234,1,-27,OK,5/10/2021,EPA 245.7,Leeman Hydra AF Gold+,,Y,Bagre marinus,572,,1440,,,
3/18/2026,2012352,NCA_LA-10155,NCA20_LA-10086,1,8/18/2020,,LA,MARINE,Gulf,,PHYSIS,FPLG,TISSUE,HG,REGULAR,7439-97-6,E-21155,162472,80295-R1,183,ng/wet g,0.01,0.02,213,1,-33,OK,3/19/2021,EPA 245.7,Leeman Hydra AF Gold+,,Y,Ariopsis felis,393,374,680,500,,
3/18/2026,2012353,NCA_SC-10229,NCA20_SC-10003,1,8/18/2020,,SC,MARINE,Southeast,,NOAA/NCCOS_CHS,FPLG,TISSUE,HG,REGULAR,7439-97-6,1123,162012,,101.6,ng/wet g,0.858666667,2.576,245,,-2,OK,4/20/2021,EPA245.7,DMA-80,,N,Menticirrhus americanus,282,,280,,Q,"For this batch, Matrix Spike (CRM) and Blank Spike Results, MDL, and RL  reported in dry wt. Estimated wet wt based upon average % moisture of samples. Sample MDL high; RL meets NCCA 5 ng/wet g specification; RPD between Lab Duplicates elevated (> 61%)in this batch."
3/18/2026,2012354,NCA_SC-10391,NCA20_SC-10124,1,8/18/2020,,SC,MARINE,Southeast,,NOAA/NCCOS_CHS,FPLG,TISSUE,HG,REGULAR,7439-97-6,1123,168472,,46.9,ng/wet g,1.170333333,3.511,245,,-2,OK,4/20/2021,EPA245.7,DMA-80,,N,Micropogonias undulatus,204,,100,,Q,"For this batch, Matrix Spike (CRM) and Blank Spike Results, MDL, and RL  reported in dry wt. Estimated wet wt based upon average % moisture of samples. Sample MDL high; RL meets NCCA 5 ng/wet g specification; RPD between Lab Duplicates elevated (> 61%)in this batch."
3/18/2026,2014940,NCA_MA-10163,NCA20_MA-10002,2,9/17/2020,,MA,MARINE,Northeast,,PHYSIS,FPLG,TISSUE,HG,REGULAR,7439-97-6,E-24028,171092,81842-R1,9.31,ng/wet g,0.01,0.02,236,1,-41,OK,5/11/2021,EPA 245.7,Leeman Hydra AF Gold+,,Y,Sarda sarda,209,213,113,115,,
3/18/2026,2014941,NCA_MA-10259,NCA20_MA-10044,1,9/17/2020,,MA,MARINE,Northeast,,PHYSIS,FPLG,TISSUE,HG,REGULAR,7439-97-6,E-24028,171492,81843-R1,63.5,ng/wet g,0.01,0.02,236,1,-41,OK,5/11/2021,EPA 245.7,Leeman Hydra AF Gold+,,N,Merluccius bilinearis,327,314,226,283,,
3/18/2026,2014943,NGL_MI-10037,NGL20_MI-10093,1,9/18/2020,,MI,GREAT_LAKES,Great Lakes,Lake Michigan,PHYSIS,FPLG,TISSUE,HG,REGULAR,7439-97-6,E-24028,165212,81827-R1,63.3,ng/wet g,0.01,0.02,235,1,-27,OK,5/11/2021,EPA 245.7,Leeman Hydra AF Gold+,,Y,Prosopium cylindraceum,493,,1220,,,
3/18/2026,2012355,NGL_OH-10071,NGL20_OH-10017,1,8/14/2020,,OH,GREAT_LAKES,Great Lakes,Lake Erie,PHYSIS,FPLG,TISSUE,HG,REGULAR,7439-97-6,E-21135,157312,80255-R1,43.2,ng/wet g,0.01,0.02,206,1,-33,OK,3/8/2021,EPA 245.7,Leeman Hydra AF Gold+,,Y,Aplodinotus grunniens,382,350,620,520,,
3/18/2026,2012356,NCA_MA-10164,NCA20_MA-10005,1,8/18/2020,,MA,MARINE,Northeast,,PHYSIS,FPLG,TISSUE,HG,REGULAR,7439-97-6,E-21135,163072,80256-R1,34.7,ng/wet g,0.01,0.02,202,1,-33,OK,3/8/2021,EPA 245.7,Leeman Hydra AF Gold+,,N,Scomber scombrus,314,303,170,142,,
3/18/2026,2012357,NCA_MD-10102,NCA20_MD-10006,1,8/18/2020,,MD,MARINE,Northeast,,PHYSIS,FPLG,TISSUE,HG,REGULAR,7439-97-6,E-24025,170372,81776-R1,11.5,ng/wet g,0.01,0.02,247,1,-27,OK,4/22/2021,EPA 245.7,Leeman Hydra AF Gold+,,N,Micropogonias undulatus,209,239,100,170,,
3/18/2026,2012358,NCA_MD-10395,NCA20_MD-10024,1,8/11/2020,,MD,MARINE,Northeast,,PHYSIS,FPLG,TISSUE,HG,REGULAR,7439-97-6,E-24001,168952,81290-R1,80,ng/wet g,0.01,0.02,240,1,-33,OK,4/8/2021,EPA 245.7,Leeman Hydra AF Gold+,,Y,Morone americana,201,192,110,100,,
3/18/2026,2014950,NCA_NY-10220,NCA20_NY-10018,1,9/20/2020,,NY,MARINE,Northeast,,PHYSIS,FPLG,TISSUE,HG,REGULAR,7439-97-6,E-24029,173072,81907-R1,91.7,ng/wet g,0.01,0.02,234,1,-41,OK,5/12/2021,EPA 245.7,Leeman Hydra AF Gold+,,Y,Centropristis striata,204,,140,,,
3/18/2026,2014951,NGL_MI-10058,NGL20_MI-10021,2,9/20/2020,,MI,GREAT_LAKES,Great Lakes,Lake Huron,PHYSIS,FPLG,TISSUE,HG,REGULAR,7439-97-6,E-24029,165432,81919-R1,64.7,ng/wet g,0.01,0.02,234,1,-41,OK,5/12/2021,EPA 245.7,Leeman Hydra AF Gold+,,Y,Coregonus clupeaformis,404,,1250,,,
3/18/2026,2014952,NGL_MI-10515,NGL20_MI-10047,1,9/20/2020,,MI,GREAT_LAKES,Great Lakes,Lake Huron,PHYSIS,FPLG,TISSUE,HG,REGULAR,7439-97-6,E-24029,165492,81920-R1,37.7,ng/wet g,0.01,0.02,234,1,-41,OK,5/12/2021,EPA 245.7,Leeman Hydra AF Gold+,,Y,Dorosoma cepedianum,424,,2740,,,
3/18/2026,2014958,NCA_NY-10246,NCA20_NY-10053,1,9/20/2020,,NY,MARINE,Northeast,,PHYSIS,FPLG,TISSUE,HG,REGULAR,7439-97-6,E-24029,172392,81909-R1,66.5,ng/wet g,0.01,0.02,234,1,-41,OK,5/12/2021,EPA 245.7,Leeman Hydra AF Gold+,,Y,Stenotomus chrysops,279,,354,,,
3/18/2026,2012359,NCA_MD-10402,NCA20_MD-10036,1,8/18/2020,,MD,MARINE,Northeast,,PHYSIS,FPLG,TISSUE,HG,REGULAR,7439-97-6,E-24025,170312,81777-R1,98.6,ng/wet g,0.01,0.02,247,1,-27,OK,4/22/2021,EPA 245.7,Leeman Hydra AF Gold+,,N,Cynoscion regalis,272,251,190,130,,
3/18/2026,2012362,NCA_CA-10244,NCA20_CA-10022,1,8/17/2020,,CA,MARINE,West,,PHYSIS,FPLG,TISSUE,HG,REGULAR,7439-97-6,E-21135,159292,80267-R1,190,ng/wet g,0.01,0.02,203,1,-33,OK,3/8/2021,EPA 245.7,Leeman Hydra AF Gold+,,Y,Paralichthys californicus,190,224,100,120,,
3/18/2026,2012363,NCA_CA-10308,NCA20_CA-10045,1,8/17/2020,,CA,MARINE,West,,PHYSIS,FPLG,TISSUE,HG,REGULAR,7439-97-6,E-21135,163352,80268-R1,306,ng/wet g,0.01,0.02,203,1,-33,OK,3/8/2021,EPA 245.7,Leeman Hydra AF Gold+,,Y,Morone saxatilis,393,,600,,,
3/18/2026,2012366,NCA_FL-10358,NCA20_FL-10063,1,8/18/2020,,FL,MARINE,Gulf,,PHYSIS,FPLG,TISSUE,HG,REGULAR,7439-97-6,E-21155,168532,80296-R1,255,ng/wet g,0.01,0.02,213,1,-33,OK,3/19/2021,EPA 245.7,Leeman Hydra AF Gold+,,N,Ariopsis felis,295,295,220,220,,
3/18/2026,2012367,NCA_FL-10354,NCA20_FL-10059,1,8/18/2020,,FL,MARINE,Gulf,,PHYSIS,FPLG,TISSUE,HG,REGULAR,7439-97-6,E-21155,169132,80297-R1,63.8,ng/wet g,0.01,0.02,213,1,-33,OK,3/19/2021,EPA 245.7,Leeman Hydra AF Gold+,,Y,Lagodon rhomboides,195,190,100,100,Q,Exclude from analysis. Pinfish unlikely to be eaten by humans.
3/18/2026,2012368,NCA_FL-10345,NCA20_FL-10048,1,8/18/2020,,FL,MARINE,Gulf,,PHYSIS,FPLG,TISSUE,HG,REGULAR,7439-97-6,E-21156,169152,80300-R1,294,ng/wet g,0.01,0.02,213,1,-33,OK,3/19/2021,EPA 245.7,Leeman Hydra AF Gold+,,N,Ariopsis felis,295,295,240,240,,
3/18/2026,2012369,NCA_NJ-10205,NCA20_NJ-10006,1,8/18/2020,,NJ,MARINE,Northeast,,PHYSIS,FPLG,TISSUE,HG,REGULAR,7439-97-6,E-24025,147932,81768-R1,84.4,ng/wet g,0.01,0.02,247,1,-27,OK,4/22/2021,EPA 245.7,Leeman Hydra AF Gold+,,N,Paralichthys dentatus,345,340,400,390,,
3/18/2026,2012370,NCA_NJ-10206,NCA20_NJ-10012,1,8/18/2020,,NJ,MARINE,Northeast,,PHYSIS,FPLG,TISSUE,HG,REGULAR,7439-97-6,E-24025,168092,81778-R1,177,ng/wet g,0.01,0.02,247,1,-27,OK,4/22/2021,EPA 245.7,Leeman Hydra AF Gold+,,Y,Pomatomus saltatrix,571,558,1620,1640,,
3/18/2026,2014960,NCA_NY-10284,NCA20_NY-20059,1,9/21/2020,,NY,MARINE,Northeast,,PHYSIS,FPLG,TISSUE,HG,REGULAR,7439-97-6,E-24029,171292,81910-R1,52.9,ng/wet g,0.01,0.02,233,1,-41,OK,5/12/2021,EPA 245.7,Leeman Hydra AF Gold+,,Y,Stenotomus chrysops,252,249,220,280,,
3/18/2026,2014961,NCA_NY-10264,NCA20_NY-20039,1,9/21/2020,,NY,MARINE,Northeast,,PHYSIS,FPLG,TISSUE,HG,REGULAR,7439-97-6,E-24029,173052,81911-R1,87.1,ng/wet g,0.01,0.02,233,1,-41,OK,5/12/2021,EPA 245.7,Leeman Hydra AF Gold+,,Y,Stenotomus chrysops,309,,420,,,
3/18/2026,2014962,NCA_NY-10286,NCA20_NY-20061,1,9/21/2020,,NY,MARINE,Northeast,,PHYSIS,FPLG,TISSUE,HG,REGULAR,7439-97-6,E-24029,171312,81912-R1,60.1,ng/wet g,0.01,0.02,233,1,-41,OK,5/12/2021,EPA 245.7,Leeman Hydra AF Gold+,,Y,Paralichthys dentatus,358,341,460,400,,
3/18/2026,2014963,NCA_NY-10180,NCA20_NY-10011,1,9/21/2020,,NY,MARINE,Northeast,,PHYSIS,FPLG,TISSUE,HG,REGULAR,7439-97-6,E-24029,161312,81913-R1,292,ng/wet g,0.01,0.02,233,1,-41,OK,5/12/2021,EPA 245.7,Leeman Hydra AF Gold+,,Y,Stenotomus chrysops,300,300,398.5,437.5,,
3/18/2026,2014966,NCA_NY-10275,NCA20_NY-20050,1,9/21/2020,,NY,MARINE,Northeast,,PHYSIS,FPLG,TISSUE,HG,REGULAR,7439-97-6,E-24029,173032,81908-R1,24.2,ng/wet g,0.01,0.02,233,1,-41,OK,5/12/2021,EPA 245.7,Leeman Hydra AF Gold+,,Y,Paralichthys dentatus,263,,160,,,
3/18/2026,2014968,NGL_MI-10526,NGL20_MI-10058,1,9/21/2020,,MI,GREAT_LAKES,Great Lakes,Lake Huron,PHYSIS,FPLG,TISSUE,HG,REGULAR,7439-97-6,E-24029,165512,81921-R1,147,ng/wet g,0.01,0.02,233,1,-41,OK,5/12/2021,EPA 245.7,Leeman Hydra AF Gold+,,N,Moxostoma anisurum,453,462,2450,2350,,
3/18/2026,2014969,NCA_MD-10104,NCA20_MD-10013,1,9/21/2020,,MD,MARINE,Northeast,,PHYSIS,FPLG,TISSUE,HG,REGULAR,7439-97-6,E-24032,172732,81978-R1,36.7,ng/wet g,0.01,0.02,234,1,-41,OK,5/13/2021,EPA 245.7,Leeman Hydra AF Gold+,,Y,Ictalurus punctatus,432,,670,,,
3/18/2026,2014970,NCA_MD-10394,NCA20_MD-10023,1,9/21/2020,,MD,MARINE,Northeast,,PHYSIS,FPLG,TISSUE,HG,REGULAR,7439-97-6,E-24032,172812,81980-R1,33,ng/wet g,0.01,0.02,234,1,-41,OK,5/13/2021,EPA 245.7,Leeman Hydra AF Gold+,,Y,Ictalurus punctatus,504,,1020,,,
3/18/2026,2012372,NCA_VA-10185,NCA20_VA-10002,1,8/19/2020,,VA,MARINE,Northeast,,PHYSIS,FPLG,TISSUE,HG,REGULAR,7439-97-6,E-21135,145752,80269-R1,175,ng/wet g,0.01,0.02,201,1,-33,OK,3/8/2021,EPA 245.7,Leeman Hydra AF Gold+,,N,Morone americana,226,198,156,107,,
3/18/2026,2012373,NCA_LA-10153,NCA20_LA-10011,1,8/19/2020,,LA,MARINE,Gulf,,PHYSIS,FPLG,TISSUE,HG,REGULAR,7439-97-6,E-21156,162352,80301-R1,93.8,ng/wet g,0.01,0.02,212,1,-33,OK,3/19/2021,EPA 245.7,Leeman Hydra AF Gold+,,Y,Ariopsis felis,375,376,460,500,,
3/18/2026,2012374,NCA_LA-10342,NCA20_LA-10036,1,8/19/2020,,LA,MARINE,Gulf,,PHYSIS,FPLG,TISSUE,HG,REGULAR,7439-97-6,E-21156,164052,80302-R1,188,ng/wet g,0.01,0.02,212,1,-33,OK,3/19/2021,EPA 245.7,Leeman Hydra AF Gold+,,Y,Ariopsis felis,392,419,560,740,,
3/18/2026,2012375,NCA_NC-10120,NCA20_NC-10012,1,8/19/2020,,NC,MARINE,Southeast,,PHYSIS,FPLG,TISSUE,HG,REGULAR,7439-97-6,E-24002,147752,81314-R1,33.6,ng/wet g,0.01,0.02,232,1,-33,OK,4/8/2021,EPA 245.7,Leeman Hydra AF Gold+,,N,Paralichthys lethostigma,230,260,160,180,,
3/18/2026,2014971,NGL_NY-10218,NGL20_NY-10058,1,9/21/2020,,NY,GREAT_LAKES,Great Lakes,Lake Ontario,PHYSIS,FPLG,TISSUE,HG,REGULAR,7439-97-6,E-24030,156872,81931-R1,123,ng/wet g,0.01,0.02,233,1,-41,OK,5/12/2021,EPA 245.7,Leeman Hydra AF Gold+,,Y,Salvelinus namaycush,660,650,3200,3480,,
3/18/2026,2014973,NCA_NC-10209,NCA20_NC-10032,1,9/22/2020,,NC,MARINE,Southeast,,PHYSIS,FPLG,TISSUE,HG,REGULAR,7439-97-6,E-24029,171232,81922-R1,31.6,ng/wet g,0.01,0.02,232,1,-41,OK,5/12/2021,EPA 245.7,Leeman Hydra AF Gold+,,Y,Micropogonias undulatus,251,237,210,160,,
3/18/2026,2014974,NCA_MD-10107,NCA20_MD-10008,1,9/22/2020,,MD,MARINE,Northeast,,PHYSIS,FPLG,TISSUE,HG,REGULAR,7439-97-6,E-24033,172752,81993-R1,65.3,ng/wet g,0.01,0.02,233,1,-41,OK,5/13/2021,EPA 245.7,Leeman Hydra AF Gold+,,N,Morone americana,198,209,110,130,,
3/18/2026,2014975,NCA_NY-10221,NCA20_NY-10019,1,9/22/2020,,NY,MARINE,Northeast,,PHYSIS,FPLG,TISSUE,HG,REGULAR,7439-97-6,E-24031,173012,81968-R1,383,ng/wet g,0.01,0.02,233,1,-41,OK,5/13/2021,EPA 245.7,Leeman Hydra AF Gold+,,Y,Prionotus evolans,394,345,900,500,,
3/18/2026,2012376,NCA_NY-10297,NCA20_NY-20079,1,8/19/2020,,NY,MARINE,Northeast,,PHYSIS,FPLG,TISSUE,HG,REGULAR,7439-97-6,E-24025,162772,81763-R1,152,ng/wet g,0.01,0.02,246,1,-27,OK,4/22/2021,EPA 245.7,Leeman Hydra AF Gold+,,Y,Stenotomus chrysops,238,278,300,480,,
3/18/2026,2012377,NCA_NY-10296,NCA20_NY-20078,1,8/19/2020,,NY,MARINE,Northeast,,PHYSIS,FPLG,TISSUE,HG,REGULAR,7439-97-6,E-24028,162092,81838-R1,93.1,ng/wet g,0.01,0.02,265,1,-41,OK,5/11/2021,EPA 245.7,Leeman Hydra AF Gold+,,Y,Stenotomus chrysops,241,241,260,240,,
3/18/2026,2012379,NCA_SC-10393,NCA20_SC-10128,1,8/19/2020,,SC,MARINE,Southeast,,NOAA/NCCOS_CHS,FPLG,TISSUE,HG,REGULAR,7439-97-6,1123,168492,,84.4,ng/wet g,0.553666667,1.661,244,,-2,OK,4/20/2021,EPA245.7,DMA-80,,N,Menticirrhus americanus,275,,200,,Q,"For this batch, Matrix Spike (CRM) and Blank Spike Results, MDL, and RL  reported in dry wt. Estimated wet wt based upon average % moisture of samples. Sample MDL high; RL meets NCCA 5 ng/wet g specification; RPD between Lab Duplicates elevated (> 61%)in this batch."
3/18/2026,2012387,NCA_CA-10297,NCA20_CA-10033,1,8/19/2020,,CA,MARINE,West,,PHYSIS,FPLG,TISSUE,HG,REGULAR,7439-97-6,E-21155,162532,80291-R1,123,ng/wet g,0.01,0.02,212,1,-33,OK,3/19/2021,EPA 245.7,Leeman Hydra AF Gold+,,Y,Paralichthys californicus,292,282,280,260,,
3/18/2026,2012389,NCA_NY-10299,NCA20_NY-20081,1,8/18/2020,,NY,MARINE,Northeast,,PHYSIS,FPLG,TISSUE,HG,REGULAR,7439-97-6,E-24028,162912,81839-R1,82,ng/wet g,0.01,0.02,266,1,-41,OK,5/11/2021,EPA 245.7,Leeman Hydra AF Gold+,,Y,Stenotomus chrysops,253,253,340,360,,
3/18/2026,2012390,NCA_CT-10289,NCA20_CT-20074,1,8/18/2020,,CT,MARINE,Northeast,,PHYSIS,FPLG,TISSUE,HG,REGULAR,7439-97-6,E-24028,162072,81840-R1,93.9,ng/wet g,0.01,0.02,266,1,-41,OK,5/11/2021,EPA 245.7,Leeman Hydra AF Gold+,,Y,Stenotomus chrysops,245,250,340,340,,
3/18/2026,2012391,NCA_MD-10106,NCA20_MD-10007,1,8/19/2020,,MD,MARINE,Northeast,,PHYSIS,FPLG,TISSUE,HG,REGULAR,7439-97-6,E-24025,170412,81779-R1,10.3,ng/wet g,0.01,0.02,246,1,-27,OK,4/22/2021,EPA 245.7,Leeman Hydra AF Gold+,,Y,Leiostomus xanthurus,196,190,110,110,,
3/18/2026,2012393,NCA_MD-10397,NCA20_MD-10026,1,8/19/2020,,MD,MARINE,Northeast,,PHYSIS,FPLG,TISSUE,HG,REGULAR,7439-97-6,E-24023,170332,81379-R1,20.4,ng/wet g,0.01,0.02,243,1,-33,OK,4/19/2021,EPA 245.7,Leeman Hydra AF Gold+,,N,Micropogonias undulatus,237,199,150,100,,
3/18/2026,2012394,NCA_FL-10357,NCA20_FL-10062,1,8/19/2020,,FL,MARINE,Gulf,,PHYSIS,FPLG,TISSUE,HG,REGULAR,7439-97-6,E-21156,169212,80303-R1,243,ng/wet g,0.01,0.02,212,1,-33,OK,3/19/2021,EPA 245.7,Leeman Hydra AF Gold+,,N,Lagodon rhomboides,180,180,100,100,Q,Exclude from analysis.  Longest fish less than 190 mm. Pinfish unlikely to be eaten by humans.
3/18/2026,2012395,NCA_FL-10236,NCA20_FL-10021,1,8/19/2020,,FL,MARINE,Gulf,,PHYSIS,FPLG,TISSUE,HG,REGULAR,7439-97-6,E-21155,168652,80290-R1,83.2,ng/wet g,0.01,0.02,212,1,-33,OK,3/19/2021,EPA 245.7,Leeman Hydra AF Gold+,,Y,Ariopsis felis,398,360,580,420,,
3/18/2026,2012396,NCA_FL-10352,NCA20_FL-10055,1,8/19/2020,,FL,MARINE,Gulf,,PHYSIS,FPLG,TISSUE,HG,REGULAR,7439-97-6,E-21156,168512,80304-R1,116,ng/wet g,0.01,0.02,212,1,-33,OK,3/19/2021,EPA 245.7,Leeman Hydra AF Gold+,,Y,Lagodon rhomboides,110,110,50,50,Q,Exclude from analysis.  Longest fish less than 190 mm. Pinfish unlikely to be eaten by humans.
3/18/2026,2012398,NCA_VA-10363,NCA20_VA-10031,1,8/20/2020,,VA,MARINE,Northeast,,PHYSIS,FPLG,TISSUE,HG,REGULAR,7439-97-6,E-21135,145932,80270-R1,64.7,ng/wet g,0.01,0.02,200,1,-33,OK,3/8/2021,EPA 245.7,Leeman Hydra AF Gold+,,N,Pomatomus saltatrix,270,255,195,135,,
3/18/2026,2014986,NGL_MI-10529,NGL20_MI-10061,1,9/22/2020,,MI,GREAT_LAKES,Great Lakes,Lake Huron,PHYSIS,FPLG,TISSUE,HG,REGULAR,7439-97-6,E-24029,165632,81923-R1,196,ng/wet g,0.01,0.02,232,1,-41,OK,5/12/2021,EPA 245.7,Leeman Hydra AF Gold+,,N,Moxostoma anisurum,464,,960,,,
3/18/2026,2014987,NGL_MI-10078,NGL20_MI-10040,1,9/22/2020,,MI,GREAT_LAKES,Great Lakes,Lake Huron,PHYSIS,FPLG,TISSUE,HG,REGULAR,7439-97-6,E-24029,157752,81924-R1,573,ng/wet g,0.01,0.02,232,1,-41,OK,5/12/2021,EPA 245.7,Leeman Hydra AF Gold+,,Y,Aplodinotus grunniens,568,,2400,,,
3/18/2026,2014995,NCA_NY-10178,NCA20_NY-10009,1,9/23/2020,,NY,MARINE,Northeast,,PHYSIS,FPLG,TISSUE,HG,REGULAR,7439-97-6,E-24030,164812,81935-R1,198,ng/wet g,0.01,0.02,231,1,-41,OK,5/12/2021,EPA 245.7,Leeman Hydra AF Gold+,,Y,Stenotomus chrysops,306,,450,,,
3/18/2026,2014998,NCA_MD-10099,NCA20_MD-10010,1,9/23/2020,,MD,MARINE,Northeast,,PHYSIS,FPLG,TISSUE,HG,REGULAR,7439-97-6,E-24032,172772,81983-R1,41,ng/wet g,0.01,0.02,232,1,-41,OK,5/13/2021,EPA 245.7,Leeman Hydra AF Gold+,,Y,Morone americana,212,207,110,110,,
3/18/2026,2014999,NCA_MD-10400,NCA20_MD-10029,1,9/23/2020,,MD,MARINE,Northeast,,PHYSIS,FPLG,TISSUE,HG,REGULAR,7439-97-6,E-24032,172832,81979-R1,19.3,ng/wet g,0.01,0.02,232,1,-41,OK,5/13/2021,EPA 245.7,Leeman Hydra AF Gold+,,N,Ictalurus punctatus,232,262,100,150,,
3/18/2026,2012399,NCA_CT-10286,NCA20_CT-20071,1,8/20/2020,,CT,MARINE,Northeast,,PHYSIS,FPLG,TISSUE,HG,REGULAR,7439-97-6,E-24025,162812,81764-R1,129,ng/wet g,0.01,0.02,245,1,-27,OK,4/22/2021,EPA 245.7,Leeman Hydra AF Gold+,,Y,Stenotomus chrysops,236,240,280,300,,
3/18/2026,2012400,NCA_CT-10078,NCA20_CT-10001,1,8/20/2020,,CT,MARINE,Northeast,,PHYSIS,FPLG,TISSUE,HG,REGULAR,7439-97-6,E-24025,162892,81765-R1,126,ng/wet g,0.01,0.02,245,1,-27,OK,4/22/2021,EPA 245.7,Leeman Hydra AF Gold+,,Y,Stenotomus chrysops,255,247,280,240,,
3/18/2026,2012401,NCA_MD-10096,NCA20_MD-10004,1,8/20/2020,,MD,MARINE,Northeast,,PHYSIS,FPLG,TISSUE,HG,REGULAR,7439-97-6,E-24032,170392,81988-R1,102,ng/wet g,0.01,0.02,266,1,-41,OK,5/13/2021,EPA 245.7,Leeman Hydra AF Gold+,,N,Morone americana,195,196,100,100,,
3/18/2026,2012403,NCA_CT-10269,NCA20_CT-20019,1,8/20/2020,,CT,MARINE,Northeast,,PHYSIS,FPLG,TISSUE,HG,REGULAR,7439-97-6,E-24001,168252,81301-R1,75,ng/wet g,0.01,0.02,231,1,-33,OK,4/8/2021,EPA 245.7,Leeman Hydra AF Gold+,,Y,Stenotomus chrysops,269,248,260,240,,
3/18/2026,2015002,NCA_NY-10172,NCA20_NY-10005,1,9/23/2020,,NY,MARINE,Northeast,,PHYSIS,FPLG,TISSUE,HG,REGULAR,7439-97-6,E-24030,171532,81928-R1,59,ng/wet g,0.01,0.02,231,1,-41,OK,5/12/2021,EPA 245.7,Leeman Hydra AF Gold+,,Y,Ameiurus catus,340,343,320,310,,
3/18/2026,2015003,NCA_NY-10219,NCA20_NY-10017,1,9/23/2020,,NY,MARINE,Northeast,,PHYSIS,FPLG,TISSUE,HG,REGULAR,7439-97-6,E-24032,172512,81972-R1,273,ng/wet g,0.01,0.02,232,1,-41,OK,5/13/2021,EPA 245.7,Leeman Hydra AF Gold+,,Y,Morone saxatilis,337,282,400,180,,
3/18/2026,2015011,NCA_FL-10210,NCA20_FL-10032,1,9/24/2020,,FL,MARINE,Gulf,,PHYSIS,FPLG,TISSUE,HG,REGULAR,7439-97-6,E-24032,170592,81975-R1,88,ng/wet g,0.01,0.02,231,1,-41,OK,5/13/2021,EPA 245.7,Leeman Hydra AF Gold+,,Y,Lagodon rhomboides,190,,90,,Q,Exclude from analysis. Pinfish unlikely to be eaten by humans.
3/18/2026,2015012,NCA_NY-10189,NCA20_NY-10007,1,9/24/2020,,NY,MARINE,Northeast,,PHYSIS,FPLG,TISSUE,HG,REGULAR,7439-97-6,E-24030,172572,81936-R1,56.5,ng/wet g,0.01,0.02,230,1,-41,OK,5/12/2021,EPA 245.7,Leeman Hydra AF Gold+,,Y,Stenotomus chrysops,220,,148,,,
3/18/2026,2015013,NCA_NY-10334,NCA20_NY-10015,1,9/24/2020,,NY,MARINE,Northeast,,PHYSIS,FPLG,TISSUE,HG,REGULAR,7439-97-6,E-24030,172552,81937-R1,120,ng/wet g,0.01,0.02,230,1,-41,OK,5/12/2021,EPA 245.7,Leeman Hydra AF Gold+,,N,Stenotomus chrysops,265,,286,,,
3/18/2026,2015014,NCA_NC-10127,NCA20_NC-10015,1,9/24/2020,,NC,MARINE,Southeast,,PHYSIS,FPLG,TISSUE,HG,REGULAR,7439-97-6,E-24032,173492,81982-R1,46.1,ng/wet g,0.01,0.02,231,1,-41,OK,5/13/2021,EPA 245.7,Leeman Hydra AF Gold+,,N,Micropogonias undulatus,209,,110,,,
3/18/2026,2015016,NCA_NY-10277,NCA20_NY-20052,1,9/24/2020,,NY,MARINE,Northeast,,PHYSIS,FPLG,TISSUE,HG,REGULAR,7439-97-6,E-24030,171512,81930-R1,161,ng/wet g,0.01,0.02,230,1,-41,OK,5/12/2021,EPA 245.7,Leeman Hydra AF Gold+,,Y,Prionotus carolinus,296,329,320,440,,
3/18/2026,2015017,NCA_NY-10279,NCA20_NY-20054,1,9/24/2020,,NY,MARINE,Northeast,,PHYSIS,FPLG,TISSUE,HG,REGULAR,7439-97-6,E-24030,169512,81933-R1,66.6,ng/wet g,0.01,0.02,230,1,-41,OK,5/12/2021,EPA 245.7,Leeman Hydra AF Gold+,,Y,Paralichthys dentatus,463,353,960,380,,
3/18/2026,2012404,NCA_LA-10355,NCA20_LA-10049,1,8/20/2020,,LA,MARINE,Gulf,,PHYSIS,FPLG,TISSUE,HG,REGULAR,7439-97-6,E-21156,162312,80305-R1,135,ng/wet g,0.01,0.02,211,1,-33,OK,3/19/2021,EPA 245.7,Leeman Hydra AF Gold+,,Y,Ariopsis felis,310,320,280,280,,
3/18/2026,2012405,NCA_LA-10374,NCA20_LA-10057,1,8/20/2020,,LA,MARINE,Gulf,,PHYSIS,FPLG,TISSUE,HG,REGULAR,7439-97-6,E-21156,163572,80306-R1,135,ng/wet g,0.01,0.02,211,1,-33,OK,3/19/2021,EPA 245.7,Leeman Hydra AF Gold+,,Y,Ariopsis felis,354,267,440,260,,
3/18/2026,2012406,NCA_CA-10291,NCA20_CA-10027,1,8/20/2020,,CA,MARINE,West,,PHYSIS,FPLG,TISSUE,HG,REGULAR,7439-97-6,E-21156,162612,80307-R1,90.7,ng/wet g,0.01,0.02,211,1,-33,OK,3/19/2021,EPA 245.7,Leeman Hydra AF Gold+,,Y,Paralichthys californicus,336,332,440,360,,
3/18/2026,2012407,NCA_CA-10240,NCA20_CA-10006,1,8/20/2020,,CA,MARINE,West,,PHYSIS,FPLG,TISSUE,HG,REGULAR,7439-97-6,E-21156,162592,80308-R1,90.2,ng/wet g,0.01,0.02,211,1,-33,OK,3/19/2021,EPA 245.7,Leeman Hydra AF Gold+,,Y,Paralichthys californicus,348,326,460,380,,
3/18/2026,2015023,NCA_MD-10393,NCA20_MD-10022,1,9/24/2020,,MD,MARINE,Northeast,,PHYSIS,FPLG,TISSUE,HG,REGULAR,7439-97-6,E-24032,172852,81990-R1,93.2,ng/wet g,0.01,0.02,231,1,-41,OK,5/13/2021,EPA 245.7,Leeman Hydra AF Gold+,,N,Morone americana,247,230,180,140,,
3/18/2026,2015024,NCA_NY-10222,NCA20_NY-10020,1,9/25/2020,,NY,MARINE,Northeast,,PHYSIS,FPLG,TISSUE,HG,REGULAR,7439-97-6,E-24032,172592,81984-R1,119,ng/wet g,0.01,0.02,230,1,-41,OK,5/13/2021,EPA 245.7,Leeman Hydra AF Gold+,,Y,Stenotomus chrysops,256,276,252,304.5,,
3/18/2026,2015025,NCA_NY-10224,NCA20_NY-10022,1,9/25/2020,,NY,MARINE,Northeast,,PHYSIS,FPLG,TISSUE,HG,REGULAR,7439-97-6,E-24032,173352,81971-R1,91.8,ng/wet g,0.01,0.02,230,1,-41,OK,5/13/2021,EPA 245.7,Leeman Hydra AF Gold+,,Y,Stenotomus chrysops,288,283,340,380,,
3/18/2026,2015026,NCA_NY-10288,NCA20_NY-20063,1,9/25/2020,,NY,MARINE,Northeast,,PHYSIS,FPLG,TISSUE,HG,REGULAR,7439-97-6,E-24030,169672,81938-R1,103,ng/wet g,0.01,0.02,229,1,-41,OK,5/12/2021,EPA 245.7,Leeman Hydra AF Gold+,,Y,Prionotus evolans,296,,285,,,
3/18/2026,2012415,NCA_MA-10162,NCA20_MA-10003,1,8/19/2020,,MA,MARINE,Northeast,,PHYSIS,FPLG,TISSUE,HG,REGULAR,7439-97-6,E-21156,170512,80309-R1,150,ng/wet g,0.01,0.02,212,1,-33,OK,3/19/2021,EPA 245.7,Leeman Hydra AF Gold+,,N,Morone saxatilis,569,554,1680,1460,,
3/18/2026,2012416,NCA_MA-10252,NCA20_MA-10037,1,8/19/2020,,MA,MARINE,Northeast,,PHYSIS,FPLG,TISSUE,HG,REGULAR,7439-97-6,E-21156,160612,80312-R1,190,ng/wet g,0.01,0.02,212,1,-33,OK,3/19/2021,EPA 245.7,Leeman Hydra AF Gold+,,N,Morone saxatilis,575,,1660,,,
3/18/2026,2012420,NGL_MI-10595,ISA20-24,1,,,MI,GREAT_LAKES,Great Lakes,Lake Michigan,PHYSIS,FPLG,TISSUE,HG,REGULAR,7439-97-6,E-21155,152492,80276-R1,198,ng/wet g,0.01,0.02,218,1,-33,OK,3/19/2021,EPA 245.7,Leeman Hydra AF Gold+,,Y,Esox lucius,545,,960,,,
3/18/2026,2015027,NCA_NY-10266,NCA20_NY-20041,1,9/25/2020,,NY,MARINE,Northeast,,PHYSIS,FPLG,TISSUE,HG,REGULAR,7439-97-6,E-24030,169772,81939-R1,60.4,ng/wet g,0.01,0.02,229,1,-41,OK,5/12/2021,EPA 245.7,Leeman Hydra AF Gold+,,N,Morone saxatilis,448,,802,,,
3/18/2026,2015042,NCA_LA-10175,NCA20_LA-10016,1,9/26/2020,,LA,MARINE,Gulf,,PHYSIS,FPLG,TISSUE,HG,REGULAR,7439-97-6,E-24031,169172,81950-R1,58.7,ng/wet g,0.01,0.02,229,1,-41,OK,5/13/2021,EPA 245.7,Leeman Hydra AF Gold+,,Y,Ariopsis felis,314,317,300,340,,
3/18/2026,2015044,NCA_LA-10353,NCA20_LA-10047,1,9/26/2020,,LA,MARINE,Gulf,,PHYSIS,FPLG,TISSUE,HG,REGULAR,7439-97-6,E-24031,169092,81961-R1,68.8,ng/wet g,0.01,0.02,229,1,-41,OK,5/13/2021,EPA 245.7,Leeman Hydra AF Gold+,,Y,Ariopsis felis,337,346,340,380,,
3/18/2026,2015045,NCA_LA-10340,NCA20_LA-10034,1,9/27/2020,,LA,MARINE,Gulf,,PHYSIS,FPLG,TISSUE,HG,REGULAR,7439-97-6,E-24031,159752,81951-R1,69.7,ng/wet g,0.01,0.02,228,1,-41,OK,5/13/2021,EPA 245.7,Leeman Hydra AF Gold+,,Y,Ariopsis felis,320,320,260,240,,
3/18/2026,2012439,NGL_OH-10076,NGL20_OH-10022,1,8/31/2020,,OH,GREAT_LAKES,Great Lakes,Lake Erie,PHYSIS,FPLG,TISSUE,HG,REGULAR,7439-97-6,E-24002,155552,81315-R1,62.6,ng/wet g,0.01,0.02,220,1,-33,OK,4/8/2021,EPA 245.7,Leeman Hydra AF Gold+,,Y,Morone americana,211,204,260,160,,
3/18/2026,2012440,NGL_NY-10005,NGL20_NY-10005,1,7/8/2020,,NY,GREAT_LAKES,Great Lakes,Lake Erie,PHYSIS,FPLG,TISSUE,HG,REGULAR,7439-97-6,E-21064,150892,76323-R1,116,ng/wet g,0.01,0.02,105,1,-59,OK,10/21/2020,EPA 245.7,Leeman Hydra AF Gold+,,Y,Micropterus dolomieu,355,,660,,,
3/18/2026,2012441,NGL_OH-10009,NGL20_OH-10009,1,8/21/2020,,OH,GREAT_LAKES,Great Lakes,Lake Erie,PHYSIS,FPLG,TISSUE,HG,REGULAR,7439-97-6,E-24002,165032,81312-R1,45.7,ng/wet g,0.01,0.02,230,1,-33,OK,4/8/2021,EPA 245.7,Leeman Hydra AF Gold+,,Y,Aplodinotus grunniens,358,,520,,,
3/18/2026,2012442,NCA_FL-10344,NCA20_FL-10047,1,8/20/2020,,FL,MARINE,Gulf,,PHYSIS,FPLG,TISSUE,HG,REGULAR,7439-97-6,E-21156,169492,80313-R1,143,ng/wet g,0.01,0.02,211,1,-33,OK,3/19/2021,EPA 245.7,Leeman Hydra AF Gold+,,N,Bagre marinus,295,295,220,220,,
3/18/2026,2012443,NCA_FL-10235,NCA20_FL-10020,1,8/20/2020,,FL,MARINE,Gulf,,PHYSIS,FPLG,TISSUE,HG,REGULAR,7439-97-6,E-21156,168692,80314-R1,390,ng/wet g,0.01,0.02,211,1,-33,OK,3/19/2021,EPA 245.7,Leeman Hydra AF Gold+,,N,Bagre marinus,340,340,340,340,,
3/18/2026,2012444,NCA_MA-10258,NCA20_MA-10043,1,8/20/2020,,MA,MARINE,Northeast,,PHYSIS,FPLG,TISSUE,HG,REGULAR,7439-97-6,E-21156,170572,80315-R1,120,ng/wet g,0.01,0.02,211,1,-33,OK,3/19/2021,EPA 245.7,Leeman Hydra AF Gold+,,N,Morone saxatilis,404,,1200,,,
3/18/2026,2012446,NCA_CT-10267,NCA20_CT-20017,1,8/21/2020,,CT,MARINE,Northeast,,PHYSIS,FPLG,TISSUE,HG,REGULAR,7439-97-6,E-24001,168312,81302-R1,53.8,ng/wet g,0.01,0.02,230,1,-33,OK,4/8/2021,EPA 245.7,Leeman Hydra AF Gold+,,Y,Stenotomus chrysops,235,234,220,220,,
3/18/2026,2012447,NGL_MI-10531,NGL20_MI-10063,1,8/21/2020,,MI,GREAT_LAKES,Great Lakes,Lake Huron,PHYSIS,FPLG,TISSUE,HG,REGULAR,7439-97-6,E-24001,165192,81289-R1,339,ng/wet g,0.01,0.02,230,1,-33,OK,4/8/2021,EPA 245.7,Leeman Hydra AF Gold+,,Y,Sander vitreus,531,,1360,,,
3/18/2026,2015051,NCA_FL-10378,NCA20_FL-10111,1,9/27/2020,,FL,MARINE,Gulf,,PHYSIS,FPLG,TISSUE,HG,REGULAR,7439-97-6,E-24032,161572,81973-R1,172,ng/wet g,0.01,0.02,228,1,-41,OK,5/13/2021,EPA 245.7,Leeman Hydra AF Gold+,,Y,Lutjanus synagris,190,190,90,90,,
3/18/2026,2015053,NCA_LA-10368,NCA20_LA-10130,1,9/28/2020,,LA,MARINE,Gulf,,PHYSIS,FPLG,TISSUE,HG,REGULAR,7439-97-6,E-24031,160572,81967-R1,63.9,ng/wet g,0.01,0.02,227,1,-41,OK,5/13/2021,EPA 245.7,Leeman Hydra AF Gold+,,Y,Ariopsis felis,363,360,480,480,,
3/18/2026,2015054,NCA_LA-10371,NCA20_LA-10054,1,9/28/2020,,LA,MARINE,Gulf,,PHYSIS,FPLG,TISSUE,HG,REGULAR,7439-97-6,E-24031,170932,81966-R1,67.8,ng/wet g,0.01,0.02,227,1,-41,OK,5/13/2021,EPA 245.7,Leeman Hydra AF Gold+,,Y,Ariopsis felis,368,355,460,380,,
3/18/2026,2015055,NCA_LA-10357,NCA20_LA-10071,1,9/28/2020,,LA,MARINE,Gulf,,PHYSIS,FPLG,TISSUE,HG,REGULAR,7439-97-6,E-24032,170952,81976-R1,96.5,ng/wet g,0.01,0.02,227,1,-41,OK,5/13/2021,EPA 245.7,Leeman Hydra AF Gold+,,Y,Ariopsis felis,410,405,780,680,,
3/18/2026,2012448,NGL_MI-10071,NGL20_MI-10033,1,8/21/2020,,MI,GREAT_LAKES,Great Lakes,Lake Huron,PHYSIS,FPLG,TISSUE,HG,REGULAR,7439-97-6,E-21156,165132,80321-R1,154,ng/wet g,0.01,0.02,210,1,-33,OK,3/19/2021,EPA 245.7,Leeman Hydra AF Gold+,,Y,Aplodinotus grunniens,455,,740,,,
3/18/2026,2012450,NCA_WA-10200,NCA20_WA-10013,1,8/19/2020,,WA,MARINE,West,,PHYSIS,FPLG,TISSUE,HG,REGULAR,7439-97-6,E-21156,170172,80317-R1,22.9,ng/wet g,0.01,0.02,212,1,-33,OK,3/19/2021,EPA 245.7,Leeman Hydra AF Gold+,,Y,Citharichthys sordidus,208,208,160,160,,
3/18/2026,2012451,NCA_WA-10335,NCA20_WA-40009,1,8/19/2020,,WA,MARINE,West,,PHYSIS,FPLG,TISSUE,HG,REGULAR,7439-97-6,E-21156,170012,80316-R1,14.2,ng/wet g,0.01,0.02,212,1,-33,OK,3/19/2021,EPA 245.7,Leeman Hydra AF Gold+,,Y,Parophrys vetulus,227,200,120,120,,
3/18/2026,2012454,NCA_CT-10281,NCA20_CT-20031,1,8/23/2020,,CT,MARINE,Northeast,,PHYSIS,FPLG,TISSUE,HG,REGULAR,7439-97-6,E-24001,168392,81303-R1,43.3,ng/wet g,0.01,0.02,228,1,-33,OK,4/8/2021,EPA 245.7,Leeman Hydra AF Gold+,,Y,Pomatomus saltatrix,198,,50,,,
3/18/2026,2015056,NCA_NY-10274,NCA20_NY-20049,1,9/27/2020,,NY,MARINE,Northeast,,PHYSIS,FPLG,TISSUE,HG,REGULAR,7439-97-6,E-24031,170432,81960-R1,92.1,ng/wet g,0.01,0.02,228,1,-41,OK,5/13/2021,EPA 245.7,Leeman Hydra AF Gold+,,Y,Stenotomus chrysops,300,255,362,226,,
3/18/2026,2015057,NCA_NY-10262,NCA20_NY-20037,1,9/27/2020,,NY,MARINE,Northeast,,PHYSIS,FPLG,TISSUE,HG,REGULAR,7439-97-6,E-24031,171132,81958-R1,142,ng/wet g,0.01,0.02,228,1,-41,OK,5/13/2021,EPA 245.7,Leeman Hydra AF Gold+,,N,Morone saxatilis,608,615,2222,2290,,
3/18/2026,2015058,NCA_NY-10291,NCA20_NY-20066,1,9/27/2020,,NY,MARINE,Northeast,,PHYSIS,FPLG,TISSUE,HG,REGULAR,7439-97-6,E-24031,170452,81952-R1,42.2,ng/wet g,0.01,0.02,228,1,-41,OK,5/13/2021,EPA 245.7,Leeman Hydra AF Gold+,,Y,Morone saxatilis,355,,362,,,
3/18/2026,2015059,NCA_NY-10270,NCA20_NY-20045,1,9/27/2020,,NY,MARINE,Northeast,,PHYSIS,FPLG,TISSUE,HG,REGULAR,7439-97-6,E-24030,173432,81941-R1,48.9,ng/wet g,0.01,0.02,227,1,-41,OK,5/12/2021,EPA 245.7,Leeman Hydra AF Gold+,,Y,Stenotomus chrysops,243,,227,,,
3/18/2026,2012455,NCA_CT-10264,NCA20_CT-20014,1,8/23/2020,,CT,MARINE,Northeast,,PHYSIS,FPLG,TISSUE,HG,REGULAR,7439-97-6,E-24001,168372,81304-R1,71.1,ng/wet g,0.01,0.02,228,1,-33,OK,4/8/2021,EPA 245.7,Leeman Hydra AF Gold+,,Y,Stenotomus chrysops,295,229,380,200,,
3/18/2026,2012457,NGL_MI-10070,NGL20_MI-10032,1,8/23/2020,,MI,GREAT_LAKES,Great Lakes,Lake Huron,PHYSIS,FPLG,TISSUE,HG,REGULAR,7439-97-6,E-24001,165092,81305-R1,148,ng/wet g,0.01,0.02,228,1,-33,OK,4/8/2021,EPA 245.7,Leeman Hydra AF Gold+,,N,Oncorhynchus tshawytscha,585,,2280,,,
3/18/2026,2012459,NCA_NJ-10194,NCA20_NJ-10001,1,8/24/2020,,NJ,MARINE,Northeast,,PHYSIS,FPLG,TISSUE,HG,REGULAR,7439-97-6,E-24002,170072,81323-R1,89.2,ng/wet g,0.01,0.02,227,1,-33,OK,4/8/2021,EPA 245.7,Leeman Hydra AF Gold+,,N,Menticirrhus saxatilis,269,269,220,220,,
3/18/2026,2012460,NCA_NJ-10198,NCA20_NJ-10004,1,8/24/2020,,NJ,MARINE,Northeast,,PHYSIS,FPLG,TISSUE,HG,REGULAR,7439-97-6,E-24002,168112,81324-R1,45.9,ng/wet g,0.01,0.02,227,1,-33,OK,4/8/2021,EPA 245.7,Leeman Hydra AF Gold+,,N,Leiostomus xanthurus,219,220,160,160,,
3/18/2026,2015068,NCA_LA-10359,NCA20_LA-10073,1,9/30/2020,,LA,MARINE,Gulf,,PHYSIS,FPLG,TISSUE,HG,REGULAR,7439-97-6,E-24032,170992,81977-R1,70.7,ng/wet g,0.01,0.02,225,1,-41,OK,5/13/2021,EPA 245.7,Leeman Hydra AF Gold+,,Y,Sciaenops ocellatus,513,,1520,,,
3/18/2026,2015069,NCA_LA-10375,NCA20_LA-10058,1,9/30/2020,,LA,MARINE,Gulf,,PHYSIS,FPLG,TISSUE,HG,REGULAR,7439-97-6,E-24032,163452,81981-R1,35.3,ng/wet g,0.01,0.02,225,1,-41,OK,5/13/2021,EPA 245.7,Leeman Hydra AF Gold+,,Y,Menticirrhus americanus,260,,140,,,
3/18/2026,2015070,NCA_LA-10171,NCA20_LA-10013,1,9/30/2020,,LA,MARINE,Gulf,,PHYSIS,FPLG,TISSUE,HG,REGULAR,7439-97-6,E-24032,159472,81986-R1,85.8,ng/wet g,0.01,0.02,225,1,-41,OK,5/13/2021,EPA 245.7,Leeman Hydra AF Gold+,,Y,Ariopsis felis,403,380,600,480,,
3/18/2026,2015071,NCA_LA-10343,NCA20_LA-10037,1,10/1/2020,,LA,MARINE,Gulf,,PHYSIS,FPLG,TISSUE,HG,REGULAR,7439-97-6,E-24032,170972,81985-R1,75.8,ng/wet g,0.01,0.02,224,1,-41,OK,5/13/2021,EPA 245.7,Leeman Hydra AF Gold+,,N,Ariopsis felis,373,,520,,,
3/18/2026,2015072,NCA_LA-10344,NCA20_LA-10038,1,10/1/2020,,LA,MARINE,Gulf,,PHYSIS,FPLG,TISSUE,HG,REGULAR,7439-97-6,E-24032,170912,81987-R1,69.8,ng/wet g,0.01,0.02,224,1,-41,OK,5/13/2021,EPA 245.7,Leeman Hydra AF Gold+,,Y,Ariopsis felis,345,350,300,400,,
3/18/2026,2012462,NCA_CT-10260,NCA20_CT-20010,1,8/24/2020,,CT,MARINE,Northeast,,PHYSIS,FPLG,TISSUE,HG,REGULAR,7439-97-6,E-24001,168352,81306-R1,276,ng/wet g,0.01,0.02,227,1,-33,OK,4/8/2021,EPA 245.7,Leeman Hydra AF Gold+,,Y,Prionotus evolans,365,,560,,,
3/18/2026,2012463,NCA_CT-10278,NCA20_CT-20028,1,8/24/2020,,CT,MARINE,Northeast,,PHYSIS,FPLG,TISSUE,HG,REGULAR,7439-97-6,E-24001,169852,81307-R1,54,ng/wet g,0.01,0.02,227,1,-33,OK,4/8/2021,EPA 245.7,Leeman Hydra AF Gold+,,Y,Stenotomus chrysops,234,230,200,160,,
3/18/2026,2012466,NGL_MI-10044,NGL20_MI-10100,1,8/23/2020,,MI,GREAT_LAKES,Great Lakes,Lake Michigan,PHYSIS,FPLG,TISSUE,HG,REGULAR,7439-97-6,E-21156,165592,80318-R1,159,ng/wet g,0.01,0.02,208,1,-33,OK,3/19/2021,EPA 245.7,Leeman Hydra AF Gold+,,Y,Catostomus commersonii,505,,1320,,,
3/18/2026,2012467,NGL_MI-10532,NGL20_MI-10064,1,8/24/2020,,MI,GREAT_LAKES,Great Lakes,Lake Huron,PHYSIS,FPLG,TISSUE,HG,REGULAR,7439-97-6,E-24001,158012,81308-R1,188,ng/wet g,0.01,0.02,227,1,-33,OK,4/8/2021,EPA 245.7,Leeman Hydra AF Gold+,,Y,Sander vitreus,519,477,1400,920,,
3/18/2026,2012469,NCA_CT-10279,NCA20_CT-20029,1,8/25/2020,,CT,MARINE,Northeast,,PHYSIS,FPLG,TISSUE,HG,REGULAR,7439-97-6,E-24002,169812,81316-R1,68.9,ng/wet g,0.01,0.02,226,1,-33,OK,4/8/2021,EPA 245.7,Leeman Hydra AF Gold+,,Y,Stenotomus chrysops,274,303,340,460,,
3/18/2026,2012472,NCA_NJ-10258,NCA20_NJ-10017,1,8/25/2020,,NJ,MARINE,Northeast,,PHYSIS,FPLG,TISSUE,HG,REGULAR,7439-97-6,E-24002,168172,81325-R1,23.8,ng/wet g,0.01,0.02,226,1,-33,OK,4/8/2021,EPA 245.7,Leeman Hydra AF Gold+,,N,Leiostomus xanthurus,221,221,200,200,,
3/18/2026,2012473,NCA_NJ-10254,NCA20_NJ-10013,1,8/25/2020,,NJ,MARINE,Northeast,,PHYSIS,FPLG,TISSUE,HG,REGULAR,7439-97-6,E-24002,168032,81326-R1,27.1,ng/wet g,0.01,0.02,226,1,-33,OK,4/8/2021,EPA 245.7,Leeman Hydra AF Gold+,,N,Leiostomus xanthurus,213,213,180,180,,
3/18/2026,2012475,NCA_NJ-10255,NCA20_NJ-10014,1,8/25/2020,,NJ,MARINE,Northeast,,PHYSIS,FPLG,TISSUE,HG,REGULAR,7439-97-6,E-24002,168072,81327-R1,27.2,ng/wet g,0.01,0.02,226,1,-33,OK,4/8/2021,EPA 245.7,Leeman Hydra AF Gold+,,N,Leiostomus xanthurus,229,229,180,180,,
3/18/2026,2015200,NCA_FL-10208,NCA20_FL-10030,1,6/4/2021,,FL,MARINE,Gulf,,PHYSIS,FPLG,TISSUE,HG,REGULAR,7439-97-6,E-24114,173392,89507-R1,237,ng/wet g,0.01,0.02,110,1,-23,OK,9/22/2021,EPA 245.7,Leeman Hydra AF Gold+,,Y,Ariopsis felis,350,320,400,400,,
3/18/2026,2015202,NCA_NY-10312,NCA21_NY-30094,1,6/3/2021,,NY,MARINE,Northeast,,PHYSIS,FPLG,TISSUE,HG,REGULAR,7439-97-6,E-24114,173852,89501-R1,299,ng/wet g,0.01,0.02,111,1,-23,OK,9/22/2021,EPA 245.7,Leeman Hydra AF Gold+,,Y,Prionotus evolans,380,345,650,440,,
3/18/2026,2015205,NCA_NC-10207,NCA20_NC-10030,1,6/3/2021,,NC,MARINE,Southeast,,PHYSIS,FPLG,TISSUE,HG,REGULAR,7439-97-6,E-24114,147672,89500-R1,54.6,ng/wet g,0.01,0.02,111,1,-23,OK,9/22/2021,EPA 245.7,Leeman Hydra AF Gold+,,N,Morone americana,215,194,170,110,,
3/18/2026,2015214,NCA_NY-10319,NCA21_NY-30101,1,6/7/2021,,NY,MARINE,Northeast,,PHYSIS,FPLG,TISSUE,HG,REGULAR,7439-97-6,E-24114,169872,89504-R1,64.8,ng/wet g,0.01,0.02,107,1,-23,OK,9/22/2021,EPA 245.7,Leeman Hydra AF Gold+,,Y,Stenotomus chrysops,242,236,260,240,,
3/18/2026,2012477,NCA_SC-10392,NCA20_SC-10127,1,8/25/2020,,SC,MARINE,Southeast,,NOAA/NCCOS_CHS,FPLG,TISSUE,HG,REGULAR,7439-97-6,1123,169572,,199.5,ng/wet g,0.770333333,2.311,238,,-2,OK,4/20/2021,EPA245.7,DMA-80,,Y,Menticirrhus americanus,260,259,180,160,Q,"For this batch, Matrix Spike (CRM) and Blank Spike Results, MDL, and RL  reported in dry wt. Estimated wet wt based upon average % moisture of samples. Sample MDL high; RL meets NCCA 5 ng/wet g specification; RPD between Lab Duplicates elevated (> 61%)in this batch."
3/18/2026,2012478,NCA_CT-10081,NCA20_CT-10005,1,8/25/2020,,CT,MARINE,Northeast,,PHYSIS,FPLG,TISSUE,HG,REGULAR,7439-97-6,E-24002,168332,81311-R1,225,ng/wet g,0.01,0.02,226,1,-33,OK,4/8/2021,EPA 245.7,Leeman Hydra AF Gold+,,Y,Prionotus evolans,350,340,540,460,,
3/18/2026,2012480,NCA_NJ-10259,NCA20_NJ-10018,1,8/27/2020,,NJ,MARINE,Northeast,,PHYSIS,FPLG,TISSUE,HG,REGULAR,7439-97-6,E-24002,161452,81328-R1,77.2,ng/wet g,0.01,0.02,224,1,-33,OK,4/8/2021,EPA 245.7,Leeman Hydra AF Gold+,,N,Paralichthys dentatus,325,325,360,360,,
3/18/2026,2015215,NCA_NY-10305,NCA21_NY-30032,1,6/7/2021,,NY,MARINE,Northeast,,PHYSIS,FPLG,TISSUE,HG,REGULAR,7439-97-6,E-24114,172932,89510-R1,61.8,ng/wet g,0.01,0.02,107,1,-23,OK,9/22/2021,EPA 245.7,Leeman Hydra AF Gold+,,Y,Stenotomus chrysops,250,249,360,240,,
3/18/2026,2015221,NCA_FL-10330,PPB20_FL-20004,1,6/7/2021,,FL,MARINE,Gulf,,"Eurofins TestAmerica, Pensacola",FPLG,TISSUE,HG,REGULAR,7439-97-6,400-536460,160192,400-204788-17,82,ng/wet g,9.6,,6,1,,,6/21/2021,7471B,HYDRA AA2,,Y,Ariopsis felis,229,222,185,80,Q,Reporting limit not provided by lab
3/18/2026,2015222,NCA_NC-10206,NCA20_NC-10029,1,6/7/2021,,NC,MARINE,Southeast,,PHYSIS,FPLG,TISSUE,HG,REGULAR,7439-97-6,E-24114,173572,89502-R1,38.4,ng/wet g,0.01,0.02,107,1,-23,OK,9/22/2021,EPA 245.7,Leeman Hydra AF Gold+,,N,Leiostomus xanthurus,224,,130,,,
3/18/2026,2015223,NCA_FL-10332,PPB20_FL-20007,1,6/7/2021,,FL,MARINE,Gulf,,"Eurofins TestAmerica, Pensacola",FPLG,TISSUE,HG,REGULAR,7439-97-6,400-536460,160852,400-204788-18,96,ng/wet g,9,,6,1,,,6/21/2021,7471B,HYDRA AA2,,Y,Ariopsis felis,227,287,85,190,Q,Reporting limit not provided by lab
3/18/2026,2012482,NCA_SC-10395,NCA20_SC-10130,1,8/26/2020,,SC,MARINE,Southeast,,NOAA/NCCOS_CHS,FPLG,TISSUE,HG,REGULAR,7439-97-6,1123,168432,,202.9,ng/wet g,1.176,3.528,237,,-2,OK,4/20/2021,EPA245.7,DMA-80,,Y,Menticirrhus americanus,291,268,240,200,Q,"For this batch, Matrix Spike (CRM) and Blank Spike Results, MDL, and RL  reported in dry wt. Estimated wet wt based upon average % moisture of samples. Sample MDL high; RL meets NCCA 5 ng/wet g specification; RPD between Lab Duplicates elevated (> 61%)in this batch."
3/18/2026,2012483,NCA_SC-10218,NCA20_SC-10008,1,8/26/2020,,SC,MARINE,Southeast,,NOAA/NCCOS_CHS,FPLG,TISSUE,HG,REGULAR,7439-97-6,1123,168452,,238.5,ng/wet g,0.638,1.914,238,,-2,OK,4/21/2021,EPA245.7,DMA-80,,Y,Menticirrhus americanus,325,304,340,280,Q,"For this batch, Matrix Spike (CRM) and Blank Spike Results, MDL, and RL  reported in dry wt. Estimated wet wt based upon average % moisture of samples. Sample MDL high; RL meets NCCA 5 ng/wet g specification; RPD between Lab Duplicates elevated (> 61%)in this batch."
3/18/2026,2012484,NCA_CT-10262,NCA20_CT-20012,1,8/26/2020,,CT,MARINE,Northeast,,PHYSIS,FPLG,TISSUE,HG,REGULAR,7439-97-6,E-24002,171712,81317-R1,95.3,ng/wet g,0.01,0.02,225,1,-33,OK,4/8/2021,EPA 245.7,Leeman Hydra AF Gold+,,Y,Stenotomus chrysops,299,283,420,340,,
3/18/2026,2012485,NCA_CT-10272,NCA20_CT-20022,1,8/26/2020,,CT,MARINE,Northeast,,PHYSIS,FPLG,TISSUE,HG,REGULAR,7439-97-6,E-24002,171732,81318-R1,70.6,ng/wet g,0.01,0.02,225,1,-33,OK,4/8/2021,EPA 245.7,Leeman Hydra AF Gold+,,Y,Stenotomus chrysops,233,231,220,200,,
3/18/2026,2015224,NCA_FL-10338,PPB20_FL-20015,1,6/7/2021,,FL,MARINE,Gulf,,"Eurofins TestAmerica, Pensacola",FPLG,TISSUE,HG,REGULAR,7439-97-6,400-536460,160112,400-204788-16,72,ng/wet g,9.4,,14,1,,,6/21/2021,7471B,HYDRA AA2,,Y,Ariopsis felis,385,405,263,281,Q,Reporting limit not provided by lab
3/18/2026,2015225,NCA_FL-10321,PPB20_FL-20016,1,6/7/2021,,FL,MARINE,Gulf,,"Eurofins TestAmerica, Pensacola",FPLG,TISSUE,HG,REGULAR,7439-97-6,400-536460,144992,400-204788-4,48,ng/wet g,8.7,,14,1,,,6/21/2021,7471B,HYDRA AA2,,Y,Ariopsis felis,258,266,140,160,Q,Reporting limit not provided by lab
3/18/2026,2015226,NCA_FL-10200,NCA20_FL-10015,1,6/23/2021,,FL,MARINE,Gulf,,PHYSIS,FPLG,TISSUE,HG,REGULAR,7439-97-6,E-24116,159192,89549-R1,82,ng/wet g,0.01,0.02,92,1,-23,OK,9/23/2021,EPA 245.7,Leeman Hydra AF Gold+,,Y,Ariopsis felis,370,352,420,400,,
3/18/2026,2015229,NCA_FL-10324,PPB20_FL-20019,1,6/7/2021,,FL,MARINE,Gulf,,"Eurofins TestAmerica, Pensacola",FPLG,TISSUE,HG,REGULAR,7439-97-6,400-536460,144792,400-204788-5,54,ng/wet g,9,,14,1,,,6/21/2021,7471B,HYDRA AA2,,Y,Ariopsis felis,244,212,100,98,Q,Reporting limit not provided by lab
3/18/2026,2015233,NCA_FL-10323,PPB20_FL-20018,1,6/7/2021,,FL,MARINE,Gulf,,"Eurofins TestAmerica, Pensacola",FPLG,TISSUE,HG,REGULAR,7439-97-6,400-536460,144812,400-204788-6,240,ng/wet g,9,,14,1,,,6/21/2021,7471B,HYDRA AA2,,Y,Ariopsis felis,309,366,660,560,Q,Reporting limit not provided by lab
3/18/2026,2015234,NCA_FL-10329,PPB20_FL-20003,1,6/8/2021,,FL,MARINE,Gulf,,"Eurofins TestAmerica, Pensacola",FPLG,TISSUE,HG,REGULAR,7439-97-6,400-536460,144932,400-204788-3,67,ng/wet g,9,,11,1,,,6/21/2021,7471B,HYDRA AA2,,Y,Ariopsis felis,293,233,140,80,Q,Reporting limit not provided by lab
3/18/2026,2015237,NCA_FL-10339,PPB20_FL-20024,1,6/8/2021,,FL,MARINE,Gulf,,"Eurofins TestAmerica, Pensacola",FPLG,TISSUE,HG,REGULAR,7439-97-6,400-536460,144872,400-204788-1,59,ng/wet g,9.4,,13,1,,,6/21/2021,7471B,HYDRA AA2,,Y,Ariopsis felis,312,251,260,120,Q,Reporting limit not provided by lab
3/18/2026,2015238,NCA_FL-10326,PPB20_FL-20021,1,6/8/2021,,FL,MARINE,Gulf,,"Eurofins TestAmerica, Pensacola",FPLG,TISSUE,HG,REGULAR,7439-97-6,400-536460,144832,400-204788-2,60,ng/wet g,8.8,,13,1,,,6/21/2021,7471B,HYDRA AA2,,Y,Ariopsis felis,370,366,560,460,Q,Reporting limit not provided by lab
3/18/2026,2012486,NCA_CT-10254,NCA20_CT-20004,1,8/26/2020,,CT,MARINE,Northeast,,PHYSIS,FPLG,TISSUE,HG,REGULAR,7439-97-6,E-24002,168272,81319-R1,171,ng/wet g,0.01,0.02,225,1,-33,OK,4/8/2021,EPA 245.7,Leeman Hydra AF Gold+,,Y,Stenotomus chrysops,298,295,380,360,,
3/18/2026,2012487,NGL_MI-10512,NGL20_MI-10044,1,8/27/2020,,MI,GREAT_LAKES,Great Lakes,Lake Huron,PHYSIS,FPLG,TISSUE,HG,REGULAR,7439-97-6,E-24002,165052,81322-R1,167,ng/wet g,0.01,0.02,224,1,-33,OK,4/8/2021,EPA 245.7,Leeman Hydra AF Gold+,,N,Oncorhynchus tshawytscha,880,,7740,,,
3/18/2026,2014739,NCA_NJ-10215,NCA20_NJ-10005,1,8/27/2020,,NJ,MARINE,Northeast,,PHYSIS,FPLG,TISSUE,HG,REGULAR,7439-97-6,E-24025,168012,81772-R1,40.8,ng/wet g,0.01,0.02,238,1,-27,OK,4/22/2021,EPA 245.7,Leeman Hydra AF Gold+,,N,Leiostomus xanthurus,194,194,120,120,,
3/18/2026,2014740,NCA_NJ-10216,NCA20_NJ-10027,1,8/27/2020,,NJ,MARINE,Northeast,,PHYSIS,FPLG,TISSUE,HG,REGULAR,7439-97-6,E-24025,170052,81780-R1,56.9,ng/wet g,0.01,0.02,238,1,-27,OK,4/22/2021,EPA 245.7,Leeman Hydra AF Gold+,,N,Leiostomus xanthurus,197,202,160,160,,
3/18/2026,2015239,NCA_FL-10322,PPB20_FL-20017,1,6/8/2021,,FL,MARINE,Gulf,,"Eurofins TestAmerica, Pensacola",FPLG,TISSUE,HG,REGULAR,7439-97-6,400-536460,160172,400-204788-15,270,ng/wet g,9.3,,13,1,,,6/21/2021,7471B,HYDRA AA2,,Y,Bagre marinus,456,391,680,440,Q,Reporting limit not provided by lab
3/18/2026,2015240,NCA_FL-10336,PPB20_FL-20012,1,6/8/2021,,FL,MARINE,Gulf,,"Eurofins TestAmerica, Pensacola",FPLG,TISSUE,HG,REGULAR,7439-97-6,400-536460,160872,400-204788-13,58,ng/wet g,9.3,,13,1,,,6/21/2021,7471B,HYDRA AA2,,Y,Ariopsis felis,260,244,140,120,Q,Reporting limit not provided by lab
3/18/2026,2015247,NCA_FL-10325,PPB20_FL-20020,1,6/8/2021,,FL,MARINE,Gulf,,"Eurofins TestAmerica, Pensacola",FPLG,TISSUE,HG,REGULAR,7439-97-6,400-536460,160212,400-204788-14,140,ng/wet g,8.8,,13,1,,,6/21/2021,7471B,HYDRA AA2,,Y,Ariopsis felis,300,286,240,140,Q,Reporting limit not provided by lab
3/18/2026,2015252,NCA_FL-10337,PPB20_FL-20014,1,6/9/2021,,FL,MARINE,Gulf,,"Eurofins TestAmerica, Pensacola",FPLG,TISSUE,HG,REGULAR,7439-97-6,400-536429,160812,400-204788-21,83,ng/wet g,8.9,,12,1,,,6/21/2021,7471B,HYDRA AA2,,Y,Bagre marinus,395,298,400,200,Q,Reporting limit not provided by lab
3/18/2026,2014741,NCA_CT-10258,NCA20_CT-20008,1,8/27/2020,,CT,MARINE,Northeast,,PHYSIS,FPLG,TISSUE,HG,REGULAR,7439-97-6,E-24002,171632,81320-R1,137,ng/wet g,0.01,0.02,224,1,-33,OK,4/8/2021,EPA 245.7,Leeman Hydra AF Gold+,,Y,Stenotomus chrysops,285,272,340,300,,
3/18/2026,2014742,NCA_CT-10276,NCA20_CT-20026,1,8/27/2020,,CT,MARINE,Northeast,,PHYSIS,FPLG,TISSUE,HG,REGULAR,7439-97-6,E-24002,171812,81321-R1,106,ng/wet g,0.01,0.02,224,1,-33,OK,4/8/2021,EPA 245.7,Leeman Hydra AF Gold+,,Y,Stenotomus chrysops,292,287,340,340,,
3/18/2026,2014744,NCA_CT-10270,NCA20_CT-20020,1,8/28/2020,,CT,MARINE,Northeast,,PHYSIS,FPLG,TISSUE,HG,REGULAR,7439-97-6,E-24002,170092,81329-R1,42.5,ng/wet g,0.01,0.02,223,1,-33,OK,4/8/2021,EPA 245.7,Leeman Hydra AF Gold+,,Y,Stenotomus chrysops,238,,220,,,
3/18/2026,2014745,NCA_CT-10261,NCA20_CT-20011,1,8/28/2020,,CT,MARINE,Northeast,,PHYSIS,FPLG,TISSUE,HG,REGULAR,7439-97-6,E-24002,171612,81330-R1,142,ng/wet g,0.01,0.02,223,1,-33,OK,4/8/2021,EPA 245.7,Leeman Hydra AF Gold+,,Y,Stenotomus chrysops,290,,380,,,
3/18/2026,2015260,NCA_AL-10180,PPB20_AL-20009,1,6/9/2021,,AL,MARINE,Gulf,,"Eurofins TestAmerica, Pensacola",FPLG,TISSUE,HG,REGULAR,7439-97-6,400-536460,160832,400-204788-19,130,ng/wet g,9.2,,12,1,,,6/21/2021,7471B,HYDRA AA2,,Y,Ariopsis felis,405,321,560,200,Q,Reporting limit not provided by lab
3/18/2026,2015261,NCA_AL-10177,PPB20_AL-20001,1,6/9/2021,,AL,MARINE,Gulf,,"Eurofins TestAmerica, Pensacola",FPLG,TISSUE,HG,REGULAR,7439-97-6,400-536460,160892,400-204788-20,260,ng/wet g,9,,12,1,,,6/21/2021,7471B,HYDRA AA2,,Y,Bagre marinus,495,385,800,440,Q,Reporting limit not provided by lab
3/18/2026,2015265,NCA_FL-10374,NCA20_FL-10097,1,6/9/2021,,FL,MARINE,Gulf,,PHYSIS,FPLG,TISSUE,HG,REGULAR,7439-97-6,E-24114,172912,89508-R1,65,ng/wet g,0.01,0.02,105,1,-23,OK,9/22/2021,EPA 245.7,Leeman Hydra AF Gold+,,Y,Diplectrum formosum,216,,200,,,
3/18/2026,2015268,NCA_NY-10329,NCA21_NY-30111,1,6/9/2021,,NY,MARINE,Northeast,,PHYSIS,FPLG,TISSUE,HG,REGULAR,7439-97-6,E-24114,169792,89505-R1,74.7,ng/wet g,0.01,0.02,105,1,-23,OK,9/22/2021,EPA 245.7,Leeman Hydra AF Gold+,,Y,Morone saxatilis,377,,540,,,
3/18/2026,2015269,NCA_AL-10182,PPB20_AL-20025,1,6/9/2021,,AL,MARINE,Gulf,,"Eurofins TestAmerica, Pensacola",FPLG,TISSUE,HG,REGULAR,7439-97-6,400-536460,144852,400-204788-7,170,ng/wet g,8.8,,12,1,,,6/21/2021,7471B,HYDRA AA2,,Y,Bagre marinus,405,344,520,280,Q,Reporting limit not provided by lab
3/18/2026,2015270,NCA_NY-10332,NCA21_NY-30114,1,6/9/2021,,NY,MARINE,Northeast,,PHYSIS,FPLG,TISSUE,HG,REGULAR,7439-97-6,E-24114,146072,89506-R1,259,ng/wet g,0.01,0.02,105,1,-23,OK,9/22/2021,EPA 245.7,Leeman Hydra AF Gold+,,Y,Morone saxatilis,822,755,6100,4260,,
3/18/2026,2015274,NCA_NC-10216,NCA20_NC-10039,1,6/8/2021,,NC,MARINE,Southeast,,PHYSIS,FPLG,TISSUE,HG,REGULAR,7439-97-6,E-24114,173772,89503-R1,167,ng/wet g,0.01,0.02,106,1,-23,OK,9/22/2021,EPA 245.7,Leeman Hydra AF Gold+,,N,,268,,220,,,
3/18/2026,2015275,NCA_FL-10331,PPB20_FL-20005,1,6/9/2021,,FL,MARINE,Gulf,,"Eurofins TestAmerica, Pensacola",FPLG,TISSUE,HG,REGULAR,7439-97-6,400-536460,144952,400-204788-8,170,ng/wet g,9,,12,1,,,6/21/2021,7471B,HYDRA AA2,,Y,Bagre marinus,384,294,420,120,Q,Reporting limit not provided by lab
3/18/2026,2015276,NCA_AL-10179,PPB20_AL-20006,1,6/9/2021,,AL,MARINE,Gulf,,"Eurofins TestAmerica, Pensacola",FPLG,TISSUE,HG,REGULAR,7439-97-6,400-536460,144752,400-204788-9,55,ng/wet g,9.5,,10,1,,,6/21/2021,7471B,HYDRA AA2,,Y,Ariopsis felis,260,264,150,150,Q,Reporting limit not provided by lab
3/18/2026,2015294,NCA_AL-10178,PPB20_AL-20002,1,6/10/2021,,AL,MARINE,Gulf,,"Eurofins TestAmerica, Pensacola",FPLG,TISSUE,HG,REGULAR,7439-97-6,400-536429,160132,400-204788-22,120,ng/wet g,9.2,,10,1,,,6/21/2021,7471B,HYDRA AA2,,Y,Bagre marinus,330,337,290,360,Q,Reporting limit not provided by lab
3/18/2026,2015297,NCA_NY-10309,NCA21_NY-30091,1,6/10/2021,,NY,MARINE,Northeast,,PHYSIS,FPLG,TISSUE,HG,REGULAR,7439-97-6,E-24114,174812,89511-R1,54.1,ng/wet g,0.01,0.02,104,1,-23,OK,9/22/2021,EPA 245.7,Leeman Hydra AF Gold+,,Y,Stenotomus chrysops,268,264,260,260,,
3/18/2026,2015298,NCA_NY-10308,NCA21_NY-30035,1,6/10/2021,,NY,MARINE,Northeast,,PHYSIS,FPLG,TISSUE,HG,REGULAR,7439-97-6,E-24114,174832,89512-R1,79.8,ng/wet g,0.01,0.02,104,1,-23,OK,9/22/2021,EPA 245.7,Leeman Hydra AF Gold+,,Y,Stenotomus chrysops,250,260,240,320,,
3/18/2026,2015299,NCA_FL-10334,PPB20_FL-20010,1,6/10/2021,,FL,MARINE,Gulf,,"Eurofins TestAmerica, Pensacola",FPLG,TISSUE,HG,REGULAR,7439-97-6,400-536429,160392,400-204788-24,94,ng/wet g,9.1,,10,1,,,6/21/2021,7471B,HYDRA AA2,,Y,Ariopsis felis,318,255,340,140,Q,Reporting limit not provided by lab
3/18/2026,2015300,NCA_AL-10181,PPB20_AL-20013,1,6/10/2021,,AL,MARINE,Gulf,,"Eurofins TestAmerica, Pensacola",FPLG,TISSUE,HG,REGULAR,7439-97-6,400-536429,145652,400-204788-23,87,ng/wet g,9.3,,10,1,,,6/21/2021,7471B,HYDRA AA2,,Y,Orthopristis chrysoptera,199,209,160,240,Q,Reporting limit not provided by lab
3/18/2026,2015302,NCA_FL-10328,PPB20_FL-20023,1,6/10/2021,,FL,MARINE,Gulf,,"Eurofins TestAmerica, Pensacola",FPLG,TISSUE,HG,REGULAR,7439-97-6,400-536460,144732,400-204788-12,84,ng/wet g,9,,11,1,,,6/21/2021,7471B,HYDRA AA2,,Y,Ariopsis felis,225,,90,,Q,Reporting limit not provided by lab
3/18/2026,2015303,NCA_FL-10335,PPB20_FL-20011,1,6/10/2021,,FL,MARINE,Gulf,,"Eurofins TestAmerica, Pensacola",FPLG,TISSUE,HG,REGULAR,7439-97-6,400-536460,144912,400-204788-10,180,ng/wet g,8.9,,11,1,,,6/21/2021,7471B,HYDRA AA2,,Y,Ariopsis felis,390,310,560,200,Q,Reporting limit not provided by lab
3/18/2026,2014746,NCA_CT-10271,NCA20_CT-20021,1,8/28/2020,,CT,MARINE,Northeast,,PHYSIS,FPLG,TISSUE,HG,REGULAR,7439-97-6,E-24003,171652,81333-R1,69.2,ng/wet g,0.01,0.02,224,1,-33,OK,4/9/2021,EPA 245.7,Leeman Hydra AF Gold+,,Y,Stenotomus chrysops,277,,340,,,
3/18/2026,2014749,NCA_CT-10268,NCA20_CT-20018,1,8/30/2020,,CT,MARINE,Northeast,,PHYSIS,FPLG,TISSUE,HG,REGULAR,7439-97-6,E-24003,169892,81334-R1,137,ng/wet g,0.01,0.02,222,1,-33,OK,4/9/2021,EPA 245.7,Leeman Hydra AF Gold+,,Y,Stenotomus chrysops,335,,520,,,
3/18/2026,2014757,NGL_MI-10519,NGL20_MI-10051,1,8/30/2020,,MI,GREAT_LAKES,Great Lakes,Lake Huron,PHYSIS,FPLG,TISSUE,HG,REGULAR,7439-97-6,E-24003,165692,81338-R1,151,ng/wet g,0.01,0.02,222,1,-33,OK,4/9/2021,EPA 245.7,Leeman Hydra AF Gold+,,Y,Sander vitreus,501,,1120,,,
3/18/2026,2014758,NCA_MA-10251,NCA20_MA-10036,1,8/30/2020,,MA,MARINE,Northeast,,PHYSIS,FPLG,TISSUE,HG,REGULAR,7439-97-6,E-24003,172452,81339-R1,68,ng/wet g,0.01,0.02,222,1,-33,OK,4/9/2021,EPA 245.7,Leeman Hydra AF Gold+,,Y,Stenotomus chrysops,255,250,230,225,,
3/18/2026,2015304,NCA_FL-10327,PPB20_FL-20022,1,6/10/2021,,FL,MARINE,Gulf,,"Eurofins TestAmerica, Pensacola",FPLG,TISSUE,HG,REGULAR,7439-97-6,400-536460,144892,400-204788-11,150,ng/wet g,9.6,,10,1,,,6/21/2021,7471B,HYDRA AA2,,Y,Ariopsis felis,340,258,145.28,54.48,Q,Reporting limit not provided by lab
3/18/2026,2015306,NCA_FL-10350,NCA20_FL-10053,1,6/9/2021,,FL,MARINE,Gulf,,PHYSIS,FPLG,TISSUE,HG,REGULAR,7439-97-6,E-24114,168152,89509-R1,193,ng/wet g,0.01,0.02,105,1,-23,OK,9/22/2021,EPA 245.7,Leeman Hydra AF Gold+,,Y,Ariopsis felis,334,,380,,,
3/18/2026,2015314,NCA_NY-10331,NCA21_NY-30113,1,6/11/2021,,NY,MARINE,Northeast,,PHYSIS,FPLG,TISSUE,HG,REGULAR,7439-97-6,E-24114,174872,89513-R1,118,ng/wet g,0.01,0.02,103,1,-23,OK,9/22/2021,EPA 245.7,Leeman Hydra AF Gold+,,Y,Stenotomus chrysops,298,293,360,420,,
3/18/2026,2015317,NGL_MI-10585,GBA20-10542,1,6/7/2021,,MI,GREAT_LAKES,Great Lakes,Lake Michigan,PHYSIS,FPLG,TISSUE,HG,REGULAR,7439-97-6,E-21103,152012,78716-R1,89.7,ng/wet g,0.01,0.02,131,1,-60,OK,12/2/2020,EPA 245.7,Leeman Hydra AF Gold+,,Y,Catostomus catostomus,431,468,860,980,,
3/18/2026,2014760,NCA_NJ-10195,NCA20_NJ-10008,1,8/31/2020,,NJ,MARINE,Northeast,,PHYSIS,FPLG,TISSUE,HG,REGULAR,7439-97-6,E-24023,170872,81386-R1,242,ng/wet g,0.01,0.02,231,1,-33,OK,4/19/2021,EPA 245.7,Leeman Hydra AF Gold+,,Y,Morone americana,221,216,220,200,,
3/18/2026,2014761,NCA_CT-10263,NCA20_CT-20013,1,8/31/2020,,CT,MARINE,Northeast,,PHYSIS,FPLG,TISSUE,HG,REGULAR,7439-97-6,E-24003,171692,81340-R1,134,ng/wet g,0.01,0.02,221,1,-33,OK,4/9/2021,EPA 245.7,Leeman Hydra AF Gold+,,Y,Stenotomus chrysops,262,262,260,240,,
3/18/2026,2014762,NCA_CT-10273,NCA20_CT-20023,1,8/31/2020,,CT,MARINE,Northeast,,PHYSIS,FPLG,TISSUE,HG,REGULAR,7439-97-6,E-24003,171572,81336-R1,89.6,ng/wet g,0.01,0.02,221,1,-33,OK,4/9/2021,EPA 245.7,Leeman Hydra AF Gold+,,Y,Stenotomus chrysops,251,227,240,160,,
3/18/2026,2014763,NCA_CT-10252,NCA20_CT-20002,1,8/31/2020,,CT,MARINE,Northeast,,PHYSIS,FPLG,TISSUE,HG,REGULAR,7439-97-6,E-24003,171832,81335-R1,168,ng/wet g,0.01,0.02,221,1,-33,OK,4/9/2021,EPA 245.7,Leeman Hydra AF Gold+,,Y,Stenotomus chrysops,284,313,300,380,,
3/18/2026,2015318,NGL_MI-10584,GBA20-10541,1,6/7/2021,,MI,GREAT_LAKES,Great Lakes,Lake Michigan,PHYSIS,FPLG,TISSUE,HG,REGULAR,7439-97-6,E-21103,151992,78726-R1,88.9,ng/wet g,0.01,0.02,125,1,-60,OK,12/2/2020,EPA 245.7,Leeman Hydra AF Gold+,,Y,Lota lota,570,475,720,1540,,
3/18/2026,2015319,NGL_MI-10582,GBA20-10539,1,6/7/2021,,MI,GREAT_LAKES,Great Lakes,Lake Michigan,PHYSIS,FPLG,TISSUE,HG,REGULAR,7439-97-6,E-21103,151952,78728-R1,511,ng/wet g,0.01,0.02,124,1,-60,OK,12/2/2020,EPA 245.7,Leeman Hydra AF Gold+,,Y,Sander vitreus,645,577,2600,2040,,
3/18/2026,2015320,NGL_MI-10580,GBA20-10533,1,6/7/2021,,MI,GREAT_LAKES,Great Lakes,Lake Michigan,PHYSIS,FPLG,TISSUE,HG,REGULAR,7439-97-6,E-21103,151832,78723-R1,74.8,ng/wet g,0.01,0.02,125,1,-60,OK,12/2/2020,EPA 245.7,Leeman Hydra AF Gold+,,Y,Coregonus clupeaformis,453,,780,,,
3/18/2026,2015327,NGL_MI-10583,GBA20-10540,1,6/9/2021,,MI,GREAT_LAKES,Great Lakes,Lake Michigan,PHYSIS,FPLG,TISSUE,HG,REGULAR,7439-97-6,E-21103,151972,78717-R1,70.8,ng/wet g,0.01,0.02,131,1,-60,OK,12/2/2020,EPA 245.7,Leeman Hydra AF Gold+,,Y,Oncorhynchus tshawytscha,516,,1560,,,
3/18/2026,2015328,NGL_WI-10150,GBA20-10513,1,6/11/2021,,WI,GREAT_LAKES,Great Lakes,Lake Michigan,PHYSIS,FPLG,TISSUE,HG,REGULAR,7439-97-6,E-21018,151432,75496-R1,91.3,ng/wet g,0.01,0.02,71,1,-56,OK,8/28/2020,EPA 245.7,Leeman Hydra AF Gold+,,Y,Coregonus clupeaformis,435,453,720,750,Q,Measured results for Blank Laboratory Control Solution Spike in this batch are questionable. All other QC samples are within range.
3/18/2026,2015329,NGL_WI-10154,GBA20-10519,1,6/11/2021,,WI,GREAT_LAKES,Great Lakes,Lake Michigan,PHYSIS,FPLG,TISSUE,HG,REGULAR,7439-97-6,E-21018,151552,75494-R1,77.5,ng/wet g,0.01,0.02,70,1,-56,OK,8/28/2020,EPA 245.7,Leeman Hydra AF Gold+,,Y,Coregonus clupeaformis,463,390,680,340,Q,Measured results for Blank Laboratory Control Solution Spike in this batch are questionable. All other QC samples are within range.
3/18/2026,2015330,NGL_WI-10160,GBA20-10530,1,6/11/2021,,WI,GREAT_LAKES,Great Lakes,Lake Michigan,PHYSIS,FPLG,TISSUE,HG,REGULAR,7439-97-6,E-21051,151772,76280-R1,52,ng/wet g,0.01,0.02,84,1,-59,OK,9/24/2020,EPA 245.7,Leeman Hydra AF Gold+,,Y,Coregonus artedi,247,231,120,100,,
3/18/2026,2014764,NGL_MI-10546,NGL20_MI-10115,1,8/31/2020,,MI,GREAT_LAKES,Great Lakes,Lake Michigan,PHYSIS,FPLG,TISSUE,HG,REGULAR,7439-97-6,E-24003,165852,81341-R1,96.6,ng/wet g,0.01,0.02,221,1,-33,OK,4/9/2021,EPA 245.7,Leeman Hydra AF Gold+,,Y,Perca flavescens,258,254,180,160,,
3/18/2026,2014766,NCA_NJ-10197,NCA20_NJ-10010,1,8/31/2020,,NJ,MARINE,Northeast,,PHYSIS,FPLG,TISSUE,HG,REGULAR,7439-97-6,E-24023,170892,81387-R1,188,ng/wet g,0.01,0.02,231,1,-27,OK,4/19/2021,EPA 245.7,Leeman Hydra AF Gold+,,N,Ictalurus punctatus,571,571,1640,1640,,
3/18/2026,2014767,NCA_NJ-10264,NCA20_NJ-10043,1,8/31/2020,,NJ,MARINE,Northeast,,PHYSIS,FPLG,TISSUE,HG,REGULAR,7439-97-6,E-24023,170832,81384-R1,107,ng/wet g,0.01,0.02,231,1,-33,OK,4/19/2021,EPA 245.7,Leeman Hydra AF Gold+,,N,Ameiurus catus,391,391,900,900,,
3/18/2026,2014768,NCA_FL-10220,NCA20_FL-10018,1,8/31/2020,,FL,MARINE,Southeast,,PHYSIS,FPLG,TISSUE,HG,REGULAR,7439-97-6,E-24023,168612,81381-R1,303,ng/wet g,0.01,0.02,231,1,-33,OK,4/19/2021,EPA 245.7,Leeman Hydra AF Gold+,,N,Ocyurus chrysurus,257,,180,,,
3/18/2026,2014769,NCA_FL-10348,NCA20_FL-10051,1,8/31/2020,,FL,MARINE,Southeast,,PHYSIS,FPLG,TISSUE,HG,REGULAR,7439-97-6,E-24023,168712,81380-R1,161,ng/wet g,0.01,0.02,231,1,-33,OK,4/19/2021,EPA 245.7,Leeman Hydra AF Gold+,,N,Diplectrum formosum,171,158,60,40,Q,Exclude from analysis.  Longest fish less than 190 mm
3/18/2026,2014771,NGL_OH-10069,NGL20_OH-10015,1,9/1/2020,,OH,GREAT_LAKES,Great Lakes,Lake Erie,PHYSIS,FPLG,TISSUE,HG,REGULAR,7439-97-6,E-24026,155432,81783-R1,142,ng/wet g,0.01,0.02,251,1,-27,OK,5/10/2021,EPA 245.7,Leeman Hydra AF Gold+,,Y,Morone americana,292,222,480,180,,
3/18/2026,2014772,NGL_MI-10541,NGL20_MI-10110,1,9/1/2020,,MI,GREAT_LAKES,Great Lakes,Lake Michigan,PHYSIS,FPLG,TISSUE,HG,REGULAR,7439-97-6,E-24003,165872,81342-R1,72.7,ng/wet g,0.01,0.02,220,1,-33,OK,4/9/2021,EPA 245.7,Leeman Hydra AF Gold+,,Y,Perca flavescens,213,,140,,,
3/18/2026,2014773,NGL_OH-10081,NGL20_OH-10027,1,9/1/2020,,OH,GREAT_LAKES,Great Lakes,Lake Erie,PHYSIS,FPLG,TISSUE,HG,REGULAR,7439-97-6,E-24026,151072,81784-R1,79.8,ng/wet g,0.01,0.02,251,1,-27,OK,5/10/2021,EPA 245.7,Leeman Hydra AF Gold+,,Y,Aplodinotus grunniens,409,405,780,720,,
3/18/2026,2015332,NGL_WI-10163,GBA20-10536,1,6/11/2021,,WI,GREAT_LAKES,Great Lakes,Lake Michigan,PHYSIS,FPLG,TISSUE,HG,REGULAR,7439-97-6,E-21018,151892,75495-R1,74.3,ng/wet g,0.01,0.02,71,1,-56,OK,8/28/2020,EPA 245.7,Leeman Hydra AF Gold+,,Y,Coregonus clupeaformis,462,,800,,Q,Measured results for Blank Laboratory Control Solution Spike in this batch are questionable. All other QC samples are within range.
3/18/2026,2015338,NGL_MI-10587,ISA20-16,1,6/12/2021,,MI,GREAT_LAKES,Great Lakes,Lake Michigan,PHYSIS,FPLG,TISSUE,HG,REGULAR,7439-97-6,E-21033,152332,75522-R1,86.8,ng/wet g,0.01,0.02,78,1,-56,OK,9/8/2020,EPA 245.7,Leeman Hydra AF Gold+,,Y,Lota lota,517,,1360,,,
3/18/2026,2015339,NGL_MI-10611,ISA20-40,1,6/12/2021,,MI,GREAT_LAKES,Great Lakes,Lake Michigan,PHYSIS,FPLG,TISSUE,HG,REGULAR,7439-97-6,E-24031,152392,81957-R1,336,ng/wet g,0.01,0.02,230,1,-41,OK,5/13/2021,EPA 245.7,Leeman Hydra AF Gold+,,Y,Sander vitreus,395,415,500,660,,
3/18/2026,2015347,NGL_WI-10162,GBA20-10534,1,6/13/2021,,WI,GREAT_LAKES,Great Lakes,Lake Michigan,PHYSIS,FPLG,TISSUE,HG,REGULAR,7439-97-6,E-21065,151852,76361-R1,172,ng/wet g,0.01,0.02,102,1,-58,OK,10/26/2020,EPA 245.7,Leeman Hydra AF Gold+,,Y,Aplodinotus grunniens,456,,1280,,,
3/18/2026,2014775,NCA_CT-10274,NCA20_CT-20024,1,9/1/2020,,CT,MARINE,Northeast,,PHYSIS,FPLG,TISSUE,HG,REGULAR,7439-97-6,E-24003,171752,81343-R1,220,ng/wet g,0.01,0.02,220,1,-33,OK,4/9/2021,EPA 245.7,Leeman Hydra AF Gold+,,Y,Prionotus evolans,342,,440,,,
3/18/2026,2014776,NCA_MA-10260,NCA20_MA-10045,1,9/1/2020,,MA,MARINE,Northeast,,PHYSIS,FPLG,TISSUE,HG,REGULAR,7439-97-6,E-24003,172492,81344-R1,108,ng/wet g,0.01,0.02,220,1,-33,OK,4/9/2021,EPA 245.7,Leeman Hydra AF Gold+,,Y,Centropristis striata,333,315,454,412,,
3/18/2026,2014777,NGL_MI-10060,NGL20_MI-10023,2,9/1/2020,,MI,GREAT_LAKES,Great Lakes,Lake Huron,PHYSIS,FPLG,TISSUE,HG,REGULAR,7439-97-6,E-24003,165732,81345-R1,153,ng/wet g,0.01,0.02,220,1,-33,OK,4/9/2021,EPA 245.7,Leeman Hydra AF Gold+,,N,Sander vitreus,530,,1340,,,
3/18/2026,2014778,NGL_MI-10524,NGL20_MI-10056,1,9/1/2020,,MI,GREAT_LAKES,Great Lakes,Lake Huron,PHYSIS,FPLG,TISSUE,HG,REGULAR,7439-97-6,E-24003,165672,81346-R1,120,ng/wet g,0.01,0.02,220,1,-33,OK,4/9/2021,EPA 245.7,Leeman Hydra AF Gold+,,Y,Sander vitreus,480,,1340,,,
3/18/2026,2015348,NGL_WI-10148,GBA20-10501,1,6/13/2021,,WI,GREAT_LAKES,Great Lakes,Lake Michigan,PHYSIS,FPLG,TISSUE,HG,REGULAR,7439-97-6,E-21065,151192,76359-R1,120,ng/wet g,0.01,0.02,102,1,-58,OK,10/26/2020,EPA 245.7,Leeman Hydra AF Gold+,,Y,Morone americana,263,239,220,200,,
3/18/2026,2015351,NGL_MI-10571,GBA20-10512,1,6/8/2021,,MI,GREAT_LAKES,Great Lakes,Lake Michigan,PHYSIS,FPLG,TISSUE,HG,REGULAR,7439-97-6,E-21103,151412,78715-R1,91.1,ng/wet g,0.01,0.02,131,1,-60,OK,12/2/2020,EPA 245.7,Leeman Hydra AF Gold+,,Y,Oncorhynchus mykiss,517,,1980,,,
3/18/2026,2015357,NCA_NY-10323,NCA21_NY-30105,1,6/11/2021,,NY,MARINE,Northeast,,PHYSIS,FPLG,TISSUE,HG,REGULAR,7439-97-6,E-24114,174852,89514-R1,154,ng/wet g,0.01,0.02,103,1,-23,OK,9/22/2021,EPA 245.7,Leeman Hydra AF Gold+,,Y,Stenotomus chrysops,300,265,320,280,,
3/18/2026,2015360,NGL_WI-10164,GBA20-10537,1,6/8/2021,,WI,GREAT_LAKES,Great Lakes,Lake Michigan,PHYSIS,FPLG,TISSUE,HG,REGULAR,7439-97-6,E-21051,151912,76279-R1,37.6,ng/wet g,0.01,0.02,85,1,-59,OK,9/24/2020,EPA 245.7,Leeman Hydra AF Gold+,,Y,Coregonus clupeaformis,320,320,220,200,,
3/18/2026,2014780,NCA_CA-10300,NCA20_CA-10036,1,9/1/2020,,CA,MARINE,West,,PHYSIS,FPLG,TISSUE,HG,REGULAR,7439-97-6,E-24003,169312,81347-R1,92.6,ng/wet g,0.01,0.02,220,1,-33,OK,4/9/2021,EPA 245.7,Leeman Hydra AF Gold+,,Y,Paralichthys californicus,346,,400,,,
3/18/2026,2014784,NCA_TX-10358,NCA20_TX-10038,1,9/1/2020,,TX,MARINE,Gulf,,PHYSIS,FPLG,TISSUE,HG,REGULAR,7439-97-6,E-24003,161492,81348-R1,176,ng/wet g,0.01,0.02,220,1,-33,OK,4/9/2021,EPA 245.7,Leeman Hydra AF Gold+,,Y,Ariopsis felis,338,288,400,220,,
3/18/2026,2014787,NCA_FL-10376,NCA20_FL-10099,1,9/1/2020,,FL,MARINE,Southeast,,PHYSIS,FPLG,TISSUE,HG,REGULAR,7439-97-6,E-24023,168592,81395-R1,500,ng/wet g,0.01,0.02,230,1,-27,OK,4/19/2021,EPA 245.7,Leeman Hydra AF Gold+,,Y,Lagodon rhomboides,189,178,100,80,Q,Exclude from analysis.  Longest fish less than 190 mm. Pinfish unlikely to be eaten by humans.
3/18/2026,2014788,NCA_FL-10367,NCA20_FL-10078,1,9/1/2020,,FL,MARINE,Southeast,,PHYSIS,FPLG,TISSUE,HG,REGULAR,7439-97-6,E-24023,169332,81396-R1,910,ng/wet g,0.01,0.02,230,1,-27,OK,4/19/2021,EPA 245.7,Leeman Hydra AF Gold+,,Y,Pomatomus saltatrix,297,296,280,270,,
3/18/2026,2015361,NCA_NY-10328,NCA21_NY-30110,1,6/14/2021,,NY,MARINE,Northeast,,PHYSIS,FPLG,TISSUE,HG,REGULAR,7439-97-6,E-24114,174652,89515-R1,61.9,ng/wet g,0.01,0.02,100,1,-23,OK,9/22/2021,EPA 245.7,Leeman Hydra AF Gold+,,Y,Stenotomus chrysops,245,239,200,200,,
3/18/2026,2015362,NCA_NY-10326,NCA21_NY-30108,1,6/13/2021,,NY,MARINE,Northeast,,PHYSIS,FPLG,TISSUE,HG,REGULAR,7439-97-6,E-24114,174732,89516-R1,139,ng/wet g,0.01,0.02,101,1,-23,OK,9/22/2021,EPA 245.7,Leeman Hydra AF Gold+,,Y,Stenotomus chrysops,355,346,580,580,,
3/18/2026,2015363,NCA_NY-10320,NCA21_NY-30102,1,6/13/2021,,NY,MARINE,Northeast,,PHYSIS,FPLG,TISSUE,HG,REGULAR,7439-97-6,E-24114,174752,89517-R1,67.1,ng/wet g,0.01,0.02,101,1,-23,OK,9/22/2021,EPA 245.7,Leeman Hydra AF Gold+,,Y,Stenotomus chrysops,247,,240,,,
3/18/2026,2015364,NCA_NY-10303,NCA21_NY-30030,1,6/14/2021,,NY,MARINE,Northeast,,PHYSIS,FPLG,TISSUE,HG,REGULAR,7439-97-6,E-24114,174672,89518-R1,139,ng/wet g,0.01,0.02,100,1,-23,OK,9/22/2021,EPA 245.7,Leeman Hydra AF Gold+,,Y,Stenotomus chrysops,316,303,420,440,,
3/18/2026,2015378,NCA_FL-10209,NCA20_FL-10031,1,6/15/2021,,FL,MARINE,Gulf,,PHYSIS,FPLG,TISSUE,HG,REGULAR,7439-97-6,E-24115,173712,89524-R1,206,ng/wet g,0.01,0.02,99,1,-23,OK,9/22/2021,EPA 245.7,Leeman Hydra AF Gold+,,N,Ariopsis felis,360,390,500,440,,
3/18/2026,2015385,NCA_NY-10322,NCA21_NY-30104,1,6/15/2021,,NY,MARINE,Northeast,,PHYSIS,FPLG,TISSUE,HG,REGULAR,7439-97-6,E-24114,173812,89519-R1,54.7,ng/wet g,0.01,0.02,99,1,-23,OK,9/22/2021,EPA 245.7,Leeman Hydra AF Gold+,,Y,Stenotomus chrysops,243,243,240,320,,
3/18/2026,2015386,NCA_NY-10330,NCA21_NY-30112,1,6/15/2021,,NY,MARINE,Northeast,,PHYSIS,FPLG,TISSUE,HG,REGULAR,7439-97-6,E-24115,173992,89522-R1,116,ng/wet g,0.01,0.02,99,1,-23,OK,9/22/2021,EPA 245.7,Leeman Hydra AF Gold+,,Y,Stenotomus chrysops,330,260,460,260,,
3/18/2026,2015387,NCA_FL-10371,NCA20_FL-10083,1,6/15/2021,,FL,MARINE,Gulf,,PHYSIS,FPLG,TISSUE,HG,REGULAR,7439-97-6,E-24115,172992,89523-R1,81,ng/wet g,0.01,0.02,99,1,-23,OK,9/22/2021,EPA 245.7,Leeman Hydra AF Gold+,,Y,Ariopsis felis,310,295,300,280,,
3/18/2026,2015389,NCA_OR-10221,NCA20_OR-10042,1,6/15/2021,,OR,MARINE,West,,PHYSIS,FPLG,TISSUE,HG,REGULAR,7439-97-6,E-24115,148512,89527-R1,52.7,ng/wet g,0.01,0.02,99,1,-23,OK,9/22/2021,EPA 245.7,Leeman Hydra AF Gold+,,N,Leptocottus armatus,225,,150,,Q,Exclude from analysis. Pacific staghorn unlikely to be eaten by humans
3/18/2026,2014789,NCA_FL-10216,NCA20_FL-10034,1,9/1/2020,,FL,MARINE,Southeast,,PHYSIS,FPLG,TISSUE,HG,REGULAR,7439-97-6,E-24023,169372,81382-R1,105,ng/wet g,0.01,0.02,230,1,-33,OK,4/19/2021,EPA 245.7,Leeman Hydra AF Gold+,,Y,Lutjanus apodus,230,,220,,,
3/18/2026,2014791,NCA_TX-10371,NCA20_TX-10047,1,9/2/2020,,TX,MARINE,Gulf,,PHYSIS,FPLG,TISSUE,HG,REGULAR,7439-97-6,E-24003,168912,81349-R1,251,ng/wet g,0.01,0.02,219,1,-33,OK,4/9/2021,EPA 245.7,Leeman Hydra AF Gold+,,Y,Ariopsis felis,331,336,320,380,,
3/18/2026,2014792,NCA_NC-10129,NCA20_NC-10016,1,9/2/2020,,NC,MARINE,Southeast,,PHYSIS,FPLG,TISSUE,HG,REGULAR,7439-97-6,E-24003,162572,81351-R1,127,ng/wet g,0.01,0.02,219,1,-33,OK,4/9/2021,EPA 245.7,Leeman Hydra AF Gold+,,N,Bairdiella chrysoura,210,200,140,160,,
3/18/2026,2014793,NCA_CT-10280,NCA20_CT-20030,1,9/2/2020,,CT,MARINE,Northeast,,PHYSIS,FPLG,TISSUE,HG,REGULAR,7439-97-6,E-24004,171032,81357-R1,222,ng/wet g,0.01,0.02,219,1,-33,OK,4/9/2021,EPA 245.7,Leeman Hydra AF Gold+,,Y,Stenotomus chrysops,347,315,580,460,,
3/18/2026,2014794,NCA_CT-10259,NCA20_CT-20009,1,9/2/2020,,CT,MARINE,Northeast,,PHYSIS,FPLG,TISSUE,HG,REGULAR,7439-97-6,E-24004,172172,81367-R1,191,ng/wet g,0.01,0.02,219,1,-33,OK,4/9/2021,EPA 245.7,Leeman Hydra AF Gold+,,Y,Stenotomus chrysops,289,309,340,440,,
3/18/2026,2015395,NGL_MI-10566,GBA20-10506,1,6/8/2021,,MI,GREAT_LAKES,Great Lakes,Lake Michigan,PHYSIS,FPLG,TISSUE,HG,REGULAR,7439-97-6,E-21093,151292,77072-R1,92.9,ng/wet g,0.01,0.02,130,1,-60,OK,11/30/2020,EPA 245.7,Leeman Hydra AF Gold+,,Y,Lota lota,581,512,1640,1040,,
3/18/2026,2015404,NGL_MI-10630,ISA20-13,1,6/9/2021,,MI,GREAT_LAKES,Great Lakes,Lake Michigan,PHYSIS,FPLG,TISSUE,HG,REGULAR,7439-97-6,E-21033,152272,75523-R1,8.33,ng/wet g,0.01,0.02,75,1,-56,OK,9/8/2020,EPA 245.7,Leeman Hydra AF Gold+,,Y,Catostomus catostomus,222,,120,,,
3/18/2026,2015405,NGL_MI-10598,ISA20-27,1,6/9/2021,,MI,GREAT_LAKES,Great Lakes,Lake Michigan,PHYSIS,FPLG,TISSUE,HG,REGULAR,7439-97-6,E-24031,152532,81959-R1,93.7,ng/wet g,0.01,0.02,231,1,-41,OK,5/13/2021,EPA 245.7,Leeman Hydra AF Gold+,,Y,Lota lota,510,,1220,,,
3/18/2026,2014795,NCA_CT-10266,NCA20_CT-20016,1,9/1/2020,,CT,MARINE,Northeast,,PHYSIS,FPLG,TISSUE,HG,REGULAR,7439-97-6,E-24003,171772,81350-R1,108,ng/wet g,0.01,0.02,220,1,-33,OK,4/9/2021,EPA 245.7,Leeman Hydra AF Gold+,,N,Stenotomus chrysops,293,,420,,,
3/18/2026,2014797,NCA_CA-10236,NCA20_CA-10004,1,9/2/2020,,CA,MARINE,West,,PHYSIS,FPLG,TISSUE,HG,REGULAR,7439-97-6,E-24023,169292,81393-R1,122,ng/wet g,0.01,0.02,229,1,-27,OK,4/19/2021,EPA 245.7,Leeman Hydra AF Gold+,,Y,Platichthys stellatus,400,394,800,780,,
3/18/2026,2014798,NCA_CA-10296,NCA20_CA-10032,1,9/2/2020,,CA,MARINE,West,,PHYSIS,FPLG,TISSUE,HG,REGULAR,7439-97-6,E-24023,162952,81394-R1,141,ng/wet g,0.01,0.02,229,1,-27,OK,4/19/2021,EPA 245.7,Leeman Hydra AF Gold+,,Y,Paralichthys californicus,366,346,420,380,,
3/18/2026,2014800,NCA_FL-10217,NCA20_FL-10035,1,9/2/2020,,FL,MARINE,Southeast,,PHYSIS,FPLG,TISSUE,HG,REGULAR,7439-97-6,E-24023,169412,81389-R1,192,ng/wet g,0.01,0.02,229,1,-27,OK,4/19/2021,EPA 245.7,Leeman Hydra AF Gold+,,Y,Pomatomus saltatrix,284,282,240,220,,
3/18/2026,2015406,NGL_MI-10594,ISA20-23,1,6/9/2021,,MI,GREAT_LAKES,Great Lakes,Lake Michigan,PHYSIS,FPLG,TISSUE,HG,REGULAR,7439-97-6,E-21033,152472,75528-R1,81.6,ng/wet g,0.01,0.02,75,1,-59,OK,9/8/2020,EPA 245.7,Leeman Hydra AF Gold+,,Y,Salvelinus namaycush,475,,980,,,
3/18/2026,2015407,NGL_MI-10601,ISA20-30,1,6/10/2021,,MI,GREAT_LAKES,Great Lakes,Lake Michigan,PHYSIS,FPLG,TISSUE,HG,REGULAR,7439-97-6,E-24031,152612,81949-R1,80.8,ng/wet g,0.01,0.02,230,1,-41,OK,5/13/2021,EPA 245.7,Leeman Hydra AF Gold+,,Y,Prosopium cylindraceum,515,,1380,,,
3/18/2026,2015410,NCA_NY-10316,NCA21_NY-30098,1,6/16/2021,,NY,MARINE,Northeast,,PHYSIS,FPLG,TISSUE,HG,REGULAR,7439-97-6,E-24115,174692,89528-R1,178,ng/wet g,0.01,0.02,98,1,-23,OK,9/22/2021,EPA 245.7,Leeman Hydra AF Gold+,,Y,Stenotomus chrysops,295,245,340,180,,
3/18/2026,2015412,NCA_NY-10313,NCA21_NY-30095,1,6/16/2021,,NY,MARINE,Northeast,,PHYSIS,FPLG,TISSUE,HG,REGULAR,7439-97-6,E-24115,174712,89529-R1,84.1,ng/wet g,0.01,0.02,98,1,-23,OK,9/22/2021,EPA 245.7,Leeman Hydra AF Gold+,,Y,Stenotomus chrysops,278,280,300,260,,
3/18/2026,2015413,NCA_FL-10206,NCA20_FL-10029,1,6/16/2021,,FL,MARINE,Gulf,,PHYSIS,FPLG,TISSUE,HG,REGULAR,7439-97-6,E-24115,173752,89525-R1,88.9,ng/wet g,0.01,0.02,98,1,-23,OK,9/22/2021,EPA 245.7,Leeman Hydra AF Gold+,,Y,Orthopristis chrysoptera,200,190,160,140,,
3/18/2026,2015414,NCA_FL-10368,NCA20_FL-10079,1,6/16/2021,,FL,MARINE,Gulf,,PHYSIS,FPLG,TISSUE,HG,REGULAR,7439-97-6,E-24115,173092,89526-R1,137,ng/wet g,0.01,0.02,98,1,-23,OK,9/22/2021,EPA 245.7,Leeman Hydra AF Gold+,,Y,Ariopsis felis,338,,380,,,
3/18/2026,2015420,NCA_OR-10187,NCA20_OR-10008,1,6/16/2021,,OR,MARINE,West,,PHYSIS,FPLG,TISSUE,HG,REGULAR,7439-97-6,E-24115,148092,89530-R1,21,ng/wet g,0.01,0.02,98,1,-23,OK,9/22/2021,EPA 245.7,Leeman Hydra AF Gold+,,Y,Hexagrammos decagrammus,243,252,210,240,,
3/18/2026,2015427,NCA_DE-10146,NCA20_DE-10001,1,6/16/2021,,DE,MARINE,Northeast,,PHYSIS,FPLG,TISSUE,HG,REGULAR,7439-97-6,E-24116,149332,89560-R1,52.5,ng/wet g,0.01,0.02,99,1,-23,OK,9/23/2021,EPA 245.7,Leeman Hydra AF Gold+,,Y,Ictalurus punctatus,430,580,960,2250,,
3/18/2026,2014802,NCA_CT-10251,NCA20_CT-20001,1,9/2/2020,,CT,MARINE,Northeast,,PHYSIS,FPLG,TISSUE,HG,REGULAR,7439-97-6,E-24003,171872,81352-R1,31.9,ng/wet g,0.01,0.02,219,1,-33,OK,4/9/2021,EPA 245.7,Leeman Hydra AF Gold+,,Y,Pseudopleuronectes americanus,300,313,400,600,,
3/18/2026,2014803,NCA_CT-10277,NCA20_CT-20027,1,9/3/2020,,CT,MARINE,Northeast,,PHYSIS,FPLG,TISSUE,HG,REGULAR,7439-97-6,E-24004,172212,81360-R1,89.8,ng/wet g,0.01,0.02,218,1,-33,OK,4/9/2021,EPA 245.7,Leeman Hydra AF Gold+,,Y,Stenotomus chrysops,292,292,360,320,,
3/18/2026,2014804,NCA_CT-10255,NCA20_CT-20005,1,9/3/2020,,CT,MARINE,Northeast,,PHYSIS,FPLG,TISSUE,HG,REGULAR,7439-97-6,E-24004,171592,81361-R1,172,ng/wet g,0.01,0.02,218,1,-33,OK,4/9/2021,EPA 245.7,Leeman Hydra AF Gold+,,Y,Stenotomus chrysops,271,272,300,280,,
3/18/2026,2014806,NCA_NJ-10263,NCA20_NJ-10022,1,9/3/2020,,NJ,MARINE,Northeast,,PHYSIS,FPLG,TISSUE,HG,REGULAR,7439-97-6,E-24023,170812,81383-R1,70,ng/wet g,0.01,0.02,228,1,-33,OK,4/19/2021,EPA 245.7,Leeman Hydra AF Gold+,,Y,Stenotomus chrysops,220,219,200,180,,
3/18/2026,2015441,NCA_NY-10327,NCA21_NY-30109,1,6/17/2021,,NY,MARINE,Northeast,,PHYSIS,FPLG,TISSUE,HG,REGULAR,7439-97-6,E-24115,174792,89531-R1,178,ng/wet g,0.01,0.02,97,1,-23,OK,9/22/2021,EPA 245.7,Leeman Hydra AF Gold+,,Y,Stenotomus chrysops,340,317,520,420,,
3/18/2026,2015442,NCA_NY-10304,NCA21_NY-30031,1,6/17/2021,,NY,MARINE,Northeast,,PHYSIS,FPLG,TISSUE,HG,REGULAR,7439-97-6,E-24115,174772,89532-R1,117,ng/wet g,0.01,0.02,97,1,-23,OK,9/22/2021,EPA 245.7,Leeman Hydra AF Gold+,,Y,Stenotomus chrysops,273,260,300,280,,
3/18/2026,2015446,NCA_FL-10212,NCA20_FL-10087,1,6/17/2021,,FL,MARINE,Gulf,,PHYSIS,FPLG,TISSUE,HG,REGULAR,7439-97-6,E-24115,173952,89533-R1,200,ng/wet g,0.01,0.02,97,1,-23,OK,9/22/2021,EPA 245.7,Leeman Hydra AF Gold+,,N,Cynoscion arenarius,298,,180,,,
3/18/2026,2015450,NCA_NY-10325,NCA21_NY-30107,1,6/18/2021,,NY,MARINE,Northeast,,PHYSIS,FPLG,TISSUE,HG,REGULAR,7439-97-6,E-24115,176312,89534-R1,142,ng/wet g,0.01,0.02,96,1,-23,OK,9/22/2021,EPA 245.7,Leeman Hydra AF Gold+,,Y,Stenotomus chrysops,310,277,380,320,,
3/18/2026,2015451,NCA_NY-10317,NCA21_NY-30099,1,6/18/2021,,NY,MARINE,Northeast,,PHYSIS,FPLG,TISSUE,HG,REGULAR,7439-97-6,E-24115,176272,89535-R1,123,ng/wet g,0.01,0.02,96,1,-23,OK,9/22/2021,EPA 245.7,Leeman Hydra AF Gold+,,Y,Stenotomus chrysops,302,298,360,300,,
3/18/2026,2015459,NCA_NY-10307,NCA21_NY-30034,1,6/20/2021,,NY,MARINE,Northeast,,PHYSIS,FPLG,TISSUE,HG,REGULAR,7439-97-6,E-24115,176412,89536-R1,63.9,ng/wet g,0.01,0.02,94,1,-23,OK,9/22/2021,EPA 245.7,Leeman Hydra AF Gold+,,Y,Stenotomus chrysops,240,240,240,240,,
3/18/2026,2015460,NCA_NY-10314,NCA21_NY-30096,1,6/20/2021,,NY,MARINE,Northeast,,PHYSIS,FPLG,TISSUE,HG,REGULAR,7439-97-6,E-24115,175412,89537-R1,71.4,ng/wet g,0.01,0.02,94,1,-23,OK,9/22/2021,EPA 245.7,Leeman Hydra AF Gold+,,Y,Stenotomus chrysops,268,250,300,320,,
3/18/2026,2015467,NCA_CT-10292,NCA21_CT-30001,1,6/21/2021,,CT,MARINE,Northeast,,PHYSIS,FPLG,TISSUE,HG,REGULAR,7439-97-6,E-24115,175432,89538-R1,91.5,ng/wet g,0.01,0.02,93,1,-23,OK,9/22/2021,EPA 245.7,Leeman Hydra AF Gold+,,Y,Stenotomus chrysops,270,266,280,260,,
3/18/2026,2014807,NCA_TX-10365,NCA20_TX-10041,1,9/3/2020,,TX,MARINE,Gulf,,PHYSIS,FPLG,TISSUE,HG,REGULAR,7439-97-6,E-24004,169252,81355-R1,236,ng/wet g,0.01,0.02,218,1,-33,OK,4/9/2021,EPA 245.7,Leeman Hydra AF Gold+,,Y,Bagre marinus,463,455,820,800,,
3/18/2026,2014808,NCA_TX-10370,NCA20_TX-10046,1,9/3/2020,,TX,MARINE,Gulf,,PHYSIS,FPLG,TISSUE,HG,REGULAR,7439-97-6,E-24004,149532,81356-R1,151,ng/wet g,0.01,0.02,218,1,-33,OK,4/9/2021,EPA 245.7,Leeman Hydra AF Gold+,,Y,Ariopsis felis,310,299,280,240,,
3/18/2026,2014809,NCA_MA-10174,NCA20_MA-10012,1,9/4/2020,,MA,MARINE,Northeast,,PHYSIS,FPLG,TISSUE,HG,REGULAR,7439-97-6,E-24004,172412,81368-R1,65.5,ng/wet g,0.01,0.02,217,1,-33,OK,4/9/2021,EPA 245.7,Leeman Hydra AF Gold+,,Y,Centropristis striata,199,222,117,150,,
3/18/2026,2014810,NCA_CT-10265,NCA20_CT-20015,1,9/4/2020,,CT,MARINE,Northeast,,PHYSIS,FPLG,TISSUE,HG,REGULAR,7439-97-6,E-24004,172152,81359-R1,111,ng/wet g,0.01,0.02,217,1,-33,OK,4/9/2021,EPA 245.7,Leeman Hydra AF Gold+,,Y,Stenotomus chrysops,340,303,620,400,,
3/18/2026,2014811,NCA_CT-10284,NCA20_CT-20034,1,9/4/2020,,CT,MARINE,Northeast,,PHYSIS,FPLG,TISSUE,HG,REGULAR,7439-97-6,E-24004,171012,81358-R1,170,ng/wet g,0.01,0.02,217,1,-33,OK,4/9/2021,EPA 245.7,Leeman Hydra AF Gold+,,Y,Stenotomus chrysops,317,303,460,400,,
3/18/2026,2014812,NCA_LA-10345,NCA20_LA-10039,1,9/7/2020,,LA,MARINE,Gulf,,PHYSIS,FPLG,TISSUE,HG,REGULAR,7439-97-6,E-24004,163812,81369-R1,80.4,ng/wet g,0.01,0.02,214,1,-33,OK,4/9/2021,EPA 245.7,Leeman Hydra AF Gold+,,Y,Ariopsis felis,400,383,660,540,,
3/18/2026,2014813,NCA_LA-10348,NCA20_LA-10042,1,9/7/2020,,LA,MARINE,Gulf,,PHYSIS,FPLG,TISSUE,HG,REGULAR,7439-97-6,E-24004,168872,81370-R1,52.2,ng/wet g,0.01,0.02,214,1,-33,OK,4/9/2021,EPA 245.7,Leeman Hydra AF Gold+,,Y,Ariopsis felis,390,370,520,380,,
3/18/2026,2014814,NCA_LA-10356,NCA20_LA-10050,1,9/7/2020,,LA,MARINE,Gulf,,PHYSIS,FPLG,TISSUE,HG,REGULAR,7439-97-6,E-24004,162252,81371-R1,30.8,ng/wet g,0.01,0.02,214,1,-33,OK,4/9/2021,EPA 245.7,Leeman Hydra AF Gold+,,Y,Ariopsis felis,378,370,480,440,,
3/18/2026,2015468,NCA_CT-10313,NCA21_CT-30075,1,6/21/2021,,CT,MARINE,Northeast,,PHYSIS,FPLG,TISSUE,HG,REGULAR,7439-97-6,E-24115,175392,89539-R1,84.5,ng/wet g,0.01,0.02,93,1,-23,OK,9/22/2021,EPA 245.7,Leeman Hydra AF Gold+,,Y,Stenotomus chrysops,281,281,380,340,,
3/18/2026,2015478,NCA_FL-10343,NCA20_FL-10068,1,6/22/2021,,FL,MARINE,Gulf,,PHYSIS,FPLG,TISSUE,HG,REGULAR,7439-97-6,E-24116,172972,89550-R1,211,ng/wet g,0.01,0.02,93,1,-23,OK,9/23/2021,EPA 245.7,Leeman Hydra AF Gold+,,Y,Bagre marinus,396,370,440,460,,
3/18/2026,2015480,NCA_CT-10312,NCA21_CT-30074,1,6/22/2021,,CT,MARINE,Northeast,,PHYSIS,FPLG,TISSUE,HG,REGULAR,7439-97-6,E-24115,176472,89540-R1,163,ng/wet g,0.01,0.02,92,1,-23,OK,9/22/2021,EPA 245.7,Leeman Hydra AF Gold+,,Y,Stenotomus chrysops,304,295,400,380,,
3/18/2026,2015481,NCA_CT-10298,NCA21_CT-30060,1,6/22/2021,,CT,MARINE,Northeast,,PHYSIS,FPLG,TISSUE,HG,REGULAR,7439-97-6,E-24115,176432,89541-R1,144,ng/wet g,0.01,0.02,92,1,-23,OK,9/22/2021,EPA 245.7,Leeman Hydra AF Gold+,,Y,Stenotomus chrysops,287,296,320,340,,
3/18/2026,2015507,NGL_MI-10570,GBA20-10511,1,6/6/2021,,MI,GREAT_LAKES,Great Lakes,Lake Michigan,PHYSIS,FPLG,TISSUE,HG,REGULAR,7439-97-6,E-21103,151392,78718-R1,25.5,ng/wet g,0.01,0.02,128,1,-60,OK,12/2/2020,EPA 245.7,Leeman Hydra AF Gold+,,Y,Catostomus commersonii,356,328,460,380,,
3/18/2026,2014815,NCA_LA-10193,NCA20_LA-10103,1,9/7/2020,,LA,MARINE,Gulf,,PHYSIS,FPLG,TISSUE,HG,REGULAR,7439-97-6,E-24004,168832,81372-R1,40.8,ng/wet g,0.01,0.02,214,1,-33,OK,4/9/2021,EPA 245.7,Leeman Hydra AF Gold+,,Y,Bagre marinus,410,409,620,540,,
3/18/2026,2014816,NCA_LA-10234,NCA20_LA-10106,1,9/7/2020,,LA,MARINE,Gulf,,PHYSIS,FPLG,TISSUE,HG,REGULAR,7439-97-6,E-24004,169192,81373-R1,59.3,ng/wet g,0.01,0.02,214,1,-33,OK,4/9/2021,EPA 245.7,Leeman Hydra AF Gold+,,Y,Bagre marinus,490,427,1040,660,,
3/18/2026,2014817,NCA_LA-10380,NCA20_LA-10064,1,9/7/2020,,LA,MARINE,Gulf,,PHYSIS,FPLG,TISSUE,HG,REGULAR,7439-97-6,E-24004,168932,81374-R1,131,ng/wet g,0.01,0.02,214,1,-33,OK,4/9/2021,EPA 245.7,Leeman Hydra AF Gold+,,Y,Bagre marinus,510,516,1140,1200,,
3/18/2026,2014818,NGL_OH-10002,NGL20_OH-10002,1,8/24/2020,,OH,GREAT_LAKES,Great Lakes,Lake Erie,PHYSIS,FPLG,TISSUE,HG,REGULAR,7439-97-6,E-24025,157552,81774-R1,45.6,ng/wet g,0.01,0.02,241,1,-27,OK,4/22/2021,EPA 245.7,Leeman Hydra AF Gold+,,N,Perca flavescens,257,,240,,,
3/18/2026,2014821,NCA_MD-10392,NCA20_MD-10021,1,9/3/2020,,MD,MARINE,Northeast,,PHYSIS,FPLG,TISSUE,HG,REGULAR,7439-97-6,E-24033,169032,81994-R1,45.5,ng/wet g,0.01,0.02,252,1,-41,OK,5/13/2021,EPA 245.7,Leeman Hydra AF Gold+,,N,Morone americana,197,216,130,160,,
3/18/2026,2014822,NCA_MD-10098,NCA20_MD-10001,1,9/3/2020,,MD,MARINE,Northeast,,PHYSIS,FPLG,TISSUE,HG,REGULAR,7439-97-6,E-24032,168992,81989-R1,38.7,ng/wet g,0.01,0.02,252,1,-41,OK,5/13/2021,EPA 245.7,Leeman Hydra AF Gold+,,N,Morone americana,203,215,110,160,,
3/18/2026,2014823,NCA_LA-10363,NCA20_LA-10077,1,9/8/2020,,LA,MARINE,Gulf,,PHYSIS,FPLG,TISSUE,HG,REGULAR,7439-97-6,E-24023,162212,81385-R1,76.1,ng/wet g,0.01,0.02,223,1,-33,OK,4/19/2021,EPA 245.7,Leeman Hydra AF Gold+,,Y,Ariopsis felis,340,315,360,260,,
3/18/2026,2014824,NCA_LA-10358,NCA20_LA-10072,1,9/8/2020,,LA,MARINE,Gulf,,PHYSIS,FPLG,TISSUE,HG,REGULAR,7439-97-6,E-24024,164692,81752-R1,105,ng/wet g,0.01,0.02,224,1,-27,OK,4/20/2021,EPA 245.7,Leeman Hydra AF Gold+,,Y,Ariopsis felis,405,350,640,420,,
3/18/2026,2015508,NGL_MI-10574,GBA20-10521,1,6/6/2021,,MI,GREAT_LAKES,Great Lakes,Lake Michigan,PHYSIS,FPLG,TISSUE,HG,REGULAR,7439-97-6,E-21103,151592,78732-R1,80.8,ng/wet g,0.01,0.02,124,1,-60,OK,12/2/2020,EPA 245.7,Leeman Hydra AF Gold+,,Y,Catostomus catostomus,461,468,940,1060,,
3/18/2026,2015510,NGL_MI-10567,GBA20-10507,1,6/6/2021,,MI,GREAT_LAKES,Great Lakes,Lake Michigan,PHYSIS,FPLG,TISSUE,HG,REGULAR,7439-97-6,E-21103,151312,78719-R1,135,ng/wet g,0.01,0.02,127,1,-60,OK,12/2/2020,EPA 245.7,Leeman Hydra AF Gold+,,Y,Catostomus commersonii,462,,1060,,,
3/18/2026,2015511,NGL_MI-10573,GBA20-10516,1,6/8/2021,,MI,GREAT_LAKES,Great Lakes,Lake Michigan,PHYSIS,FPLG,TISSUE,HG,REGULAR,7439-97-6,E-21093,151492,77073-R1,36,ng/wet g,0.01,0.02,127,1,-60,OK,11/30/2020,EPA 245.7,Leeman Hydra AF Gold+,,Y,Coregonus clupeaformis,268,,140,,,
3/18/2026,2015515,NCA_FL-10346,NCA20_FL-10049,1,6/23/2021,,FL,MARINE,Gulf,,PHYSIS,FPLG,TISSUE,HG,REGULAR,7439-97-6,E-24116,173412,89551-R1,73.1,ng/wet g,0.01,0.02,92,1,-23,OK,9/23/2021,EPA 245.7,Leeman Hydra AF Gold+,,N,Micropogonias undulatus,251,,500,,,
3/18/2026,2014825,NCA_LA-10378,NCA20_LA-10062,1,9/8/2020,,LA,MARINE,Gulf,,PHYSIS,FPLG,TISSUE,HG,REGULAR,7439-97-6,E-24023,163952,81377-R1,134,ng/wet g,0.01,0.02,223,1,-33,OK,4/19/2021,EPA 245.7,Leeman Hydra AF Gold+,,Y,Ariopsis felis,390,370,580,440,,
3/18/2026,2014826,NCA_LA-10364,NCA20_LA-10078,1,9/8/2020,,LA,MARINE,Gulf,,PHYSIS,FPLG,TISSUE,HG,REGULAR,7439-97-6,E-24023,163552,81378-R1,37,ng/wet g,0.01,0.02,223,1,-33,OK,4/19/2021,EPA 245.7,Leeman Hydra AF Gold+,,Y,Bagre marinus,311,,240,,,
3/18/2026,2014828,NCA_CA-10316,NCA20_CA-10026,1,9/8/2020,,CA,MARINE,West,,PHYSIS,FPLG,TISSUE,HG,REGULAR,7439-97-6,E-24023,169832,81391-R1,166,ng/wet g,0.01,0.02,223,1,-27,OK,4/19/2021,EPA 245.7,Leeman Hydra AF Gold+,,Y,Paralichthys californicus,335,322,360,300,,
3/18/2026,2014829,NCA_LA-10366,NCA20_LA-10127,1,9/9/2020,,LA,MARINE,Gulf,,PHYSIS,FPLG,TISSUE,HG,REGULAR,7439-97-6,E-24024,168892,81753-R1,113,ng/wet g,0.01,0.02,223,1,-27,OK,4/20/2021,EPA 245.7,Leeman Hydra AF Gold+,,Y,Ariopsis felis,393,376,560,520,,
3/18/2026,2014830,NCA_LA-10195,NCA20_LA-10104,1,9/9/2020,,LA,MARINE,Gulf,,PHYSIS,FPLG,TISSUE,HG,REGULAR,7439-97-6,E-24024,169272,81744-R1,93.2,ng/wet g,0.01,0.02,223,1,-27,OK,4/20/2021,EPA 245.7,Leeman Hydra AF Gold+,,Y,Bagre marinus,399,397,600,580,,
3/18/2026,2015534,NCA_CT-10315,NCA21_CT-30077,1,6/24/2021,,CT,MARINE,Northeast,,PHYSIS,FPLG,TISSUE,HG,REGULAR,7439-97-6,E-24116,176492,89544-R1,70.3,ng/wet g,0.01,0.02,91,1,-23,OK,9/23/2021,EPA 245.7,Leeman Hydra AF Gold+,,Y,Stenotomus chrysops,267,258,360,300,,
3/18/2026,2015535,NCA_CT-10321,NCA21_CT-30083,1,6/24/2021,,CT,MARINE,Northeast,,PHYSIS,FPLG,TISSUE,HG,REGULAR,7439-97-6,E-24116,176372,89545-R1,113,ng/wet g,0.01,0.02,91,1,-23,OK,9/23/2021,EPA 245.7,Leeman Hydra AF Gold+,,Y,Stenotomus chrysops,287,282,340,340,,
3/18/2026,2015536,NCA_CT-10306,NCA21_CT-30068,1,6/23/2021,,CT,MARINE,Northeast,,PHYSIS,FPLG,TISSUE,HG,REGULAR,7439-97-6,E-24116,176252,89546-R1,99.1,ng/wet g,0.01,0.02,92,1,-23,OK,9/23/2021,EPA 245.7,Leeman Hydra AF Gold+,,Y,Stenotomus chrysops,271,269,320,300,,
3/18/2026,2015538,NCA_CT-10300,NCA21_CT-30062,1,6/23/2021,,CT,MARINE,Northeast,,PHYSIS,FPLG,TISSUE,HG,REGULAR,7439-97-6,E-24116,176512,89547-R1,86.2,ng/wet g,0.01,0.02,92,1,-23,OK,9/23/2021,EPA 245.7,Leeman Hydra AF Gold+,,Y,Stenotomus chrysops,299,235,400,300,,
3/18/2026,2014831,NCA_MD-10097,NCA20_MD-10002,1,9/8/2020,,MD,MARINE,Northeast,,PHYSIS,FPLG,TISSUE,HG,REGULAR,7439-97-6,E-24029,169072,81914-R1,76.6,ng/wet g,0.01,0.02,246,1,-41,OK,5/12/2021,EPA 245.7,Leeman Hydra AF Gold+,,Y,Morone americana,220,206,130,120,,
3/18/2026,2014832,NCA_MD-10112,NCA20_MD-10033,1,9/8/2020,,MD,MARINE,Northeast,,PHYSIS,FPLG,TISSUE,HG,REGULAR,7439-97-6,E-24029,160372,81915-R1,15.1,ng/wet g,0.01,0.02,246,1,-41,OK,5/12/2021,EPA 245.7,Leeman Hydra AF Gold+,,N,Micropogonias undulatus,215,206,90,90,,
3/18/2026,2014834,NCA_MD-10391,NCA20_MD-10020,1,9/9/2020,,MD,MARINE,Northeast,,PHYSIS,FPLG,TISSUE,HG,REGULAR,7439-97-6,E-24026,169052,81785-R1,29.4,ng/wet g,0.01,0.02,243,1,-27,OK,5/10/2021,EPA 245.7,Leeman Hydra AF Gold+,,N,Morone saxatilis,304,311,260,260,,
3/18/2026,2014835,NCA_LA-10354,NCA20_LA-10048,1,9/9/2020,,LA,MARINE,Gulf,,PHYSIS,FPLG,TISSUE,HG,REGULAR,7439-97-6,E-24024,169232,81748-R1,53.4,ng/wet g,0.01,0.02,223,1,-27,OK,4/20/2021,EPA 245.7,Leeman Hydra AF Gold+,,Y,Ariopsis felis,305,286,220,140,,
3/18/2026,2015556,NCA_OR-10177,NCA20_OR-10001,1,6/23/2021,,OR,MARINE,West,,PHYSIS,FPLG,TISSUE,HG,REGULAR,7439-97-6,E-24117,148492,89581-R1,58.5,ng/wet g,0.01,0.02,92,1,-23,OK,9/23/2021,EPA 245.7,Leeman Hydra AF Gold+,,Y,Leptocottus armatus,205,195,105,95,Q,Exclude from analysis. Pacific staghorn unlikely to be eaten by humans
3/18/2026,2015563,NCA_FL-10211,NCA20_FL-10014,1,6/24/2021,,FL,MARINE,Gulf,,PHYSIS,FPLG,TISSUE,HG,REGULAR,7439-97-6,E-24116,169692,89548-R1,344,ng/wet g,0.01,0.02,91,1,-23,OK,9/23/2021,EPA 245.7,Leeman Hydra AF Gold+,,N,Bagre marinus,398,,600,,,
3/18/2026,2015564,NCA_FL-10201,NCA20_FL-10016,1,6/24/2021,,FL,MARINE,Gulf,,PHYSIS,FPLG,TISSUE,HG,REGULAR,7439-97-6,E-24116,172952,89552-R1,86.3,ng/wet g,0.01,0.02,91,1,-23,OK,9/23/2021,EPA 245.7,Leeman Hydra AF Gold+,,Y,Ariopsis felis,236,240,100,160,,
3/18/2026,2015566,NCA_FL-10198,NCA20_FL-10033,1,6/23/2021,,FL,MARINE,Gulf,,PHYSIS,FPLG,TISSUE,HG,REGULAR,7439-97-6,E-24116,173312,89553-R1,74,ng/wet g,0.01,0.02,92,1,-23,OK,9/23/2021,EPA 245.7,Leeman Hydra AF Gold+,,Y,Ariopsis felis,308,299,240,200,,
3/18/2026,2015573,NCA_FL-10355,NCA20_FL-10060,1,6/25/2021,,FL,MARINE,Gulf,,PHYSIS,FPLG,TISSUE,HG,REGULAR,7439-97-6,E-24116,173792,89554-R1,233,ng/wet g,0.01,0.02,90,1,-23,OK,9/23/2021,EPA 245.7,Leeman Hydra AF Gold+,,N,Ariopsis felis,420,,640,,,
3/18/2026,2015574,NCA_FL-10373,NCA20_FL-10096,1,6/25/2021,,FL,MARINE,Gulf,,PHYSIS,FPLG,TISSUE,HG,REGULAR,7439-97-6,E-24116,173732,89555-R1,164,ng/wet g,0.01,0.02,90,1,-23,OK,9/23/2021,EPA 245.7,Leeman Hydra AF Gold+,,Y,Ariopsis felis,370,352,460,340,,
3/18/2026,2015575,NCA_CT-10319,NCA21_CT-30081,1,6/25/2021,,CT,MARINE,Northeast,,PHYSIS,FPLG,TISSUE,HG,REGULAR,7439-97-6,E-24116,174172,89556-R1,211,ng/wet g,0.01,0.02,90,1,-23,OK,9/23/2021,EPA 245.7,Leeman Hydra AF Gold+,,Y,Stenotomus chrysops,310,310,440,440,,
3/18/2026,2015576,NCA_NY-10311,NCA21_NY-30093,1,6/25/2021,,NY,MARINE,Northeast,,PHYSIS,FPLG,TISSUE,HG,REGULAR,7439-97-6,E-24116,174192,89557-R1,78.6,ng/wet g,0.01,0.02,90,1,-23,OK,9/23/2021,EPA 245.7,Leeman Hydra AF Gold+,,Y,Stenotomus chrysops,250,257,220,220,,
3/18/2026,2014837,NCA_NJ-10256,NCA20_NJ-10015,1,9/9/2020,,NJ,MARINE,Northeast,,PHYSIS,FPLG,TISSUE,HG,REGULAR,7439-97-6,E-24033,161432,81995-R1,24.5,ng/wet g,0.01,0.02,246,1,-41,OK,5/13/2021,EPA 245.7,Leeman Hydra AF Gold+,,Y,Micropogonias undulatus,240,220,160,140,,
3/18/2026,2014838,NCA_NY-10173,NCA20_NY-10002,1,9/9/2020,,NY,MARINE,Northeast,,PHYSIS,FPLG,TISSUE,HG,REGULAR,7439-97-6,E-24024,146012,81745-R1,65.8,ng/wet g,0.01,0.02,223,1,-27,OK,4/20/2021,EPA 245.7,Leeman Hydra AF Gold+,,Y,Morone saxatilis,410,,940,,,
3/18/2026,2014841,NCA_CA-10235,NCA20_CA-10003,1,9/9/2020,,CA,MARINE,West,,PHYSIS,FPLG,TISSUE,HG,REGULAR,7439-97-6,E-24024,172192,81739-R1,122,ng/wet g,0.01,0.02,223,1,-27,OK,4/20/2021,EPA 245.7,Leeman Hydra AF Gold+,,Y,Paralichthys californicus,365,375,580,600,,
3/18/2026,2014842,NCA_CA-10243,NCA20_CA-10009,1,9/9/2020,,CA,MARINE,West,,PHYSIS,FPLG,TISSUE,HG,REGULAR,7439-97-6,E-24023,159232,81390-R1,141,ng/wet g,0.01,0.02,222,1,-27,OK,4/19/2021,EPA 245.7,Leeman Hydra AF Gold+,,Y,Paralichthys californicus,359,346,480,420,,
3/18/2026,2015580,NCA_NC-10208,NCA20_NC-10031,1,6/25/2021,,NC,MARINE,Southeast,,PHYSIS,FPLG,TISSUE,HG,REGULAR,7439-97-6,E-24117,173172,89566-R1,144,ng/wet g,0.01,0.02,90,1,-23,OK,9/23/2021,EPA 245.7,Leeman Hydra AF Gold+,,N,Micropogonias undulatus,191,,140,,,
3/18/2026,2015584,NCA_CT-10302,NCA21_CT-30064,1,6/27/2021,,CT,MARINE,Northeast,,PHYSIS,FPLG,TISSUE,HG,REGULAR,7439-97-6,E-24116,173912,89558-R1,73.4,ng/wet g,0.01,0.02,88,1,-23,OK,9/23/2021,EPA 245.7,Leeman Hydra AF Gold+,,Y,Stenotomus chrysops,271,243,320,240,,
3/18/2026,2015585,NCA_CT-10308,NCA21_CT-30070,1,6/27/2021,,CT,MARINE,Northeast,,PHYSIS,FPLG,TISSUE,HG,REGULAR,7439-97-6,E-24116,170132,89559-R1,135,ng/wet g,0.01,0.02,88,1,-23,OK,9/23/2021,EPA 245.7,Leeman Hydra AF Gold+,,Y,Stenotomus chrysops,329,325,480,480,,
3/18/2026,2015595,NCA_CT-10296,NCA21_CT-30005,1,6/28/2021,,CT,MARINE,Northeast,,PHYSIS,FPLG,TISSUE,HG,REGULAR,7439-97-6,E-24117,176352,89570-R1,184,ng/wet g,0.01,0.02,87,1,-23,OK,9/23/2021,EPA 245.7,Leeman Hydra AF Gold+,,Y,Stenotomus chrysops,305,305,440,440,,
3/18/2026,2014843,NCA_CA-10295,NCA20_CA-10031,1,9/9/2020,,CA,MARINE,West,,PHYSIS,FPLG,TISSUE,HG,REGULAR,7439-97-6,E-24023,169472,81392-R1,145,ng/wet g,0.01,0.02,222,1,-27,OK,4/19/2021,EPA 245.7,Leeman Hydra AF Gold+,,Y,Paralichthys californicus,372,359,520,400,,
3/18/2026,2014854,NGL_OH-10074,NGL20_OH-10020,1,9/9/2020,,OH,GREAT_LAKES,Great Lakes,Lake Erie,PHYSIS,FPLG,TISSUE,HG,REGULAR,7439-97-6,E-24025,154352,81771-R1,45.5,ng/wet g,0.01,0.02,225,1,-27,OK,4/22/2021,EPA 245.7,Leeman Hydra AF Gold+,,Y,Perca flavescens,262,222,220,120,,
3/18/2026,2014855,NCA_DE-10180,NCA20_DE-10015,1,9/9/2020,,DE,MARINE,Northeast,,PHYSIS,FPLG,TISSUE,HG,REGULAR,7439-97-6,E-24025,149352,81773-R1,8.83,ng/wet g,0.01,0.02,225,1,-27,OK,4/22/2021,EPA 245.7,Leeman Hydra AF Gold+,,Y,Dorosoma cepedianum,320,320,340,340,,
3/18/2026,2014856,NCA_FL-10248,NCA20_FL-10024,1,9/9/2020,,FL,MARINE,Gulf,,PHYSIS,FPLG,TISSUE,HG,REGULAR,7439-97-6,E-24023,149112,81388-R1,292,ng/wet g,0.01,0.02,222,1,-27,OK,4/19/2021,EPA 245.7,Leeman Hydra AF Gold+,,N,Ariopsis felis,309,,280,,,
3/18/2026,2014859,NCA_CA-10294,NCA20_CA-10030,1,9/10/2020,,CA,MARINE,West,,PHYSIS,FPLG,TISSUE,HG,REGULAR,7439-97-6,E-24024,171992,81740-R1,97.2,ng/wet g,0.01,0.02,222,1,-27,OK,4/20/2021,EPA 245.7,Leeman Hydra AF Gold+,,Y,Paralichthys californicus,392,328,680,340,,
3/18/2026,2014861,NCA_NY-10267,NCA20_NY-20042,1,9/10/2020,,NY,MARINE,Northeast,,PHYSIS,FPLG,TISSUE,HG,REGULAR,7439-97-6,E-24024,146172,81746-R1,58.1,ng/wet g,0.01,0.02,222,1,-27,OK,4/20/2021,EPA 245.7,Leeman Hydra AF Gold+,,Y,Brevoortia tyrannous,332,,320,,Q,Exclude from analysis. Menhaden unlikely to be eaten by humans.
3/18/2026,2014862,NCA_NY-10280,NCA20_NY-20055,1,9/10/2020,,NY,MARINE,Northeast,,PHYSIS,FPLG,TISSUE,HG,REGULAR,7439-97-6,E-24024,145992,81754-R1,134,ng/wet g,0.01,0.02,222,1,-27,OK,4/20/2021,EPA 245.7,Leeman Hydra AF Gold+,,Y,Stenotomus chrysops,298,,580,,,
3/18/2026,2014864,NCA_LA-10370,NCA20_LA-10052,1,9/10/2020,,LA,MARINE,Gulf,,PHYSIS,FPLG,TISSUE,HG,REGULAR,7439-97-6,E-24024,162192,81742-R1,65.9,ng/wet g,0.01,0.02,222,1,-27,OK,4/20/2021,EPA 245.7,Leeman Hydra AF Gold+,,Y,Ariopsis felis,355,315,400,260,,
3/18/2026,2015596,NCA_CT-10305,NCA21_CT-30067,1,6/28/2021,,CT,MARINE,Northeast,,PHYSIS,FPLG,TISSUE,HG,REGULAR,7439-97-6,E-24117,176332,89569-R1,305,ng/wet g,0.01,0.02,87,1,-23,OK,9/23/2021,EPA 245.7,Leeman Hydra AF Gold+,,Y,Stenotomus chrysops,355,350,620,600,,
3/18/2026,2015611,NCA_FL-10372,NCA20_FL-10084,1,6/29/2021,,FL,MARINE,Gulf,,PHYSIS,FPLG,TISSUE,HG,REGULAR,7439-97-6,E-24117,172872,89576-R1,81,ng/wet g,0.01,0.02,86,1,-23,OK,9/23/2021,EPA 245.7,Leeman Hydra AF Gold+,,Y,Ariopsis felis,353,308,380,220,,
3/18/2026,2015616,NCA_CT-10311,NCA21_CT-30073,1,6/29/2021,,CT,MARINE,Northeast,,PHYSIS,FPLG,TISSUE,HG,REGULAR,7439-97-6,E-24117,176852,89574-R1,121,ng/wet g,0.01,0.02,86,1,-23,OK,9/23/2021,EPA 245.7,Leeman Hydra AF Gold+,,Y,Stenotomus chrysops,311,311,420,400,,
3/18/2026,2015617,NCA_CT-10323,NCA21_CT-30165,1,6/29/2021,,CT,MARINE,Northeast,,PHYSIS,FPLG,TISSUE,HG,REGULAR,7439-97-6,E-24117,175292,89571-R1,103,ng/wet g,0.01,0.02,86,1,-23,OK,9/23/2021,EPA 245.7,Leeman Hydra AF Gold+,,Y,Stenotomus chrysops,242,239,220,200,,
3/18/2026,2015635,NCA_FL-10207,NCA20_FL-10026,1,6/30/2021,,FL,MARINE,Gulf,,PHYSIS,FPLG,TISSUE,HG,REGULAR,7439-97-6,E-24117,175152,89577-R1,197,ng/wet g,0.01,0.02,85,1,-23,OK,9/23/2021,EPA 245.7,Leeman Hydra AF Gold+,,Y,Ariopsis felis,340,270,380,240,,
3/18/2026,2014865,NCA_LA-10173,NCA20_LA-10030,1,9/10/2020,,LA,MARINE,Gulf,,PHYSIS,FPLG,TISSUE,HG,REGULAR,7439-97-6,E-24024,168972,81755-R1,95,ng/wet g,0.01,0.02,222,1,-27,OK,4/20/2021,EPA 245.7,Leeman Hydra AF Gold+,,Y,Ariopsis felis,378,376,500,420,,
3/18/2026,2014866,NCA_LA-10169,NCA20_LA-10028,1,9/10/2020,,LA,MARINE,Gulf,,PHYSIS,FPLG,TISSUE,HG,REGULAR,7439-97-6,E-24024,164612,81756-R1,62,ng/wet g,0.01,0.02,222,1,-27,OK,4/20/2021,EPA 245.7,Leeman Hydra AF Gold+,,Y,Ariopsis felis,341,301,320,220,,
3/18/2026,2014867,NCA_LA-10373,NCA20_LA-10056,1,9/10/2020,,LA,MARINE,Gulf,,PHYSIS,FPLG,TISSUE,HG,REGULAR,7439-97-6,E-24024,169012,81757-R1,110,ng/wet g,0.01,0.02,222,1,-27,OK,4/20/2021,EPA 245.7,Leeman Hydra AF Gold+,,Y,Ariopsis felis,365,321,420,260,,
3/18/2026,2014869,NCA_NY-10292,NCA20_NY-20067,1,9/11/2020,,NY,MARINE,Northeast,,PHYSIS,FPLG,TISSUE,HG,REGULAR,7439-97-6,E-24024,146052,81741-R1,175,ng/wet g,0.01,0.02,221,1,-27,OK,4/20/2021,EPA 245.7,Leeman Hydra AF Gold+,,Y,Stenotomus chrysops,335,326,480,420,,
3/18/2026,2015643,NCA_CT-10322,NCA21_CT-30131,1,6/30/2021,,CT,MARINE,Northeast,,PHYSIS,FPLG,TISSUE,HG,REGULAR,7439-97-6,E-24117,175272,89575-R1,96.3,ng/wet g,0.01,0.02,85,1,-23,OK,9/23/2021,EPA 245.7,Leeman Hydra AF Gold+,,Y,Stenotomus chrysops,248,243,220,200,,
3/18/2026,2015644,NCA_CT-10309,NCA21_CT-30071,1,6/30/2021,,CT,MARINE,Northeast,,PHYSIS,FPLG,TISSUE,HG,REGULAR,7439-97-6,E-24117,176872,89573-R1,170,ng/wet g,0.01,0.02,85,1,-23,OK,9/23/2021,EPA 245.7,Leeman Hydra AF Gold+,,Y,Stenotomus chrysops,322,330,500,520,,
3/18/2026,2015645,NCA_CT-10318,NCA21_CT-30080,1,6/30/2021,,CT,MARINE,Northeast,,PHYSIS,FPLG,TISSUE,HG,REGULAR,7439-97-6,E-24117,176392,89572-R1,180,ng/wet g,0.01,0.02,85,1,-23,OK,9/23/2021,EPA 245.7,Leeman Hydra AF Gold+,,Y,Stenotomus chrysops,305,291,360,320,,
3/18/2026,2015659,NCA_NC-10153,NCA20_NC-10019,1,6/30/2021,,NC,MARINE,Southeast,,PHYSIS,FPLG,TISSUE,HG,REGULAR,7439-97-6,E-24117,173272,89567-R1,51.3,ng/wet g,0.01,0.02,85,1,-23,OK,9/23/2021,EPA 245.7,Leeman Hydra AF Gold+,,Y,Micropogonias undulatus,205,202,80,80,,
3/18/2026,2015805,NCA_NC-10132,NCA20_NC-10009,1,7/13/2021,,NC,MARINE,Southeast,,PHYSIS,FPLG,TISSUE,HG,REGULAR,7439-97-6,E-24117,174592,89578-R1,26.9,ng/wet g,0.01,0.02,72,1,-23,OK,9/23/2021,EPA 245.7,Leeman Hydra AF Gold+,,N,Ameiurus catus,304,272,220,180,,
3/18/2026,2015806,NCA_NC-10214,NCA20_NC-10037,1,7/13/2021,,NC,MARINE,Southeast,,PHYSIS,FPLG,TISSUE,HG,REGULAR,7439-97-6,E-24117,173132,89579-R1,69.1,ng/wet g,0.01,0.02,72,1,-23,OK,9/23/2021,EPA 245.7,Leeman Hydra AF Gold+,,N,Morone americana,220,222,160,160,,
3/18/2026,2015812,NCA_FL-10256,NCA20_FL-10043,1,7/14/2021,,FL,MARINE,Gulf,,PHYSIS,FPLG,TISSUE,HG,REGULAR,7439-97-6,E-24117,176612,89584-R1,121,ng/wet g,0.01,0.02,71,1,-23,OK,9/23/2021,EPA 245.7,Leeman Hydra AF Gold+,,Y,Haemulon plumierii,202,198,120,120,,
3/18/2026,2015850,NCA_NC-10152,NCA20_NC-10018,1,7/15/2021,,NC,MARINE,Southeast,,PHYSIS,FPLG,TISSUE,HG,REGULAR,7439-97-6,E-24124,173632,89588-R1,170,ng/wet g,0.01,0.02,90,1,-23,OK,10/13/2021,EPA 245.7,Leeman Hydra AF Gold+,,N,Menticirrhus americanus,346,,420,,,
3/18/2026,2015660,NCA_NC-10212,NCA20_NC-10035,1,6/30/2021,,NC,MARINE,Southeast,,PHYSIS,FPLG,TISSUE,HG,REGULAR,7439-97-6,E-24117,174632,89568-R1,17,ng/wet g,0.01,0.02,85,1,-23,OK,9/23/2021,EPA 245.7,Leeman Hydra AF Gold+,,N,Micropogonias undulatus,190,,50,,,
3/18/2026,2015672,NGL_WI-10111,NGL20_WI-10027,1,6/29/2021,,WI,GREAT_LAKES,Great Lakes,Lake Superior,PHYSIS,FPLG,TISSUE,HG,REGULAR,7439-97-6,E-24116,150072,89561-R1,27.5,ng/wet g,0.01,0.02,86,1,-23,OK,9/23/2021,EPA 245.7,Leeman Hydra AF Gold+,,N,Oncorhynchus kisutch,210,210,102,102,,
3/18/2026,2015675,NGL_WI-10003,NGL20_WI-10023,1,6/29/2021,,WI,GREAT_LAKES,Great Lakes,Lake Superior,PHYSIS,FPLG,TISSUE,HG,REGULAR,7439-97-6,E-24116,150032,89562-R1,63.3,ng/wet g,0.01,0.02,86,1,-23,OK,9/23/2021,EPA 245.7,Leeman Hydra AF Gold+,,Y,Perca flavescens,190,191,60,65,,
3/18/2026,2015676,NGL_WI-10109,NGL20_WI-10025,1,6/29/2021,,WI,GREAT_LAKES,Great Lakes,Lake Superior,PHYSIS,FPLG,TISSUE,HG,REGULAR,7439-97-6,E-24116,150092,89563-R1,51.4,ng/wet g,0.01,0.02,86,1,-23,OK,9/23/2021,EPA 245.7,Leeman Hydra AF Gold+,,Y,Prosopium cylindraceum,351,343,338,308,,
3/18/2026,2015738,NCA_FL-10258,NCA20_FL-10093,1,7/9/2021,,FL,MARINE,Gulf,,PHYSIS,FPLG,TISSUE,HG,REGULAR,7439-97-6,E-24117,174992,89580-R1,203,ng/wet g,0.01,0.02,76,1,-23,OK,9/23/2021,EPA 245.7,Leeman Hydra AF Gold+,,Y,Ariopsis felis,318,294,360,260,,
3/18/2026,2015767,NCA_FL-10227,NCA20_FL-10038,1,7/12/2021,,FL,MARINE,Gulf,,PHYSIS,FPLG,TISSUE,HG,REGULAR,7439-97-6,E-24117,175032,89582-R1,143,ng/wet g,0.01,0.02,73,1,-23,OK,9/23/2021,EPA 245.7,Leeman Hydra AF Gold+,,N,Ariopsis felis,428,420,720,740,,
3/18/2026,2015780,NCA_DE-10173,NCA20_DE-10011,1,7/12/2021,,DE,MARINE,Northeast,,PHYSIS,FPLG,TISSUE,HG,REGULAR,7439-97-6,E-24124,173152,89591-R1,56,ng/wet g,0.01,0.02,93,1,-23,OK,10/13/2021,EPA 245.7,Leeman Hydra AF Gold+,,Y,Ictalurus punctatus,110,120,240,260,,
3/18/2026,2015800,NCA_FL-10341,NCA20_FL-10065,1,7/13/2021,,FL,MARINE,Gulf,,PHYSIS,FPLG,TISSUE,HG,REGULAR,7439-97-6,E-24117,175012,89583-R1,474,ng/wet g,0.01,0.02,72,1,-23,OK,9/23/2021,EPA 245.7,Leeman Hydra AF Gold+,,Y,Bagre marinus,400,354,560,400,,
3/18/2026,2015854,NCA_FL-10375,NCA20_FL-10098,1,7/15/2021,,FL,MARINE,Gulf,,PHYSIS,FPLG,TISSUE,HG,REGULAR,7439-97-6,E-24117,175052,89585-R1,81.1,ng/wet g,0.01,0.02,70,1,-23,OK,9/23/2021,EPA 245.7,Leeman Hydra AF Gold+,,Y,Lutjanus griseus,273,245,260,180,,
3/18/2026,2015899,NCA_FL-10177,NCA20_FL-10027,1,7/20/2021,,FL,MARINE,Southeast,,PHYSIS,FPLG,TISSUE,HG,REGULAR,7439-97-6,E-24124,176592,89592-R1,153,ng/wet g,0.01,0.02,85,1,-23,OK,10/13/2021,EPA 245.7,Leeman Hydra AF Gold+,,Y,Ariopsis felis,302,290,260,200,,
3/18/2026,2015900,NCA_FL-10180,NCA20_FL-10028,1,7/20/2021,,FL,MARINE,Southeast,,PHYSIS,FPLG,TISSUE,HG,REGULAR,7439-97-6,E-24124,176692,89593-R1,197,ng/wet g,0.01,0.02,85,1,-23,OK,10/13/2021,EPA 245.7,Leeman Hydra AF Gold+,,N,Bagre marinus,396,,480,,,
3/18/2026,2015925,NCA_NC-10200,NCA20_NC-10023,1,7/20/2021,,NC,MARINE,Southeast,,PHYSIS,FPLG,TISSUE,HG,REGULAR,7439-97-6,E-24124,173192,89589-R1,146,ng/wet g,0.01,0.02,85,1,-23,OK,10/13/2021,EPA 245.7,Leeman Hydra AF Gold+,,N,Menticirrhus americanus,320,280,360,210,,
3/18/2026,2015926,NCA_NC-10135,NCA20_NC-10011,1,7/20/2021,,NC,MARINE,Southeast,,PHYSIS,FPLG,TISSUE,HG,REGULAR,7439-97-6,E-24124,173612,89590-R1,152,ng/wet g,0.01,0.02,85,1,-23,OK,10/13/2021,EPA 245.7,Leeman Hydra AF Gold+,,Y,Menticirrhus americanus,280,288,220,230,,
3/18/2026,2015928,NCA_FL-10369,NCA20_FL-10080,1,7/21/2021,,FL,MARINE,Southeast,,PHYSIS,FPLG,TISSUE,HG,REGULAR,7439-97-6,E-24124,176572,89597-R1,25.5,ng/wet g,0.01,0.02,84,1,-23,OK,10/13/2021,EPA 245.7,Leeman Hydra AF Gold+,,Y,Ariopsis felis,245,238,140,160,,
3/18/2026,2015953,NCA_FL-10360,NCA20_FL-10070,1,7/22/2021,,FL,MARINE,Gulf,,PHYSIS,FPLG,TISSUE,HG,REGULAR,7439-97-6,E-24124,174972,89598-R1,261,ng/wet g,0.01,0.02,83,1,-23,OK,10/13/2021,EPA 245.7,Leeman Hydra AF Gold+,,Y,Ariopsis felis,270,258,220,160,,
3/18/2026,2016010,NGL_WI-10004,NGL20_WI-10024,1,7/21/2021,,WI,GREAT_LAKES,Great Lakes,Lake Superior,PHYSIS,FPLG,TISSUE,HG,REGULAR,7439-97-6,E-24124,150112,89594-R1,58.6,ng/wet g,0.01,0.02,84,1,-23,OK,10/13/2021,EPA 245.7,Leeman Hydra AF Gold+,,Y,Catostomus catostomus,292.1,292.1,113.4,113.4,,
3/18/2026,2016011,NGL_WI-10001,NGL20_WI-10022,1,7/21/2021,,WI,GREAT_LAKES,Great Lakes,Lake Superior,PHYSIS,FPLG,TISSUE,HG,REGULAR,7439-97-6,E-24124,152992,89595-R1,54.4,ng/wet g,0.01,0.02,84,1,-23,OK,10/13/2021,EPA 245.7,Leeman Hydra AF Gold+,,Y,Salvelinus namaycush,287,,162,,,
3/18/2026,2016012,NGL_WI-10110,NGL20_WI-10026,1,7/21/2021,,WI,GREAT_LAKES,Great Lakes,Lake Superior,PHYSIS,FPLG,TISSUE,HG,REGULAR,7439-97-6,E-24124,150132,89596-R1,113,ng/wet g,0.01,0.02,84,1,-23,OK,10/13/2021,EPA 245.7,Leeman Hydra AF Gold+,,Y,Salvelinus namaycush,356,,159.7,,,
3/18/2026,2016039,NCA_FL-10351,NCA20_FL-10054,1,7/28/2021,,FL,MARINE,Southeast,,PHYSIS,FPLG,TISSUE,HG,REGULAR,7439-97-6,E-24124,176532,89599-R1,79.1,ng/wet g,0.01,0.02,77,1,-23,OK,10/13/2021,EPA 245.7,Leeman Hydra AF Gold+,,Y,Lutjanus synagris,202,204,120,160,,
3/18/2026,2016040,NCA_FL-10169,NCA20_FL-10005,1,7/28/2021,,FL,MARINE,Southeast,,PHYSIS,FPLG,TISSUE,HG,REGULAR,7439-97-6,E-24124,149192,89600-R1,423,ng/wet g,0.01,0.02,77,1,-24,OK,10/13/2021,EPA 245.7,Leeman Hydra AF Gold+,,N,Ariopsis felis,324,336,320,380,,
3/18/2026,2016183,NCA_NC-10125,NCA20_NC-10004,1,8/9/2021,,NC,MARINE,Southeast,,PHYSIS,FPLG,TISSUE,HG,REGULAR,7439-97-6,E-24124,173592,89601-R1,111,ng/wet g,0.01,0.02,65,1,-24,OK,10/13/2021,EPA 245.7,Leeman Hydra AF Gold+,,N,Ameiurus catus,560,,1430,,,
3/18/2026,2016357,NCA_OR-10232,NCA20_OR-10022,1,8/18/2021,,OR,MARINE,West,,PHYSIS,FPLG,TISSUE,HG,REGULAR,7439-97-6,E-24125,175512,91121-R1,27.1,ng/wet g,0.01,0.02,56,1,-24,OK,10/13/2021,EPA 245.7,Leeman Hydra AF Gold+,,Y,Leptocottus armatus,205,215,120,155,Q,Exclude from analysis. Pacific staghorn unlikely to be eaten by humans
3/18/2026,2016380,NCA_CT-10297,NCA21_CT-30006,1,8/18/2021,,CT,MARINE,Northeast,,PHYSIS,FPLG,TISSUE,HG,REGULAR,7439-97-6,E-24124,175312,89602-R1,106,ng/wet g,0.01,0.02,56,1,-24,OK,10/13/2021,EPA 245.7,Leeman Hydra AF Gold+,,Y,Stenotomus chrysops,250,246,240,220,,
3/18/2026,2016381,NCA_CT-10317,NCA21_CT-30079,1,8/19/2021,,CT,MARINE,Northeast,,PHYSIS,FPLG,TISSUE,HG,REGULAR,7439-97-6,E-24124,175752,89603-R1,60.5,ng/wet g,0.01,0.02,55,1,-24,OK,10/13/2021,EPA 245.7,Leeman Hydra AF Gold+,,Y,Stenotomus chrysops,242,239,220,200,,
3/18/2026,2016382,NCA_CT-10295,NCA21_CT-30004,1,8/19/2021,,CT,MARINE,Northeast,,PHYSIS,FPLG,TISSUE,HG,REGULAR,7439-97-6,E-24124,175772,89604-R1,47.3,ng/wet g,0.01,0.02,55,1,-24,OK,10/13/2021,EPA 245.7,Leeman Hydra AF Gold+,,Y,Stenotomus chrysops,264,250,320,250,,
3/18/2026,2016383,NCA_CT-10316,NCA21_CT-30078,1,8/18/2021,,CT,MARINE,Northeast,,PHYSIS,FPLG,TISSUE,HG,REGULAR,7439-97-6,E-24124,176292,89605-R1,126,ng/wet g,0.01,0.02,56,1,-24,OK,10/13/2021,EPA 245.7,Leeman Hydra AF Gold+,,Y,Stenotomus chrysops,295,289,440,400,,
3/18/2026,2016392,NCA_CT-10293,NCA21_CT-30002,1,8/20/2021,,CT,MARINE,Northeast,,PHYSIS,FPLG,TISSUE,HG,REGULAR,7439-97-6,E-24124,175712,89606-R1,108,ng/wet g,0.01,0.02,54,1,-24,OK,10/13/2021,EPA 245.7,Leeman Hydra AF Gold+,,Y,Stenotomus chrysops,291,250,240,240,,
3/18/2026,2016393,NCA_CT-10299,NCA21_CT-30061,1,8/20/2021,,CT,MARINE,Northeast,,PHYSIS,FPLG,TISSUE,HG,REGULAR,7439-97-6,E-24124,175852,89607-R1,70.1,ng/wet g,0.01,0.02,54,1,-24,OK,10/13/2021,EPA 245.7,Leeman Hydra AF Gold+,,Y,Stenotomus chrysops,274,270,300,260,,
3/18/2026,2016394,NCA_CT-10314,NCA21_CT-30076,1,8/20/2021,,CT,MARINE,Northeast,,PHYSIS,FPLG,TISSUE,HG,REGULAR,7439-97-6,E-24125,175832,91120-R1,96.1,ng/wet g,0.01,0.02,54,1,-24,OK,10/13/2021,EPA 245.7,Leeman Hydra AF Gold+,,Y,Stenotomus chrysops,293,300,380,380,,
3/18/2026,2016397,NCA_NC-10217,NCA20_NC-10040,1,8/19/2021,,NC,MARINE,Southeast,,PHYSIS,FPLG,TISSUE,HG,REGULAR,7439-97-6,E-24125,176772,91122-R1,20.5,ng/wet g,0.01,0.02,55,1,-24,OK,10/13/2021,EPA 245.7,Leeman Hydra AF Gold+,,N,Menticirrhus americanus,200,,120,,,
3/18/2026,2016412,NCA_NC-10218,NCA20_NC-10041,1,8/23/2021,,NC,MARINE,Southeast,,PHYSIS,FPLG,TISSUE,HG,REGULAR,7439-97-6,E-24125,176732,91123-R1,68.6,ng/wet g,0.01,0.02,51,1,-24,OK,10/13/2021,EPA 245.7,Leeman Hydra AF Gold+,,N,Micropogonias undulatus,225,222,130,130,,
3/18/2026,2016417,NCA_CT-10294,NCA21_CT-30003,1,8/24/2021,,CT,MARINE,Northeast,,PHYSIS,FPLG,TISSUE,HG,REGULAR,7439-97-6,E-24125,175812,91124-R1,215,ng/wet g,0.01,0.02,50,1,-24,OK,10/13/2021,EPA 245.7,Leeman Hydra AF Gold+,,Y,Stenotomus chrysops,312,314,410,420,,
3/18/2026,2016418,NCA_CT-10304,NCA21_CT-30066,1,8/24/2021,,CT,MARINE,Northeast,,PHYSIS,FPLG,TISSUE,HG,REGULAR,7439-97-6,E-24125,175732,91125-R1,128,ng/wet g,0.01,0.02,50,1,-24,OK,10/13/2021,EPA 245.7,Leeman Hydra AF Gold+,,Y,Stenotomus chrysops,284,281,340,320,,
3/18/2026,2016419,NCA_CT-10310,NCA21_CT-30072,1,8/24/2021,,CT,MARINE,Northeast,,PHYSIS,FPLG,TISSUE,HG,REGULAR,7439-97-6,E-24125,175792,91126-R1,104,ng/wet g,0.01,0.02,50,1,-24,OK,10/13/2021,EPA 245.7,Leeman Hydra AF Gold+,,Y,Stenotomus chrysops,274,261,320,260,,
3/18/2026,2016420,NCA_CT-10301,NCA21_CT-30063,1,8/23/2021,,CT,MARINE,Northeast,,PHYSIS,FPLG,TISSUE,HG,REGULAR,7439-97-6,E-24125,175672,91127-R1,43.7,ng/wet g,0.01,0.02,51,1,-24,OK,10/13/2021,EPA 245.7,Leeman Hydra AF Gold+,,Y,Stenotomus chrysops,302,,420,,,
3/18/2026,2016421,NCA_CT-10307,NCA21_CT-30069,1,8/23/2021,,CT,MARINE,Northeast,,PHYSIS,FPLG,TISSUE,HG,REGULAR,7439-97-6,E-24125,175692,91128-R1,54.9,ng/wet g,0.01,0.02,51,1,-24,OK,10/13/2021,EPA 245.7,Leeman Hydra AF Gold+,,Y,Stenotomus chrysops,265,255,280,280,,
3/18/2026,2016437,NGL_MN-10001,NGL20_MN-10001,1,8/25/2021,,MN,GREAT_LAKES,Great Lakes,Lake Superior,PHYSIS,FPLG,TISSUE,HG,REGULAR,7439-97-6,E-24125,155192,91131-R1,46.9,ng/wet g,0.01,0.02,49,1,-24,OK,10/13/2021,EPA 245.7,Leeman Hydra AF Gold+,,Y,Salvelinus namaycush,425,394,640,500,,
3/18/2026,2016452,NCA_NC-10211,NCA20_NC-10034,1,8/26/2021,,NC,MARINE,Southeast,,PHYSIS,FPLG,TISSUE,HG,REGULAR,7439-97-6,E-24125,176632,91134-R1,68.6,ng/wet g,0.01,0.02,48,1,-24,OK,10/13/2021,EPA 245.7,Leeman Hydra AF Gold+,,N,Menticirrhus americanus,265,,180,,,
3/18/2026,2016458,NGL_MN-10003,NGL20_MN-10003,1,8/23/2021,,MN,GREAT_LAKES,Great Lakes,Lake Superior,PHYSIS,FPLG,TISSUE,HG,REGULAR,7439-97-6,E-24125,155172,91137-R1,90.3,ng/wet g,0.01,0.02,51,1,-24,OK,10/13/2021,EPA 245.7,Leeman Hydra AF Gold+,,Y,Sander vitreus,308,318,220,260,,
3/18/2026,2016459,NGL_MN-10026,NGL20_MN-10008,1,8/24/2021,,MN,GREAT_LAKES,Great Lakes,Lake Superior,PHYSIS,FPLG,TISSUE,HG,REGULAR,7439-97-6,E-24125,155152,91132-R1,64.8,ng/wet g,0.01,0.02,50,1,-24,OK,10/13/2021,EPA 245.7,Leeman Hydra AF Gold+,,Y,Salvelinus namaycush,381,440,460,440,,
3/18/2026,2016461,NGL_PA-10016,NGL20_PA-10002,1,8/26/2021,,PA,GREAT_LAKES,Great Lakes,Lake Erie,PHYSIS,FPLG,TISSUE,HG,REGULAR,7439-97-6,E-24125,165292,91129-R1,57.4,ng/wet g,0.01,0.02,48,1,-24,OK,10/13/2021,EPA 245.7,Leeman Hydra AF Gold+,,Y,Aplodinotus grunniens,425,,840,,,
3/18/2026,2016487,NGL_MN-10002,NGL20_MN-10002,1,8/30/2021,,MN,GREAT_LAKES,Great Lakes,Lake Superior,PHYSIS,FPLG,TISSUE,HG,REGULAR,7439-97-6,E-24125,155132,91130-R1,95.5,ng/wet g,0.01,0.02,44,1,-24,OK,10/13/2021,EPA 245.7,Leeman Hydra AF Gold+,,Y,Salvelinus namaycush,356,349,320,280,,
3/18/2026,2016488,NGL_MN-10023,NGL20_MN-10005,1,8/30/2021,,MN,GREAT_LAKES,Great Lakes,Lake Superior,PHYSIS,FPLG,TISSUE,HG,REGULAR,7439-97-6,E-24125,155112,91133-R1,39.7,ng/wet g,0.01,0.02,44,1,-24,OK,10/13/2021,EPA 245.7,Leeman Hydra AF Gold+,,Y,Salvelinus namaycush,343,343,300,300,,
3/18/2026,2016490,NCA_NC-10126,NCA20_NC-10005,1,8/30/2021,,NC,MARINE,Southeast,,PHYSIS,FPLG,TISSUE,HG,REGULAR,7439-97-6,E-24125,173692,91136-R1,73.1,ng/wet g,0.01,0.02,44,1,-24,OK,10/13/2021,EPA 245.7,Leeman Hydra AF Gold+,,N,Menticirrhus americanus,267,,170,,,
3/18/2026,2016491,NCA_NC-10201,NCA20_NC-10024,1,8/30/2021,,NC,MARINE,Southeast,,PHYSIS,FPLG,TISSUE,HG,REGULAR,7439-97-6,E-24125,176652,91135-R1,97.3,ng/wet g,0.01,0.02,44,1,-24,OK,10/13/2021,EPA 245.7,Leeman Hydra AF Gold+,,N,Cynoscion arenarius,230,215,110,80,,
3/18/2026,2016496,NGL_MN-10025,NGL20_MN-10007,1,8/31/2021,,MN,GREAT_LAKES,Great Lakes,Lake Superior,PHYSIS,FPLG,TISSUE,HG,REGULAR,7439-97-6,E-24135,165972,91142-R1,101,ng/wet g,0.01,0.02,118,1,-24,OK,12/27/2021,EPA 245.7,Leeman Hydra AF Gold+,,Y,Sander vitreus,334,353,280,380,,
3/18/2026,2016512,NGL_MN-10027,NGL20_MN-10009,1,9/1/2021,,MN,GREAT_LAKES,Great Lakes,Lake Superior,PHYSIS,FPLG,TISSUE,HG,REGULAR,7439-97-6,E-24125,165712,91138-R1,68.6,ng/wet g,0.01,0.02,42,1,-24,OK,10/13/2021,EPA 245.7,Leeman Hydra AF Gold+,,Y,Salvelinus namaycush,389,394,460,440,,
3/18/2026,2016513,NGL_MN-10022,NGL20_MN-10004,1,9/1/2021,,MN,GREAT_LAKES,Great Lakes,Lake Superior,PHYSIS,FPLG,TISSUE,HG,REGULAR,7439-97-6,E-24125,165312,91139-R1,45.2,ng/wet g,0.01,0.02,42,1,-24,OK,10/13/2021,EPA 245.7,Leeman Hydra AF Gold+,,Y,Salvelinus namaycush,268,271,140,140,,
3/18/2026,2016587,NCA_DE-10171,NCA20_DE-10005,2,9/13/2021,,DE,MARINE,Northeast,,PHYSIS,FPLG,TISSUE,HG,REGULAR,7439-97-6,E-24135,175612,91148-R1,13.9,ng/wet g,0.01,0.02,105,1,-49,OK,12/27/2021,EPA 245.7,Leeman Hydra AF Gold+,,Y,Micropogonias undulatus,240,,220,,,
3/18/2026,2016594,NCA_NC-10121,NCA20_NC-10001,2,9/14/2021,,NC,MARINE,Southeast,,PHYSIS,FPLG,TISSUE,HG,REGULAR,7439-97-6,E-24135,173212,91144-R1,239,ng/wet g,0.01,0.02,104,1,-24,OK,12/27/2021,EPA 245.7,Leeman Hydra AF Gold+,,N,Bairdiella chrysoura,190,,80,,,
3/18/2026,2016663,NCA_NC-10205,NCA20_NC-10028,1,9/27/2021,,NC,MARINE,Southeast,,PHYSIS,FPLG,TISSUE,HG,REGULAR,7439-97-6,E-24135,173252,91143-R1,19.6,ng/wet g,0.01,0.02,91,1,-24,OK,12/27/2021,EPA 245.7,Leeman Hydra AF Gold+,,N,Micropogonias undulatus,209,209,120,120,,
3/18/2026,2016671,NCA_NC-10130,NCA20_NC-10007,1,9/27/2021,,NC,MARINE,Southeast,,PHYSIS,FPLG,TISSUE,HG,REGULAR,7439-97-6,E-24135,161552,91146-R1,98.2,ng/wet g,0.01,0.02,91,1,-24,OK,12/27/2021,EPA 245.7,Leeman Hydra AF Gold+,,N,Cynoscion regalis,280,305,190,290,,
3/18/2026,2016672,NCA_NC-10204,NCA20_NC-10027,1,9/27/2021,,NC,MARINE,Southeast,,PHYSIS,FPLG,TISSUE,HG,REGULAR,7439-97-6,E-24135,172892,91147-R1,99.5,ng/wet g,0.01,0.02,91,1,-24,OK,12/27/2021,EPA 245.7,Leeman Hydra AF Gold+,,N,Cynoscion regalis,331,307,440,260,,
3/18/2026,2016693,NCA_NC-10203,NCA20_NC-10026,1,9/30/2021,,NC,MARINE,Southeast,,PHYSIS,FPLG,TISSUE,HG,REGULAR,7439-97-6,E-24135,175872,91145-R1,38.5,ng/wet g,0.01,0.02,88,1,-24,OK,12/27/2021,EPA 245.7,Leeman Hydra AF Gold+,,N,Pogonias cromis,220,,170,,,
3/18/2026,2020821,NGL_MI-10631,ISA20-14,1,7/14/2022,8/18/2020,MI,GREAT_LAKES,Great Lakes,Lake Michigan,PHYSIS,FPLG,TISSUE,HG,REGULAR,7439-97-6,E-21155,152292,80283-R1,149,ng/wet g,0.01,0.02,213,1,-33,OK,3/19/2021,EPA 245.7,Leeman Hydra AF Gold+,,Y,Lota lota,555,,1440,,,
3/18/2026,2020823,NGL_MI-10622,ISA20-04,1,7/12/2022,,MI,GREAT_LAKES,Great Lakes,Lake Michigan,PHYSIS,FPLG,TISSUE,HG,REGULAR,7439-97-6,E-21155,152092,80285-R1,53.1,ng/wet g,0.01,0.02,221,1,-33,OK,3/19/2021,EPA 245.7,Leeman Hydra AF Gold+,,Y,Catostomus commersonii,480,,1480,,,
3/18/2026,2020825,NGL_MI-10625,ISA20-07,1,7/11/2022,8/8/2020,MI,GREAT_LAKES,Great Lakes,Lake Michigan,PHYSIS,FPLG,TISSUE,HG,REGULAR,7439-97-6,E-21155,152152,80280-R1,139,ng/wet g,0.01,0.02,223,1,-33,OK,3/19/2021,EPA 245.7,Leeman Hydra AF Gold+,,Y,Micropterus dolomieu,309,,480,,,
3/18/2026,2020869,NGL_MI-10618,NPA20-13,1,7/17/2022,9/20/2020,MI,GREAT_LAKES,Great Lakes,Lake Michigan,PHYSIS,FPLG,TISSUE,HG,REGULAR,7439-97-6,E-24028,152852,81829-R1,53.5,ng/wet g,0.01,0.02,233,1,-41,OK,5/11/2021,EPA 245.7,Leeman Hydra AF Gold+,,Y,Prosopium cylindraceum,514,480,1280,1060,,
3/18/2026,2020870,NGL_MI-10619,ISA20-01,1,7/16/2022,9/19/2020,MI,GREAT_LAKES,Great Lakes,Lake Michigan,PHYSIS,FPLG,TISSUE,HG,REGULAR,7439-97-6,E-24028,152032,81844-R1,152,ng/wet g,0.01,0.02,234,1,-41,OK,5/11/2021,EPA 245.7,Leeman Hydra AF Gold+,,Y,Catostomus commersonii,444,447,2400,2300,,
3/18/2026,2020871,NGL_MI-10620,ISA20-02,1,7/17/2022,9/19/2020,MI,GREAT_LAKES,Great Lakes,Lake Michigan,PHYSIS,FPLG,TISSUE,HG,REGULAR,7439-97-6,E-24031,152052,81963-R1,32.6,ng/wet g,0.01,0.02,236,1,-41,OK,5/13/2021,EPA 245.7,Leeman Hydra AF Gold+,,Y,Prosopium cylindraceum,467,413,780,640,,
3/18/2026,2020873,NGL_MI-10623,ISA20-05,1,7/16/2022,9/19/2020,MI,GREAT_LAKES,Great Lakes,Lake Michigan,PHYSIS,FPLG,TISSUE,HG,REGULAR,7439-97-6,E-24029,152112,81905-R1,261,ng/wet g,0.01,0.02,235,1,-41,OK,5/12/2021,EPA 245.7,Leeman Hydra AF Gold+,,Y,Aplodinotus grunniens,580,,3440,,,
3/18/2026,2020874,NGL_MI-10626,ISA20-08,1,7/13/2022,9/23/2020,MI,GREAT_LAKES,Great Lakes,Lake Michigan,PHYSIS,FPLG,TISSUE,HG,REGULAR,7439-97-6,E-24031,152172,81964-R1,27.3,ng/wet g,0.01,0.02,232,1,-41,OK,5/13/2021,EPA 245.7,Leeman Hydra AF Gold+,,Y,Catostomus catostomus,347,,500,,,
3/18/2026,2020875,NGL_MI-10628,ISA20-11,1,7/11/2022,8/15/2020,MI,GREAT_LAKES,Great Lakes,Lake Michigan,PHYSIS,FPLG,TISSUE,HG,REGULAR,7439-97-6,E-21155,152232,80289-R1,135,ng/wet g,0.01,0.02,216,1,-33,OK,3/19/2021,EPA 245.7,Leeman Hydra AF Gold+,,Y,Lota lota,574,,1580,,,
3/18/2026,2020876,NGL_MI-10629,ISA20-12,1,7/13/2022,9/23/2020,MI,GREAT_LAKES,Great Lakes,Lake Michigan,PHYSIS,FPLG,TISSUE,HG,REGULAR,7439-97-6,E-24031,152252,81965-R1,71.6,ng/wet g,0.01,0.02,232,1,-41,OK,5/13/2021,EPA 245.7,Leeman Hydra AF Gold+,,Y,Catostomus catostomus,483,,1240,,,
3/18/2026,2020879,NGL_MI-10586,ISA20-15,1,7/12/2022,8/14/2020,MI,GREAT_LAKES,Great Lakes,Lake Michigan,PHYSIS,FPLG,TISSUE,HG,REGULAR,7439-97-6,E-21155,152312,80278-R1,26.9,ng/wet g,0.01,0.02,217,1,-33,OK,3/19/2021,EPA 245.7,Leeman Hydra AF Gold+,,Y,Catostomus catostomus,330,336,460,500,,
3/18/2026,2020880,NGL_MI-10588,ISA20-17,1,7/17/2022,9/24/2020,MI,GREAT_LAKES,Great Lakes,Lake Michigan,PHYSIS,FPLG,TISSUE,HG,REGULAR,7439-97-6,E-24031,152352,81962-R1,39.7,ng/wet g,0.01,0.02,231,1,-41,OK,5/13/2021,EPA 245.7,Leeman Hydra AF Gold+,,Y,Prosopium cylindraceum,442,383,740,480,,
3/18/2026,2020881,NGL_MI-10589,ISA20-18,1,7/12/2022,8/15/2020,MI,GREAT_LAKES,Great Lakes,Lake Michigan,PHYSIS,FPLG,TISSUE,HG,REGULAR,7439-97-6,E-21135,152372,80272-R1,102,ng/wet g,0.01,0.02,205,1,-33,OK,3/8/2021,EPA 245.7,Leeman Hydra AF Gold+,,Y,Catostomus commersonii,445,447,1080,1180,,
3/18/2026,2020882,NGL_MI-10591,ISA20-20,1,7/11/2022,8/15/2020,MI,GREAT_LAKES,Great Lakes,Lake Michigan,PHYSIS,FPLG,TISSUE,HG,REGULAR,7439-97-6,E-21155,152412,80284-R1,36.8,ng/wet g,0.01,0.02,216,1,-33,OK,3/19/2021,EPA 245.7,Leeman Hydra AF Gold+,,Y,Catostomus catostomus,368,,320,,,
3/18/2026,2020883,NGL_MI-10592,ISA20-21,1,7/15/2022,8/17/2020,MI,GREAT_LAKES,Great Lakes,Lake Michigan,PHYSIS,FPLG,TISSUE,HG,REGULAR,7439-97-6,E-21155,152432,80282-R1,130,ng/wet g,0.01,0.02,214,1,-33,OK,3/19/2021,EPA 245.7,Leeman Hydra AF Gold+,,Y,Salvelinus namaycush,701,,4040,,,
3/18/2026,2020885,NGL_MI-10599,ISA20-28,1,7/14/2022,8/8/2020,MI,GREAT_LAKES,Great Lakes,Lake Michigan,PHYSIS,FPLG,TISSUE,HG,REGULAR,7439-97-6,E-21155,152572,80281-R1,74.8,ng/wet g,0.01,0.02,223,1,-33,OK,3/19/2021,EPA 245.7,Leeman Hydra AF Gold+,,Y,Catostomus catostomus,444,395,1160,760,,
3/18/2026,2020886,NGL_MI-10602,ISA20-31,1,7/16/2022,9/19/2020,MI,GREAT_LAKES,Great Lakes,Lake Michigan,PHYSIS,FPLG,TISSUE,HG,REGULAR,7439-97-6,E-24028,152632,81846-R1,466,ng/wet g,0.01,0.02,234,1,-41,OK,5/11/2021,EPA 245.7,Leeman Hydra AF Gold+,,Y,Esox lucius,633,,2600,,,
3/18/2026,2020887,NGL_MI-10603,ISA20-32,1,7/11/2022,8/11/2020,MI,GREAT_LAKES,Great Lakes,Lake Michigan,PHYSIS,FPLG,TISSUE,HG,REGULAR,7439-97-6,E-21155,152652,80279-R1,47.4,ng/wet g,0.01,0.02,220,1,-33,OK,3/19/2021,EPA 245.7,Leeman Hydra AF Gold+,,Y,Catostomus catostomus,422,,860,,,
3/18/2026,2020888,NGL_MI-10604,ISA20-33,1,7/15/2022,8/17/2020,MI,GREAT_LAKES,Great Lakes,Lake Michigan,PHYSIS,FPLG,TISSUE,HG,REGULAR,7439-97-6,E-21135,152672,80264-R1,308,ng/wet g,0.01,0.02,203,1,-33,OK,3/8/2021,EPA 245.7,Leeman Hydra AF Gold+,,Y,Esox lucius,872,,4340,,,
3/18/2026,2020889,NGL_MI-10607,ISA20-36,1,7/11/2022,8/13/2020,MI,GREAT_LAKES,Great Lakes,Lake Michigan,PHYSIS,FPLG,TISSUE,HG,REGULAR,7439-97-6,E-21155,152732,80288-R1,132,ng/wet g,0.01,0.02,218,1,-33,OK,3/19/2021,EPA 245.7,Leeman Hydra AF Gold+,,Y,Perca flavescens,226,206,120,100,,
3/18/2026,2020890,NGL_MI-10606,ISA20-35,1,7/16/2022,9/19/2020,MI,GREAT_LAKES,Great Lakes,Lake Michigan,PHYSIS,FPLG,TISSUE,HG,REGULAR,7439-97-6,E-24029,152712,81906-R1,81.8,ng/wet g,0.01,0.02,235,1,-41,OK,5/12/2021,EPA 245.7,Leeman Hydra AF Gold+,,Y,Catostomus commersonii,445,374,1020,640,,
3/18/2026,2020891,NGL_MI-10609,ISA20-38,1,7/14/2022,8/12/2020,MI,GREAT_LAKES,Great Lakes,Lake Michigan,PHYSIS,FPLG,TISSUE,HG,REGULAR,7439-97-6,E-21155,152772,80277-R1,88.7,ng/wet g,0.01,0.02,219,1,-33,OK,3/19/2021,EPA 245.7,Leeman Hydra AF Gold+,,Y,Perca flavescens,245,,200,,,
3/18/2026,2020897,NGL_MI-10613,NPA20-01,1,7/17/2022,9/20/2020,MI,GREAT_LAKES,Great Lakes,Lake Michigan,PHYSIS,FPLG,TISSUE,HG,REGULAR,7439-97-6,E-24028,152792,81831-R1,21.4,ng/wet g,0.01,0.02,233,1,-41,OK,5/11/2021,EPA 245.7,Leeman Hydra AF Gold+,,Y,Oncorhynchus tshawytscha,231,249,120,180,,
3/18/2026,2020898,NGL_MI-10614,NPA20-02,1,7/17/2022,9/20/2020,MI,GREAT_LAKES,Great Lakes,Lake Michigan,PHYSIS,FPLG,TISSUE,HG,REGULAR,7439-97-6,E-24028,152812,81828-R1,58.1,ng/wet g,0.01,0.02,233,1,-41,OK,5/11/2021,EPA 245.7,Leeman Hydra AF Gold+,,Y,Prosopium cylindraceum,482,486,1080,1040,,
3/18/2026,2020900,NGL_MI-10615,NPA20-05,1,7/17/2022,9/20/2020,MI,GREAT_LAKES,Great Lakes,Lake Michigan,PHYSIS,FPLG,TISSUE,HG,REGULAR,7439-97-6,E-24028,152832,81832-R1,56.3,ng/wet g,0.01,0.02,233,1,-41,OK,5/11/2021,EPA 245.7,Leeman Hydra AF Gold+,,Y,Prosopium cylindraceum,443,369,760,560,,
3/18/2026,2020901,NGL_MI-10616,NPA20-09,1,7/18/2022,9/20/2020,MI,GREAT_LAKES,Great Lakes,Lake Michigan,PHYSIS,FPLG,TISSUE,HG,REGULAR,7439-97-6,E-24028,152872,81830-R1,46.8,ng/wet g,0.01,0.02,233,1,-41,OK,5/11/2021,EPA 245.7,Leeman Hydra AF Gold+,,Y,Prosopium cylindraceum,465,,920,,,
3/18/2026,2020902,NGL_MI-10617,NPA20-10,1,7/16/2022,9/19/2020,MI,GREAT_LAKES,Great Lakes,Lake Michigan,PHYSIS,FPLG,TISSUE,HG,REGULAR,7439-97-6,E-24028,152892,81845-R1,140,ng/wet g,0.01,0.02,234,1,-41,OK,5/11/2021,EPA 245.7,Leeman Hydra AF Gold+,,Y,Salvelinus namaycush,628,670,4950,5900,,
3/18/2026,2020954,NGL_MI-10605,ISA20-34,1,7/12/2022,8/14/2020,MI,GREAT_LAKES,Great Lakes,Lake Michigan,PHYSIS,FPLG,TISSUE,HG,REGULAR,7439-97-6,E-21135,152692,80273-R1,25,ng/wet g,0.01,0.02,206,1,-33,OK,3/8/2021,EPA 245.7,Leeman Hydra AF Gold+,,Y,Catostomus catostomus,349,328,580,460,,
